de937372b5e0f96e783ae4c7437ef5005b77b882	O  connell	White
45310c0d674f7b63b56e83ce466af1164b4c07b4	Dahlb ick	Jonsson
62c946a9df271854460c26d1a2ff05919bab2690	Lembersky	Ordan	Wintner
7a7b61b5bbaea74f499c93e07c21f172c5598261	Dinh
31fd675529208d75d8241329905ec8aa86e7a6ca	Li	Lim	Tan	Zhang	Zhang
253e28922dcface478c43fee9e33ea1137fdcabf	Kaisser
8c14c4ad39f3e006fbcdab8031ebcea808ded8b8	Padó	Utt	Zarcone
5cb655df520c00746a3d44fe3b3be48014b0baac	Lerner	Petrov
4d06669b8b13ad35a6cdadcb981c6c0f70a6fa26	Buitelaar
3b527be9f9b7ac29f18f32a8f9e9ff4fa5231df0	Mihalcea	Strapparava
edfbf28993ca31aca6a31e3f213594dc3e80cf07	Chodorow	Grishman	Tetreault	Xu	Zhao
082bcec29d021ef844736565277cfc3a0c9c3c43	Callison Burch	Irvine
02e2b6bcf6a87fef41f029b9170ab84656774896	Eck	Vogel	Zhao
55ad34fbac347503004d15ced039751b22334a51	Patwardhan	Riloff	Wiebe
f29dbbcba81529cb93f59ab48eaaefb296584864	Korhonen	Poibeau	Sun
13fdafac4063e1e053f9886a189721eb0d435594	Hovy	Kasper
6cae60d69ebc0d7feb6b50fa83f23f6a300b0c6d	Daudaravičius
4c0f871bb4c19ec525cd895e2144a4a232aa69a9	Sumita	Watanabe
bea44eadbc3e380835df1701251c6aa89d03fe0c	Hirst	Niu
92abe8c520ab5b1d9ad99cd7be5af6a0e040c84f	Chen	Lin
cf4362da2bd293cc9f92db3544d9c4c302ad07ee	Denkowski	Lavie
94a9af119df61f501980cf095700f35c2a7762a3	Huang	Qin	Thint
a03d2f53cd9938c595776dd41a62c515bd3dc060	Schoenemann
09e5678aae479eafcdf1e005a3273245894c638b	Ney	Xu	Zens
173f01d68298ad95e969bdf38824809728bae1ef	Adler	Elhadad	Goldberg
38049109d8f6ecb93d5137191d6d5178f7de50b2	Aman	Portet	Rossato	Vacher
41bf66717feeaca005a9e579652b870d1c8da99d	Brody	Lapata	Navigli
3127d3b1245a85def0f1fa9b8b2bbf4653cea2f1	Bhattacharyya	Khapra
2c0257f3781bb00d76e0eafe8cc9a6964b106b00	Hirschberg	Rosenberg
437c00d6b4e947dbd9a65458f5b86ec1e418a48f	Funakoshi	Kobayashi	Komatsu	Nakano	Yamada
a730de25ab201c3e3355d2e7bcffba44e9c69e10	Scherrer
7230405e170e98d0823ac46dfd08597219a1eb12	Broglio	Callan	Croft
7d99ad3a64a78199c2d4090c735943f1a5cf2522	Nakagawa	Purwarianti	Tsuchiya	Wakita
95142bdec8661c374aa0c1082fa560d323cea177	Cleuziou	Dias	Santos
f9a0cd1e0bff75507f0290b196c8e3eff5c3d675	Hardmeier	Nivre	Stymne	Tiedemann
3953a2c27e140ae7e20a10089cd0dd68c9c794df	Aziz	Specia
e0a199194e88f93acd5bbd6297a8faff4eb82f9e	Abe	Ooshima	Takeichi	Yuura
a541b231e8d88d701beb1608353209fd82eefdc7	Axelrod	Gao	He
c860429b2553536ecdeec21ca2192d861561540a	Hacioglu	Jurafsky	Martin	Pradhan	Ward
ad890a3ac524282d54cfde9f2fb1fe37e7912ba7	Hohensee	Peterson	Xia
bff5f0785ac1daa2b36d4a77fb8fa1963e97ac92	Agirrezabal	Arrieta	Astigarraga	Hulden
8b80391c5ab216bf904d4f015493c180db440f40	Bristot	Delmonte	Tonelli
7db5baf284deb1d71bc1934add9aeb25874036e2	Bouchard	Carter	Dymetman
935c83c4d9ca351fd5fa89a01d4afd8b868018a6	Hou	Yang
74cc22ca9eeee2997b0ecf2883b57d1a81842299	Chang	Ding
1781f7ce9fbe8bbc1840b35d0754d8d225b1f54d	Wittenburg
2d0fe2c6ca588323d1be4466d1114882ff5b6ee1	Gomez	Schwartz
dfd0b255bcf31014b1702ac4973eb11ff4cfa441	Bandyopadhyay	Ekbal	Gupta	Kumar Kolya	Kundu
8a0086ee084cdde70ff23834122edf238af84400	Balfourier	Blache	Van Rullen
07a78850c0c2ff11acf21fccca40bfcb79da282b	Carlson	Marcu	Okurowski
bf3b2f8aaa92e44244659030cd304723e2f4c2a9	Nakagawa	Yoshida
ba786c46373892554b98df42df7af6f5da343c9d	Brants	Dean	Och	Popat	Xu
8b6e063ea1d8ee1f742de144fa67ab2f5542e9f0	Crouch	Holloway	Iii	John	Kaplan	Riezler	Vasserman
f909024c2fa4545a6214e8aeadcd3dc90cfa061b	Kelleher	Namee
73fd51efd897b86f405bcbc07d10cbfbec54fb8b	Fornaciari	Poesio
26b8d6c1fe77c4b259eaaa03ac55657ca0ec378c	Katz	Williams
4ea4f6200a919451d36363fb6f5c6cbc9b555195	Ahuja	Downey
e55ea57a4d6fa1991b5eb95a0785d63c7b859203	Cherry	Lin
ddeab6770134141415e36d3f0427aea11bc62697	Beigman	Klebanov
1bd1b8e5d21727377ff07fd751d9fc8c22abf2b3	Sulubacak	Uls¸en Eryi
50a4f82ea66183c68ba5fcaf37240c860966e519	Akkaya	Mihalcea	Wiebe
f315462e88faa4c625646393865b22a4045cebf3	Amri	Gaizauskas	Guo	Stevenson
0fa6cc19d13bf442e6b9469b737ba47d3888d62c	Farkas
e654bf95adf4feacffec0c986ddc3b87f6fd7f03	Mayfield
01fa67ac73e0e1de98b5ad22cb88c48bc9d8cc9f	Gillenwater	He	Taskar
d3c020502c446e8b87d8e4a1384b59cf00146996	Korhonen	Krymolowski	Sun
f1e832d7cdb2c9a33e25752bee84771457eadde4	Bhattacharyya	Kunchukuttan	Shah
a72cadf290d5779bc9838ae1dde25e4cb76a0566	Mckeown	Petinot	Thadani
b034eccb6dbf2dbac266840dba2e5b3246867ce7	Cohen	Elhadad
124f442cac7748c1182a2187f5eb233f54a50fa6	Asahara	Japan	Matsumoto	Riedel	Yoshikawa
c516a0af72b9d524c36f7ee09589a252297b2df2	Chaudhari	Kingsbury	Mamou	Ramabhadran	Sethy
073baf7436b91607356bdf62fcfe7aa627331777	Cohen	Collins	Satta
019933f4b4b78346f9256849cbee4c30387f8174	Choi	Mccallum	Singh	Vilnis	Zheng
145472a4b1143a7a96c813991a3fa7d7325a4904	Briscoe	Carroll	Minnen
30a2865292fe1c058dd6730bc7fc23e43a440495	Ye	Zhang
b647fe7b6505fb3c1e007bd0c7f838d9a8b75d54	Barrault
56a59cdda81bc697ea933cccb727accc58577a56	Vanderwende	Xia	Yetisgen Yildiz
0a5cba700b430f676dc83c83412e4d60879fba22	Wedekind
9704a31928ae64e337a0fb6726221f2602f69c2d	Collins	Zettlemoyer
78cb5d37ae40afa70bf76089196ff35eb2fbdc7d	Begum	Misra	Sharma
ed4a7e7a45dae98461fef443a32a5fed56c92d89	Ando	Rie
62b3b3c1036f15a88c3ef04daf69997a4c7eb625	Craven	Vlachos
bd8bac63151edcb4ba44cee5f87423c382e43d66	Gasser	Rudnick
6d42e405d9b7270079eb33e228141de9d57bded7	Filippova	Strube
6ae2191a3d4736781c087a1fde68dec6f5845658	Bandyopadhyay
bde018c35d1a797380701840fdd365483458ba92	Montfort
34607b4ecec2c7c20fa9d7a7fd2c90ab0ca9083f	Baumgartner	Bretonnel Cohen	Hunter	Johnson	Ogren	Roeder	Tipney	Verspoor	White
89ec29aea244e5f81f7316c5f8d565bd61429374	Mcdonald	Täckström
110443841ae2a5466d5cdb3e417491573c0e1151	Johnson
370702b927a78128c390e10ab92a8149dd8b1ca4	Carletta	Reidsma
e5b5c820e870c25543f5a5e85c0375c35b54c2e6	Beavers
2e0264c4a6b31f1032a4079b7f259d07d13cf4d9	Kiefer	Schäfer	Spurk	Steffen	Wang
301f8346f5a5bfe34cad24caf2e480b54b1e0e32	Stent	Zhong
c108531fbf3218787cc9d779d3c06ec9e92c0e10	Chelba	Denero	Kumar	Och
63c49d77bca937c2ca94b3d5ad1443599dac280d	Gildea	Jurafsky
6282976d5df937826e5add9429ca459be32586cf	Baldewein	Erk	Padó	Prescher
7ed8b27291103b782fb735a685335f2d4a39931f	Flor	Klebanov
b87b89e95e14388ec04db38250a81011a33d9782	Mccoy	Vijay Shanker	Yang
ca7430b99b10f5d0a9434918eb65505f5c53d473	Korvas
1dfae23c8825e5afcf1c422bbad950d4b9f6fbcd	Fllekinger	Pollard	Wasow
d53308443199de889a6c4ee9c266d4e4e93dbffe	Bhattacharyya	Chinnakotla	Khapra	Vachhani
fdf4895f4c7a4df1823de277632c4ebea9f50f4d	Kiso	Komachi	Matsumoto	Shimbo
2bb76e612925b56ff2e62070a43f530490996d1f	Nict	Hikaridai	Nakamura	Paul	Sumita	Yamamoto
9b1f2e408885ebc3b1f9790d94ae0bc9c71535e2	Fazly	Nematzadeh	Stevenson
8860f4458387f6dc5a51ac6241369f6156483714	Shin	Stach
8297a2bd752836fbbf2029fa6686f2f03b89dfe2	Osborne	Talbot
3e771b09dba09603bf416bb67ccd57644e56b25b	Lahti	Song	Stoyanchev
fbfbee5fd3bbb5e1295bf04e2139f38c27c7f782	Skjaerholt
74594d099b81bfaef5a267d5df2f8da253cd3341	Feng	Hovy	Kim	Shaw
47fbc70a58e0ee760a49241f0649101a63d909c0	Chuang	Lai	Liu	Tien	Wu
af30894cdb9fcd6b43e41268a946735a5b67a558	Bohus	Li	Nguyen	Zweig
c8c5eacc0c2c2d95ae3c6d43ed1dc90e7af369a3	Meng	Wang	Xu
cb89c54521605a9957c5df86b113625c4c43bfc9	Bick	Coelho	Collovini	Muller	Rino	Souza	Vieira
d48edf9e81653f4c3da716b037b0b50d54c5b034	Hoffmann	Ling	Weld	Zettlemoyer	Zhang
9a37345e292097a3acb223748b6aa478ffc400b4	Duchier	Magnana Ekoukou	Parmentier	Petitjean	Schang
22dba0ff2f3221ccd03e92de9c306fc44dfee182	Dras	Wong
e4493e77bec26bb5a36e940895dec1960369dca6	Shieber	Yamangil
a3df63bd6b16615b0858dbcaad0cb7336fb42214	Biermann	Guinn	Hipp	Smith
15c1f61aa9ce9e5ec425c81a1794e43fe850c36c	Cardie	Stoyanov	Wiebe
0e68fc0acd86e47e7882416c63bdedc323907517	Roller	Scheible	Schulte	Walde
31cc2401fd72b8c88ca932111160a0660f15f01e	Proki´c	Van De Cruys
ce311f35e7446d185a79e9a4ced85dcbdeeb6a95	Plank	Van Noord	Van
f5e47cf3c84b8e1614d063d19d28e1d4a405a620	Miltsakaki
67164daab7e6e01c378979acacc41f94d9492de8	Eidelman	Harper	Huang
071da05dfa9850ab985af282633a051831023224	Duan	Ecker	Franz	Horiguchi	Koontz	Uchida
739015190852b999a44b346663ec22e523526c9a	Che	Liu	Zhang	Zhang
7b87b82cfb042854e6a98d63c699f6b32d9f40d3	Packard
e55e5df3dd48e913d9c2a1704a5c1bf6d8e5ba1d	Honavar	Tu
37a0db4cde26750ea0b062112eb83ed8b8822626	Jansche
eb427e4f1de261d3a4404c3808a671a74827baf9	Horák	Smrž
257cedcbbd78a9bf281d758a3761f897a7a73f1c	Jiang	Liu	Liu	Yajuan
7003d7252358bf82c8767d6416ef70cb422a82d1	Baldridge	Bird	Klein	Loper
56a6af937507bf1e8a4d4089c01272c73698c8ea	Erk	Padó
804001113f90f7b88a97e4f65d19bf99e351ab36	Fleischman	Roy
a7102ea0bbf675d18d6a6bdac261e0199b7f7274	Callison Burch	Clark	Durme	Yao
b8b267ec584d60140247dfd313bc57a134a5367b	Choi	Goto	Kim	Kim	Miyazaki
db22ce6894d2319132dd9a465262bd65f99c71af	Escalante	Juárez	Montes Y Gómez	U Villatoro Tello	Villaseñor
09b93e5ac95647dabd3397b1883dacb4469352d3	Lambert
8a80724ba549af1b239206955954ef7f452c6b98	Dyer	Heilman	O  connor	Routledge	Smith	Yogatama
2fc7071017c24ad34f0bae77117ee734d90f97a5	Flank
960597a6ac49a48ec493442de2027b0f389ebedd	Castillo
1e025c119bb760c5bd80f792b598028e5da9a304	Sornlertlamvanich	Tanaka
404a7bb70a535de4ac3edf79543f00293523d486	Devault	Leuski	Sagae
e4adb6ce787ffbab561bad6484130e7d0b3b3797	Sahakian	Snyder
d18248c0b6fd887b795be11ff53a8265bb29d62e	Hacioglu
ff682d0cb5dd6e85458203096c2b5c9d9cac390a	Kitsuregawa	Yoshinaga
67fc65e8957dcd949141ad75ef19c10ae5fd8609	Costello	Kelleher
718163af9b535aeaf38568ceb55f75d4de55acc9	Mulloni
37ded3193329e89229529ced271034d15ca04d4c	Baldwin	Kan	Kim
3a70bda2ea5764774f89ab5432e82a2e03f07a00	Jun  ichi Kazama	Torisawa
6a547d8629589c21ba85ff9182f255fdd6933e67	Frank	Roth	Schuldes	Strube
ee2f956b0e5bd55b8b4bf696aa50a585668b4906	Alexopoulos	Aufaure	Cuayáhuitl	Dethlefs	Gasic	Hastie	Henderson	Lemon	Liu	Mika	Mustapha	Rieser	Thomson	Tsiakoulis	Vanrompay	Villazon Terrazas	Young
f16c0699a873b0209a370e8e6301b0189785c614	Briscoe	Ghahramani	Vlachos
e60e0f402a6c0f275477a8c83636d76fae069b56	Geeraerts	Heylen	Peirsman	Speelman
217f56a75f5484884f5f1fe3fd24cabab3c6926a	Cook	Fazly	Stevenson
5c1c6c06f95944b819651e62042c6c1be953c580	Chambers
3c1d61591b8d1b80e6126f3f2e286f5162471156	Marcu	Riesa
31e43eb5d49824963434b4c4c9047cf8e37e2b5c	Brown	Frederking	Zhang
685577ccc5677d651eacdea0cdf6ef2b51e64766	Moreau	Vogel
c806a347a16c389b35534ddb2d8ac8826d4bd258	Crego	Max	Yvon
ad493769d37e41bb5d4ac1e04095a5abd14419b9	Asahara	Matsumoto	Ramírez
6d3e1c2db206d54c91e15f83f46b07a6601fcae6	Candito	Crabbé	Seddah
e672186ff80682e97fb0882fc5aa85e8c9997d23	Byron	Tetreault
7449d140d482ded6ad2825d461aa8933d9331dd4	Boz	Broadwell	Cases	Cho	El Liott	Feldman	Liu	Llc	Shaikh	Strzalkowski	Taylor	Taylor	Yamrom	York
c0b353701dacd7869bdd42809635f068acd6f50c	Cai	Liu	Zhao	Zhou
09bd7a01202263a130bc2562452feb31b92d8389	Foster	Hollowood	Kaljahi	Roturier	Rubino	Samad	Wagner
f11be60b2a822e1e20d3d2224245c4222f5ce176	Huenerfauth	Lu
c57f5103ab0268278f5cb1e62a9c7ad8ed2f4e93	Habash	Marton	Rambow
1fcd3ae8340d3eafe059d7018290f3c47d6f9a0b	Federmann
a13743237e9d8b320baebba1daa6010f82991ea4	Lascarides
b444082f5253ed489e2ce1f905971f6bb413cf0e	Allman	Beale	Denton
9b7696b69fb61994daa83e9e089b60fcefdbb234	Akkusçomputer	Akıcı	Ruket
b4943e859d7189933f8ec5dd6d219fe538a3f895	Choi	Park
4352bbd2cb56e659e3fcc148d998976a5e933f35	Hladká	Urešová
acd9c5d7e4e0fb20690644fb5e8e18b0581f2c20	Cmejrek	Huang	Zhou
13f235c1a14e3843bf880ff8b59ba6a8adf015b6	Fukushima	Ohyama	Shutoh	Shutoh
c0fe849601a791656398f022237604af2390d511	Yamamoto
25d2151c57a7ce5b1a615d49014a2ab6d7320886	Gao	Li	Micol	Quirk	Sun
bc0176c5dcdeb1b1ee2680e69eb52afee3b0b4f0	Turney
ae946b252bf1d58a906935f2f4a8bb7fb9e441f2	Buck
259918795730b7d7b041582ca038e241b9a26ffe	Appelt
eb46ac0f13f8c911588459b4eb7da2538376873f	Stroppa	Yvon
4df1de025f9e93b676182cac8db9fc0d41ad0de1	Luiz	Mollá	Pizzato
6d8c40ace9cb9d79680815950144bee7a0555a02	Huang	Xun	Zhou
bf316e912f7971e8d4bce2cc2eb01c96ea2fe1ec	Hogan
305e36058fdd758981e566739446625f2a5ed1b7	Cook	Salehi
26b673b827d52fe38a65792d1967d50b9f1b8382	Andersson	Nivre	Tsarfaty
af4b7781cfa6d0aadf2993202fa9b31fe5b5e846	Aizawa	Katoh
c778ed6a6b4fec4a4baaf7815db60b88fc31cb44	Brew	Schulte	Walde
5ff9026c254d26c4c66c3eebe793680c2e3e8921	Carreras	Collins	Koo
6b1e751720599a562ec99e112193c5880cb3aefe	Chang
4263524239c86acee08d35136d4f14639b911e85	Smith
df80f15ad8f6d5871b9ecb7b4d8279b29ae340ac	Harabagiu	Rink
0b025b96ee557d10cd43415740058ac751cbddbf	English	English	English	Matsoukas	Rosti	Schwartz	English	Zhang
c2587d65304d8d4836a4c2a1a287968005ee7eed	Gupta	Ji
6fddbed091394a6ef4360efdab1f746a67230e1b	Matsumoto	Nomoto
38a24b5978f49e3696bfbc35ffe1d7752a9afd06	Sankoff
5209c6fb3efee27cddcf0203628c41776e42fe4c	Penn	Rudzicz	Zhu
b4f230a88e09bd1d577dee8a225d1d3863d99a3b	Purtee	Schubert
8e216434ac6310f63c0e58515dd637c598b60042	Dinu Octavia Maria	Dinu	Liviu	Maria	Niculae
f0f0489f8b51cfcd55f69d285e4792628a596d08	Copestake	Flickinger	Lascarides
2ae47a1578d57d49f66fee6cc2bc5b7734bcd8b8	Kovarik
8640e3ff4f7e0422ad0e6e58a5b004a804b05c1f	Lewandowska
f760d1987c63d747326cc77ee2fcb6028781c888	Branco
41c65388fc3adea3dc51f7c2997fa1d1586649bb	Androutsopoulos	Malakasiotis
adaeaf18fc9da2dd49695059755bc959342c2325	Gambäck	Marsi	Moen
15781aa355315f5b088fb58a2447ccc426f7b01b	Clinchant	Perronnin
c0e2e16aae101561680b392acb3a5cf27bf2b00b	Ostendotf	Price	Shattuck Hufnagel
54335adc6cf304887ef9bc036927acc8499fecfd	Piwek
7184db4238779908a890c71f2444c7037df79ce0	Cooke
46e06cf27255dedcd40a99751dbc14d7fd44f80e	Blunsom	Cohn	Dyer	Osborne
c64333c7c770dac91682aefcc58a432ee5bc2d95	Ng	Rahman
f8783de1f6831bc29cd273f1f1468f21ac94e954	Blei	Cohen	Smith
3aa02a820ac94bb9387ab1cb6e00ce9aef53aa2b	Baldwin	Lui
fef2b30e20c613a233011a4306362e61c082c475	Sekine	Shinyama
b75f401d4dd8b51cb09c4ae8045c3eec61161da0	Klavans	Lippincott	Passonneau	Yano
a12e9956603de945071f18fe5dedf0648fc0783f	Charniak	Mason
c6db8225161eebc2f2f8c7f5c82a1a12efe48ce3	Lok	Miyao	Sato	Tam	Tsujii
a04b4aab78f1b8a3c2e9420167c12c293dd1b1ef	Hoffman
debae263811ca372354533a6ba7913061148f4c9	Dasigi	Diab	Farra	Habash	Roth	Tomeh
3aead3586252eb53754204662f219a033dfe6969	Wu	Xu	Zhao
e694fff394731ffa762d4678723c574cc09ea698	Nakano	Shimazu
42e085ce92ffe63313690439a71fd52752eccc24	Graehl	Knight
f0196323951558f251a36479d8a0a310658eac4d	Agirre	Clough	Hall	Lopez De Lacalle	Soroa
8fab7603c7fafde03fc3e98e88322b6d5c43b6b0	Chan	Ng
3f7f6a5a990fc10a5b78d19b4967751ea1a7bbe6	Hirose	Minematsu	Novak
ac0f1b39452bef430b044434b91f8b0078941b1d	Megyesi
bad935dd6f10d038e462bea42b5d5f9dd0ffcf19	Ha	Hanna	Smith	Stewart
19b27d9433e52da20e0b9b347f96ae59641b6671	Mckeown	Radev
0222b108dd18431daccec3f4e1b038fac8f0cddb	Diab
e1e3ce99f3230901339bd528ada5f9b7bc887f23	Allen	Traum
7517b34c903ff244057c70e0b2aedcc8d13352fc	Abney	Fossum	Knight
ee0488ab9599529ca12d66598522d14e2ef585cc	Evans	Grefenstette	Qu
ecdc95111b0cb8b095ad531b4c3ad34d74c96651	Kueng	Su
b9e52692d981607475368f68a304f9de420eb74a	Keßelmeier	Kiss	Müller	Roch	Stadtfeld	Strunk
65096adaeaa121025b4b5cba021e65b31f3c96b7	Cramer	Finthammer
0644abb773c422eea42561bc8b9b5de19ef44f83	Dell  arciprete	Zanzotto
336791de77be89c9b653ec28cd88a71775c03596	Gali	Joshi	Sangal	Talentica	Venkatapathy
324731791726745ca1b9005b53291b8d3d740256	Hinrichs	Ubler
4ff4c46e9dec9e58ab2a775d1f5c46006c5b9eda	Jing	Mckeown
471986880bdc1ce94e6e8120cb81403c2b3fca18	Kouhestani	Moloodi	Rasooli
08c90e7d935af30f6f60edb987e99ab073998712	Pon Barry	Shieber
e6aef043a873d32106129b65ad3a180cd8a5fda2	Baird	Crawford	Crowell	Micciulla	Reckman	Sethi	Veress
6ffbfc01fd25546093d1f1953522d782d4e7fa8d	Lavie	Sagae
87ffac5812e93588fd322e928296b5874052dbf3	Korhonen	Sun
ff4157222432c0f566a528a1425648673e9057db	Chang	Meek	Pastusiak	Yih
3c446205d80d7ec3db88c3a94bf78c7348f1126f	Bethard	Corvey	Klingenstein	Martin
c03c806d3e38c4ef0450920deb3f17d3905cbd91	Isabelle	Kuhn	Simard	Ueffing
9fc06a669eba2dafd4e3603de6e441ca9825d44d	Dickinson	Samuelsson
a6b58646dacdde04c6d5594a986d2241cc60d11f	De Bleecker
e8f87361638e60af85c7a513d832ac052cf1051f	Grover	Grover	Klein	Klein	Lapata	Lapata	Lascarides	Lascarides  ed	Uk
7d6df94c5ce1a5db365dca5725844e90add55587	Messiant	Poibeau
45d5102e328281c668574e25b6195f1eed72767b	Bose	Choi	Feng
0c307ef6930fc80c14199fdea46b269aa329dd1f	Joshi	Sarkar	Shen
107c0ab149ed8c34424463fddb1bce40f65f4405	Langkilde Geary
3eb6684de116233ebecf0aa59be5654621313a49	Fallucchi	Korkontzelos	Manandhar	Marconi	Zanzotto
799ecca00f5c84c179d9d05b83f726591535e522	Cartoni
f5b59454dc8c76ee3531e29df26d041dff5dab03	Matsubara	Murata	Ohno
8637c71189002623f96b7527d1f1dcde9c7c4dc4	Elebi	Saraçlar
c18f7e91ffcaae7ac2b57a8d4779ed5c19e59dad	Bikel	Chiang
f5e8d00fcef8fbcc4e2abffb1b545984416bff9c	Foster	Langlais	Lapalme	Nepveu
0c9427a9c339b7c11a03d196d8c4035b84d6747f	Gildea	Liu
4513ade434ac24913852d4fd74e31b91920f8029	Herbelot
2e174c368e4c58d3cf9e792c1c778621ede39a09	Ageev	Agichtein	Lagun
d60d3a56e44a96293f7bcaceb917ff65b317adba	Harashima	Kurohashi
6390ae400a61ff367e4f4778a1cc7bea3e24561a	Baldridge	Rallapalli	Roller	Speriosu	Wing
69672bd4dd4dc0155f9deb0e48e555fc42b7c744	Kaljurand	Rinaldi	Schneider
49ee14e1ccb0cda702f200ad006ccdd5a7b41111	Hovy	Hovy	Peñas	Zhang
77727365299413c51d85a0a7848bbcbbcce824d4	Burstein	Lentini	Moulder	Sabatini	Shore
53951c899c0aadd726f79c1b98706f958a199ea7	Kaldager	Steinar
8ae3e7c94bb2737a5ce806f887b8b62780c7ff29	Goldberg	Zhu
f981ec0efe639c2eedfd59771fb024f233bdbc24	Le Roux
eea153a25d849bcc3bccbcda189b448b500cf445	Hirst	Inkpen
257f0184a7f2be67e066c9bd57c9c10ee5ff4494	Bilmes	Ji
a8c74d482809ca8da4c406068d2f3d466ffba730	Darwish
4376c9712bae2979b7f338e76d3135eb5142bda9	Heinz
2e5b428cc51d93201ac74afc6a645dd9133bf26f	Marsh	Perzanowski
20e2934054ef99b448f3099fc9c5488d30ce1468	Dagan	Marx	Shamir
bc39d073f922d56d89b26c6a5f7827094a8207df	Perry	Shan
6dc34b3e1b54d71ee61bd8cd12081f4ebb324e1a	Mann	Thompson
bcb6776fe81d5edf45c24a4ad1ed640e174275fa	Connor	Fisher	Gertner	Roth
12cbf917b9ff1d6927555f74203c9b656e841d1e	Bojar	Rosa	Tamchyna
67fcff21f14b0fb87b40a37c4f9fac6225ad35de	Lee	Pang	Vaithyanathan
c384adddcad3a017f8dad14c9847dae0e6dde323	Cohen	Hewlett
e70c43609f6fc78acf5c981bcefda2dab1576b6e	Blondel	Boutet	Martel
f2f5f11771b31a20de7cce70980df3d104fa8775	Giuglea	Moschitti
d6d89b2e7cc31108ddc9cf90132a3c3f58f98268	Condoravdi	Karttunen	Nairn
835571388c1415ae2d039ce34a9ddc30acde340f	Collins	Rush
b7e918806d84412e791a479eb7df05ed1b06ba76	Agarwal	Biadsy	Mckeown
c0e81dc20135416d05d0c396c9fc95bd953fe8d8	Dorr	Green
d7ae13ad4d1383d4af3ba2feb54bdda1a00ac861	Kate
fb5da2771062b203fd79682154f2a3293897aded	Dinu	Lapata
ee5af3ea5cc91c966b8ef55f81f2d9f27600ad87	Sim	Smith	Smith
a8b6a53b46125483891d27ca6e2ad2f353b6a26e	Kirchhoff	Yang
6e83aee94515eb435b4f29d55c12c8c0087c289e	Cysouw	Mayer
bd04d5799a6e6aa7a7bd4474f30d30443f36cdb0	Miller	Teibel
c27c93b036feece6d0fb070228007b7a912654f1	Bracewell	Hinote	Mohler	Tomlinson
bba3d23669dfd15c24c3094ce52daba3e55fd427	Blandón Gitlin	Hauch	Masip	Sporer
240f279000e08202212b2fa21aa8bb3ff398b225	Fung
8d1d98807843fad7de1734629edb0c873015c14a	Mcdonald	Pereira
d30e9330bf14776baa7557c6ca50861c39d2bd4a	Mccoy	Vijay Shanker	Yang
4d47cc69c22a703cc0c3660db3273b123cf6db84	Hangyo	Kawahara	Kurohashi
1aacfbd5dfbdfbd65fe5ac1a7c2a5203ead032fd	Greeve	Koppermann	Kruijff	Zender
efbb059570f42bbe8e42d34d02048cc80f0be881	Gesmundo	Henderson
65e15aa9ad61e568a54857c9a7362ee0bc7b6d88	Kit	Quan	Song
5c3547fc46664dfeb021a844dc1f1a457c7e5cd8	Elmi	Evens
d4080401492905275e6faa12ef3adafaccd29203	Eskenazi	Rosa
657fa0e42afe60847af6b9dd5b5d14632e8793f8	Blaheta	Charniak
78293ddc35876972f788caf7add2a032f67faf56	Op Den Akker  nd Itugo Tcr Doest
d9b25549ed06a399b5707808a32387b81b318a15	Hulden
2098470b7d21724fd9d9d828e8c3cc0b399576a0	Hobbs
9261047210c8a5e9c89b36accca3ba21c6b122cf	Ma	Mckeown
47f5f99242a57491d5b34f5df6606ca6bd5c0fc6	Chen	Hu	Zhang
4d8279d1a4a9e892c1b9f7e22df7bf2d300e00b2	Marcinkiewicz	Marcus	Santorini
87f09ba5b9fc91b2f0ec90406b41fdd26359b812	Hitzeman	Poesio
ebff2e4bf235e2633a1bafbefd5e611f67eb7f2e	Hall	Havelka	Smith
ad2d4ae7b81851242a91475d958793c8809205c5	Fan	Hecht Nielsen	Means	Nemat Nasser
8f7737359a20babdee1f3b383a31585b4bf65ce1	Ingria	Stallard
f08bb0e4abf9cd758730a248e45136daec1df8d3	Chen	Huang	Li	Peng
17ef972818a3a6e95f07334f4fa30cc8f093b82d	Baumgaertner	Fernández	Stone
660117e7c89692376f2cf7513386ff6026c794eb	Lee	Leong Chieu	Ng
1d96469fd34319bf5ef7761fdd8cd7f9a8c7dcbb	Xue	Yang
a614dce63eb4e7799c20ad8cded57cf074f250ee	Foster	Van Genabith	Wagner
6df7e80d9df96d8bb1acba776e9e7e3f0ea5a781	Pas¸ca
b8db880b8b534c1e022915c9e568933ca9e689bf	Chen	Lee
8418f8a21b9e8299b097564013f6f65d6ae3e29c	Chiang
07d4fb5ef7555b20cdeae37b6a6c51b0852e5846	Guillou
0f2d98a088d555c3f4fd480fee86e214174ed0be	Aonet	Gorlinskyt	Larsent	Okurowski
9c6618a83c16567e5e949b22fae48d36269108e8	Cruz	De	Mazzone	Plebe
7307a189565aa6fb98e532da61fecc23f2d3cb93	Litman	Tetreault
2719f7bb6512f647cfdf5258a3795edc55995de4	Mann	Yarowsky
a6349582257d500a6b07be09a1ecc5b5ff9ed06a	Chowdhury	Faisal	Irst	Fondazione	Italy	Kessler	Lavelli
7a5b3d20b437c73fca5d6a2cd3c29f0aa7cec710	Rasooli	Tetreault
24eb97792a7e2c7cdffa01db3c1414667833b52d	Allan	Gupta	Khandelwal
a877ccea302725880a0eee16d0f9f27e045c7b5d	Cowie	Guthrie	Guthrie
226966243877f186d346be01047cf71cee1b5ec4	Klein	Liang
a5282f729c3b018d5b3326fa8e56ac2421bfe172	Curran	Merity	Murphy
5ff938ef23c7a395993f309dffe43ecba4ecdec9	Williams
1b5ede36a88469f43ba690895315385281731bef	Belz	Reiter
132bb9dd928749af370a87ecb939bbb0b05d7aff	Evans	Tong
07e8cae9c12b2d692c0767e04254e3793765d8bb	Aramaki
cfa2bba908c93b6975827cffde4850fc20e48c06	Linden	Martin
f190e98a00ce05acbfc6520e4084e94fa12f0b06	Constable	Curran	Honnibal	Ng
a00cdaba2eb99a324284ba9f915572b6279cfdb3	Collins	Jaakkola	Rush	Sontag
3a3b3925f2ce7a8ab311f89f07d5bd96742a4f4c	Eskenazi	Raux
09e941ab733b2c6c26261cb85f00f145d9063b0b	Hovy	Lin
28a418253205fa24ac8d16dca0ef9c8ebac3beb4	Hovy	Kozareva
56769bc41e6bcc04d8195256b03ad7bf8652b1d6	Chen	Wu
957ba9a5696b048decad630126242b1a3415fc5a	Bederson	Buzek	Resnik
c9a2b4d3e6111cbcf8422574c260878c820c7887	Bensley	Hickl
97581d3160730105e5dd48551d893085eb3816dc	Haddow	Koehn
940d4df05a90c0b7b376f61b483c123600d39629	Christensen	Domingos	Etzioni	Hoffmann	Kiddon	Lin	Ling	Poon	Ritter	Schoenmackers	Soderland	Weld	Wu	Zhang
9f576b2f26b85467606e1f6ade9335b5db4d8ec5	Cancedda	Chatterjee
5d6b2844c17c4f2e7d4c24411eb619073223db15	Danescu Niculescu Mizil	Jurafsky	Recasens
457c6047e2710feba5ac901de97a458e64ce4b92	Cardie	Choi	Hancock	Ott
5afe9a3e3a7bd1f863c96fb3df00b8af95d2a4fe	Sokolov
24e40ccd96a54126ba544b2afe93df7294168608	Mcdonald	Nivre
bfbedc68f63ccc66c1b2979c71f95748f8d745f5	Jokinen
35cf49870c9a564aba4ae6f69c1f2ac8878f1f8f	Sasaki	Shinnou
89dbb817c06ff29bfc2bc9790b1a7af23374aa11	Lobanova	Spenader
163396f0fcf123f0c6528130dcb54817df028b7d	Levow
feb081390cd35b662357b9129c600e01e548f8cd	Eskenazi	Litman	Ward
3b472466fa64d59d0a92fbf6ba89c83707884cc4	Dubiner	Ponte	Popat	Uszkoreit
cb59fada125478c0302c6874aa13a83ab0ac62f1	Echihabi	Knight	Marcu	Wang
64887b841f12d71e1385bc792fa4126a7b97db91	Lee
63d8f9aa61138c2225e51d7360c2a1b4feac5831	Ytrestøl
5b31e43f8b0490779d8013e0705ae4df8f0488c9	Pereira	Sha
0e429a43ecc59535aa0c447361c6b0ef0b9f2bdb	Roth	Rozovskaya	Sammons
bcd6bcc366afb3ae98d4ccb3566eceb216c145c1	Hassan	Sima  an	Way
3e6b5ce2203feef292783b3bfc2bf1011a796ffb	Gilbert	Mcmillian
28a83e50b206512ef5712508ab020078fd1a144d	Levow	Matveeva
5af106bb70fba129d2d5511a192003e9da2b56f4	Sun
fcf00320b3fda525968307efa08d2a6882d4ceb5	Goss Grubbs
fa4858eb7413cab99aeb653665a53b5eebec1e7e	Caseli	Das Graças	Gasperin	Nunes	Pardo
74305a6fb4b73f4faa7e6ba12f6b64b7581e79d7	Gatt	Paggio
2d30aa623fd96da99a16c0c3bde73f50c92a5c42	Church	Gale
7c09296d1e4f2956d0b86af83c41cabf5b0a4980	Berant	Dagan	Goldberger	Melamud	Szpektor
aec878ecba20af946a61f4d3bc4193338d35887e	Huang	Riloff
9b0ac12c8db71ac501dffcdbdbe129f96c7285de	Fritzson	Nilsson	Wirdn
56e650eee11956c2d95db454c0b1ce04837a9f3f	Callison Burch	Ganitkevitch	Lopez	Post	Weese
1d358588e5cccd75d9290dd8ab669e85b43441b5	Knight
86b3caccfd94fad5a6f984b6d31667f2b6552e98	Denda	Itoh	Kogure	Nakagawa
b7971672c12f60063923bda798833bcbf3f6801a	Moreno Ortiz	Pérez Hernández	Ángeles Del Olmo
8e3fd10c08c36a930abe54218d78f20d2a87e888	Joshi	Schuler
a877c6ce4daec0721e0d2f226ebe8e27355835da	Dredze	Gormley	Knowles	Snyder	Wolfe
37aa36f45cb9156213aa37225379ee3ecf50f3e2	Chester
5cbd8381f1cb1358d9ce599e9f1383747839e712	Hanneman	Heafield	Lavie
c407adc375a5df2975f88e8c6658acacbe08a97c	Arora	Nyberg
56dd47ee5d7d6072e970aee05018f504c8c5fbf7	Carroll	Koeling	Mccarthy	Weeds
c1d009cae25b0d5fd0e0c2268df00006b9450df0	Barzilay	Globerson	Zhang
fe3cb0c53c526567e18569dd3c9fb3e66f93ed85	Callison Burch	Rao	Yarowsky
d3e5c17d9a45b00d1923d256f3fd607553ce0231	Florian	Yarowsky
92266ad5bf1aba1257053d805df40a599fe99205	Alshawi	Ringgaard
eb29b0ade1984b8d8bc605f506a8f6dc49893f94	Mccallum	Singh	Wick
89e7b978bfa643380360ece500969a34f686b71e	Banea	Mihalcea	Wiebe
546de45c614bee7626a00ab18c7ff68a5d77d6fd	He	Wang	Zhou	Zong
b3d24934b4f7facd35a506475561a0f1e185ef82	Gonzalez
de7bdbf80c80831c9df8b8f82dd002fb91bb439d	Preiss	Stevenson
38d9600c4bfd2acc89f6c3df73997fb1c9d8ca13	Alfonso Ureña	Buscaldi	García	García	M	Martín	Molina	Montoyo	Plá	Romero	Rosso	Segarra	Suárez	Vázquez
18d67be0211180dbfe79241d26635e3955fa5076	Kimball	Ostendorf
20c4d88b1b3bbeb382985166b8fa267440197ff8	Annesi	Basili	Croce	Storch
d7a753b3b733cd098ec29869a09032b637096af6	Crysmann
b86f68f8eefefb8224064e0756b1850f8871415a	Cohn	Osborne	Smith
aea11378ac0d9a85e5278bc92bfd39a682eb0613	Barzilay	Benson	Haghighi
36b2c7c4b8392fb0346bb48fcac978375b0b7718	Broeder	Nathan	Strömqvist	Van Veenendaal
f94161fe0672a74e5088d8f67491af28b2949e9f	Mooney	Wong
e55a4a1bde215726969313368afcdc1d57777034	Anand	Reschke
33a43c9534418a4e0fbd8fea80b33c43883759a7	Augenstein	Blomqvist	Ciravegna	Gentile	Zhang
9aa5f1ab2639547063190ade80fc52407c3f62a8	Ho	Le Nguyen	Nguyen	Nguyen	Shimazu
7c3a4683d604ce7932c0719391b0ff2a26f05253	Sekine
57a2a5be0cd72cc00f5def2e1e67ed4f2bf63fe7	Moore
d0eed670a33bbdfd21baab0209e5e1d5f4f49742	Krahmer	Van Den Bosch	Wubben
28fe44e8fbadfda7e225e0fa67b30fbb2119e5c8	Kahane	Nasr	Rambowt
fabaddd152d047cac54f004d9103b5662bb843e3	Pedersen
b51f7b859b1583bfaddb0dc55863fa29d4daa43f	Gertz	Strötgen
a1c9da674d8efd88b650ece67bfbf1143f81780c	Werner
d9da9be266b1739dea7691302dc7eb4d33677802	Clarke	Lapata
d13807bffb74f898c7d8b1860002d2cb0449f68d	Li	Sun
e087da86cc4856cf8120349308c435bd83faf744	Goyal	Iii	Jagarlamudi	Venkatasubramanian
c7801a6e44c1184937f8f72e128cad553c5fe6d6	Sloetjes	Wittenburg
b9c20eeb97baa7776f60cba2708a5ad4111c53c4	Markert	Su
837c2bf28887fc1a00e1b1148e5df748809da242	Gildea	Kingsbury	Palmer
3fd6bd972712425bec0db99c67f624791240317c	Brun
a28c6d792e7b97eb74e8f5fa146343bfa7e46fc8	Boguraev	Neff
bb40a5dc46670721a50e91f7cf5b04cab3efba97	Iirgen Wedekind	Kaplan	Netter	Zaenen
35aa29cd9183fca6ccd7d509500083c7fc3a54cf	Howcroft	Nakatsu	White
cb783b86593baf30cd30fe054f557194e760eb47	Gurevych	Matuschek
c2dda9481c9b8c4731e79501b2febf7957efcb05	Strzalkowski
cf42f1c29cd54269f9e38cd281d510bae11fa111	Qazvinian	Yih
c73cd47ff738d39520703ede9f5cc2969f4f4bc2	Sennrich
dffcba6e7cf2f680bc39430461bc188338690514	Berglund	Björklund	Drewes
bf0fc4a7a5ccf51aff40630c297db61d3fb0b50d	Jacobs	Krupka	Mcroy	Rau	Sondheimer	Zernik
13e22d15451a25ec753bb5706d8851316f3ff878	Evans	Weir
edc5e6f85dca2dd16feed457c87ff6b83bf16508	Björkelund	Hafdell	Nugues
bf9ac5bb2de6f49b5cf076cd51bd687fbf690f19	Chang	Clark
a2723c779af606521398d5a47e46b415f7179c06	Giesbrecht
af9c5653efb9e2d08c23cb26c7af5e5dd1f50e4c	Annesi	Basili	Croce	Giannone
794e03473140760db0681fda938fad93e6d159bd	Gamon
941859fbe315c85cd13fa00667f4a83f7f836797	Pianesi
5d97c0de30832d5e828c4b779f99b0d3f180727d	Lefebvre Albaret	Segouat
6ebf5edb5a43ef197c4e3646ba4c3f22dee7be34	K6iti	Masao
c2b3936844c0d340502836b47aa4a6c11c133d29	Crystal	Fox	Miller	Ramshaw	Schwartz	Stone	Weischedel
d895647b4a80861703851ef55930a2627fe19492	Blitzer	Dredze	Pereira
927ece71d6bfa0789ba1eea2c215c9afb90f0dac	Roth	Yih
139e73218407a31b62cd008e4e819a4ff7d6d700	Blunsom	Wang
9eddfa02e821d664c0d9b5afc4c1889d2b0ca40a	Siddharthan
ad78490de7a38121efbec732de3640bb60896fa3	Kirchner	Nuger	Zhang
0410fcb3ab956b19641127d9905dc34762e45fa4	Hsueh	Moore	Renals
64b1110fa97c099b1c8c0784013c79f1ade490a0	Bi	Lita	Niculescu	Yu
a4d32e742db4fe7a04408428c3e5f3bee7f7f3d6	Gardent
167ad306d84cca2455bc50eb833454de9f2dcd02	Auli	Galley	Quirk	Zweig
1a48d77b45824cc1982abfa7750f84f3079e930b	Chebotar	Ferschke	Gurevych
ecbebc40b4eba1b3660c951ea99376dcfcb8b22a	Chao	Seneff	Wang
bb51be4a096abc42fe00e89d97691c0ec17fa7a3	Jiang	Zhai
547f23597f9ec8a93f66cedaa6fbfb73960426b1	Baker	Fillmore	Lowe
bfc4d37a491f0aabccf83c0a85c390c127c37c02	Han	Hedberg
8c33c90083c9bd32db350b1910a616f9e52d7d16	Jagarlamudi	Kumaran	Saravanan	Udupa
3d5b2bf6944104756b78fcfc94264e80d0ab1874	Hisamitsu	Nitta
922786cedd9756cc598bf6569a455564e1a3dddf	Manning	Mcclosky	Surdeanu
782d19b7b07c8cdab8174a0c9b2b0a7e28917d6f	Baker	Berkeley	Fillmore	Lowe
5051e54af8c0d6b84f8459c57d55bd19be9f0cee	Church	Gale	I
aa7bfdc7638d93607d0f881b9196cd8f489b39d2	Densham	Reid
842d01a781669143ba8b0b20fa40a81ca9f04901	Akiyama	I	Kameda	Makinouehi	Model	Prol	Sugiyama
1712a1fe73876f43b3637ef6490b57fae98e7b54	Callison Burch	Durme	Ganitkevitch
c16eb0cbd2caa1d9c85bb365d7ec3aca9dc6332f	Amsili	Bittar	Danlos	Denis
3fcf5ec992c50ccd27d04a5e0fb5d804de1f8da7	Flor	Klebanov
727522fd728d15403ab49e42abff5416447c5ca2	Knight	Koehn
17ea4e556449bf78e7714f0a0d1bcf4195774b32	Li	Wong	Yuan
f8f92f791d67883f77525c5aecdb7b10b3488b29	Hadiwinoto	Ng	Siew	Tetreault	Wu	Wu
6a6cecd75818f15e9814ea7bf137897638dc7139	Boro	Ion	Tufi
1b294f3ce78a9fd65b288cda2d0d9f939ad1cf9e	Demner Fushman	Fiszman	Goetz	Lang	Rindflesch
4dede6ead7ba5c85c6ce8d6a0bc53a8f9738a782	Curran	Hall	Klein	Kummerfeld
38a3225d83685937c60a3b4d80804f5a5c718bf4	Haghighi	Liu
5dca2add5635d000560bf2cf7c840a90600a860b	Ferraro	Widdows
cad50bc232c4f1577c52cb06ebc7109892da02a6	Guinaudeau	Strube
abba83b5747e98d10ab982df9ae94cc799668f16	Haghighi	Klein
3f40a9564c3b45930a5f6b6db89d02ff1b8cf4cf	Koeling	Mccarthy
7f287b5798a86e7a2194bde6611a884cc179c25e	List
dd2c59f6b8a99cd7b0d593b9af0e889ec23f6312	Gerstl
f25a31a8fdd1e614d03aa2936faa9c655cc49613	Korkontzelos	Manandhar
23c8d01e1d1488f91683f1e95988091ba6bcd68f	Schiehlen	Spranger
58de2e457b0f664e6b2205614350fb2a987e74c5	Saggion
2f0ba3763db6159da2a3186dbedf7a48d4df53b0	Loftsson
886d4ead88671dc6919831a8a0cce558aab9db08	Chiang	Su
0e5f268a5145c3b6bbb9ecb1423c21bac4262df7	Dannélls
b92309d04f439ca3625feb3bca38db57596f6948	Moschitti
72bdee81abf5ca5f88ff66e009ee38af866ca2dc	Dahlmeier	Jun	Ng	Ng
5869a922845b680fa08ac2f6883188196e5c595b	Marcu	Soricut
93eb4f5317f946b7691dab7ef1af43882716f812	Durrani	Fraser	Schmid
a563c6f1564b1e6d1a643c544379abf5069f8000	Dahlmeier	Ng
400d655c146e5452d1776c468781d009cf7a3c1d	Akkaya	Conrad	Mihalcea	Wiebe
103f2878d3570fcefaafb7eba91c3b7a7f2918d0	T	Us	Wu	Xia
92bc4b2ff16c8ca7e5b7a3053191602b0e5a1097	Hassanali	Hatzivassiloglou
b7c230cd358c2de4944c575c85ec334df4d5292c	Eisenstein
66087769e3379f06aa0eef1f5d06a7ef6e9fc7a7	Biermann	Fulkerson
c51592b839bb73317b16014919f62c675428e654	Kannan	Marcus	Pitler
f671eb22a3af916fa580dbe370ec1aa752fcefb9	Ng	Persing
e3859aa606f27a31e61c85273862e77c2d07624f	Hagiwara	Sekine
cce113d0438c69bd03f5788dfded9bf9b39d0784	Bisazza	Fondazione	Kessler
382dba2e3d900f94b3b3b73222467cb0393a7af3	Kudo	Matsumoto
9a9cfb645f150868f17ab401dc04490c9420928a	Arguello	Rosé
b2f8b50b06a2d9f5f468b80338f32ba0ec43fb02	Peleira	Zulu
de8c1d3664a1f97d272139784f50d7b6102d6226	Tillmann
5b266962454dbf1072f98c217f73568e75458f58	Gatt
9dda3b1ec5088d1d2f88be09587ff9aae0dc9682	Niehues	Sperr	Waibel
d1fea990f5af8f97b7ac652327284be8bfa27013	Belinkov	Darwish	Sajjad
692cfa0b89d015587fe9b7820b70325b8f82ea31	Dinu	Thater
cafc8836c3ed6e511cfb81e7cf9c0c018237838e	Mohri	Pereira
a22d01199587fcac4c96df5b6e68f0156f643737	Meyers	Yangarber
50bbdf10e0eee6ee9652deaf72380b3fc8bcf307	Lin
2c1788e31e0cc9c2528f2f9f398a9f1547320cf8	Hovy	Lin	Zhou
2f39ea8457f3c8ef100f314a8fa580cd4108a984	Dagan	Kouylekov	Lavelli	Romano	Szpektor
9929112a67eb37a9e68a835fd192268e88b82c0e	Blunsom	Cohn	Osborne
f6e976d662d69f37e2fbb642db0b5952f0abd940	Baumann	Schlangen
6c61f738c6e2b8b27e9979b9952270879561a992	Meurers	Penn	Richter
ca20f8146adf21294f048121f234c449299ef67e	Litman	Passonneau
c208b576558a62ed54648453726037ced8a488d9	Cunningham	Saggion	Yankova
f0cce550a3729bb78a82bb8466feef796fd0d3c4	Chen	Hsiang	Tsai
5968067c696653fec60325633fb676f9134bd1db	Abney	Mcallester	Pereira
64ea6b4fcc048e128b2aa8794ee2be379c0c415d	Johnston
535ef87eaf180cb1feee95e3c17dbe0ea54151ae	Chung	Gildea
df2d81a27743af801c8e8c69fa68b9a610a7e0c0	Casacuberta	González Rubio	Ortiz Martínez
a2b48df03588b72d8b3b7ba9e8ce6bcb0df5f2f7	Fowler	Min	Srikanth
f271d25ad85f2b05bf6e5e5931c7e8aacc479a37	Nirenburg	Pustejovsky
0ae8819c1468177265f502265fddd77ae6c4820e	Hasegawa Johnson	Huang	Jui	Zhuang
1dfe2507b3dee6c1462fcff9b549fc53c219b9c1	Byrne	Kumar
c9f347143e43ff7273f32e7695cf566e023f4b4f	Gorz	Paulus
f55bf60fa2ffe82395e859fb9e2e89015da349c8	Bergsma	Goebel	Lin
b630e74c399b4b4217529b5aace43c627ce918da	Callison Burch	Irvine	Klementiev	Yarowsky
5b8dae5d145232e4b1234d4dd020f0e285a79476	Baldwin	Kim	Martinez
1c05ee24a7c80cfe0fe7153dd498eaf61b2686fc	Foster
c865c7e5d815fba08a69dc4fee327d63646df009	Sakas
a89c14364fc184d735601e620348d366869640c3	Chiang	Zhang
aae01fd0efab4ec60d92eb7233d10bd573ef67e8	Conrado	Da	Pardo	Rezende
261149f149bbb812632402c33b29f9b01cf794b8	Joachims	Shivaswamy	Sipos
f25d19ba09f9fe942e4e9458d54176caf9842994	Kipersztok	Koller	Vickrey
08d8ea305a3a7dc084f1bf30f8e0a5168aadf650	Bögel	Hautli	Lamprecht	Rohrdantz
bd484e3f62dbd7d8247359a6c817dbaf0fa07148	Mccord
83dc3d673da9e2a488a09452b3b2d41e0d558dd6	Jin	Yue	Zhao
9a66167f0ec32ecec86eb1021be12ea611aa3d46	Moens	Teufel
df7fe4c5d1a375bd3dc5b62d9bdd6ae10f6a6f6d	Diab	Guo	Ji	Li	York
7171a67ca2f538ac8b8fb62f10eff8b9e4b1684f	Van Der Plas
d4d14920554b9899a7bc2a32c774274098d8bfca	Hai
cf28169234e32311d6a90ec39908e3dcbb54f62f	Avramidis
f72fc3de9c493dd8de5dcd852a8eaccbdd482094	Strube
7e0adc74ad2e9b5e29c42c53c15646946a398c91	Baldwin	Webber
510d7e821e55e86a1b0c3bb79907eaabc3cb9910	Dredze	Gilder	Lerman	Pereira
c2f6dffa87b43b83caab964c620d36c77ddc7b86	Chang	Chen	Hsieh	Huang	Kao
7a79847e0218d9bab6bd1b1f8c76c8c13e577534	Abe	Inui	Matsumoto
7a6e35233481f78d828c8cefb585567e3b089a23	Haffari	Sarkar
2c23db397ee3295d976a7b1ea5c773645f3630dd	Fem indez	Fernandez uab
e8fe08c7965921c1f0b9f17921f4a0e996f36401	Scheible
6199a1997612f92ef8727f97a7c44b282c2cd124	Heinz	Lai
57720f21645856af306da3cb94238fe296574896	Dai	Macherey	Och	Popat	Talbot
671b32aa85cbf15b36ca05cdc7516549b043b168	Duh	Nagata	Sudoh	Tsukada	Wu
581cfcdcc17eb87125226997cd2b4e067218c577	Celikyilmaz	Hakkani Tur
51289ae4a00edb40bb4830e56483ed386c0c0997	Chen	Clow	Cohen	Johnston	Mcgee	Oviatt	Pittman	Smith
18a77f81a98a811159e09c127b82c68921ffa2d8	Chapman	Duvall	Forbush	Leng	Shen	South
5cf9c507b342108f256ec3492344339a1821123c	Merlo	Musillo
1cf53c62906a48b9d607f94468bf777855199a28	Chiticariu	Krishnamurthy	Li	Reiss	Vaithyanathan
e1e8ec02bfca20ebe030f61dd94ca340ac5b0c67	Lapalme	Vaudry
db5940ba776f5acf30fb8f58b498885131246ca0	Daille	Goeuriot	Morin
bdc4301e74f69395434dbb35137c554822a6fc21	Labutov	Lipson
1ed03e95cc2041a18b80415eea1b410af7f0f9c1	Brockett	Corston Oliver	Gamon
2e7865b74bb9dd6637e3d14b7bb31715d685904f	Bangalore	Haffner	Kanthak
2a78bfc096470d4e68a8e221b9285f427797d991	Brooke	Hammond	Hirst
b650f7472ac2444066ac57cdeeb198d08ee52e7d	Niehren	Pinkal	Ruhrberg
8fa35211be0e45446476b06bcf3913ba4bfbbc3e	Georgila	Moore	Wolters
4794a0009bdf58a18f8a3b9910093cc9f5d7e144	Chen
ace4eeebb008eca2671a1c50121106f5debcda32	Li	Li	Li	Qu	Wang
621b34498735b9ca497ab1e0ae4219708b8370ae	Maiorano
e4738c8b41a45845f3c34f2f73b2fba45d5532f2	Balakrishnan	Williams
86031fe45c9908e1a951456c33ff4462e22a5039	Mohammad
6d9c315f716f3527b0e09c94bfb7870328a91ef6	Finin	Han	Kashyap	Mayfield	Weese
b902df1d983809b47e137618d6a1146848a95c54	Monz
595e36d16e25c0c04d0eacfe6ec0402721fe1b81	Navigli	Ponzetto
b2e761fc32c610f3bfb6579e385e2b2e2ecbd0b5	Lee	Smith
146b3649b693ae591c8953c0aae5264512c26ea3	Finkel	Manning	Ng
b78b881dec3334abf5b8c6390c40a2d93a177294	Shieber
066f11467e857bdf546d7fa4e0f9153fa8fb5dee	Pitler
10f0215d3270075bab7f53b569861f9797ce378f	Siegel
f7a82e75f8842621b07380756bd9354a9b913c16	Hauptmann	Lin
275425e11f51483697fd1e6593a241fa185df08b	Carter
6ea36d17c8ecacbc35e2161a2c28a59b09c7ebb7	Levow	Oard	Resnik
d63525f3a4be235fcf28e071c8a518749e385c1e	Fort	Galibert	Grouin	Quintard	Rosset	Zweigenbaum
b2b49a4c32774d03ee1f7a49ea8b2fd5e7508bfe	Li	Xiong	Zhang
385cfb178c86c1aad425777fce81b66b4909d4d2	Allen	Stoness	Tetreault
d6bf67fac447ce6e7c1ec546ca56af30a4060040	Eisner	Smith
ccca3c78f8b8e011fd328bd40116014b1065fa5f	Genzel
511052cc578daf30219bed58a8ebac795c0fcbaf	Bergsma	Post	Yarowsky
c19b7eb573b1259cc335f567baa56d28cd5fdfa4	Blin	Miclet
c54d225fa41fe4c86f4c96d391b5d8485dc7f1a2	Homola	Kuboň	Pecina
40b336a9bc3f8418e18dc6ea74118b4e8ac02292	Parikh	Pvs
f487c68b1970cedfdd53a534830fa2c85ad2ed07	De Benedictis	Faralli	Navigli
b4153c8429d8f24095a291c9e659d923aca9341f	Cohen	Eisenstein	Puniyani	Xing
1136dc552ac2314b4d5fc0ffc82cbcbeac3f66c2	Federico	Ruiz
3c58cb9527ae19f8f9ded5f0e3a2921e970a327e	Darwish	Emam	Hassan	Magdy
f44cbb22fe79a4cf74b91ede038bd60e24c8567b	Guo	Xiao
571596a4075c408e3738e858d9b781847825fe5c	Black	Jelinek	Lafferty	Magerman	Mercer	Roukos
a4ebc3ebed13c30b6729690f220a6ad6cdc88b61	Ghayoomi	Guillaume
08f543031da43edbf0f3fe91cb6b5461a788e85b	Worm
653c289b204db3749beb1d5d5f36a26978a266cf	Graesser	Hempelmann	Mcnamara	Rus
9fb7b89164276b5804eb013309a899fcb0c635df	Castellanos	Chen	Ghosh	Hsu	Liu	Mukherjee
996b9bb9b42d044c328d96718dd78568238bed02	Bojar	Jawaid	Kamran
f896acb9f7f09ac3eb3f0d58cb885d2f7f9d8ab1	Acero	Chelba
4f5cd4c2d81db5c52f952589a8d52bba16962707	Bordes	Usunier	Weston
980ffba18d4f7ee642697351f2488bdc818be522	Chiang	Klein	Knight	Pauls
2ad7d42ab5c3b442ff8cdb61e5db9b5ed046f9a5	Moschitti
5b7fb20aa098fe67d468726f317227409efc3585	Calera Rubio	Carrasco	Luis	Mas
eaecb287f1b44bf243b3067793871f5ecfc3e2e0	Doddington	Godfrey	Hemphill
c624f625c0f717928e52fe75ebd2060334364203	Gustafson	Meena	Skantze
4d135641931a6efce82bd9c1d69d86e08d3cd28d	Gurevych	Jakob
4e2acbda150068debb30df1da54b50b0820355ad	Blanco	Moldovan
347d58f011efd9d6dd375e1840341ec37e68f55a	Jeong	Kim	Lee
e1dc116a0d89e0f638ca21e64ab3cfe34102a62b	Arquez	Barrón Cedeño	Fuentes	Rodríguez	Turmo
3740a511523e460d4038c14e3ee94a0f6fdcbe45	Bonner	Hsu	Ragheb	K	Zhekova
9ac03bd95ee68eaf9951195368d3e7d8fa55514d	Fisher	Hollingshead	Roark
cd96a6e0b6bb099c515be8770764d2fd18e7b878	Blunsom	Kalchbrenner
e315a1bdc58a74a0b6dc4cc0a05a7215345ff22a	Ng	Rahman
21525b2f4db1219b1f2256c964f5baceeab6dffd	Boyd Graber	Demuth	Frank	Gold	Griffiths	Hardisty	Hoffman	In	Johnson	Frank	Philip	Platt	Schölkopf
93a3f13500aef890fd2e97a91c314d588fef9630	Bhosale	Mooney	Vinicombe
cf76c1da776ac22c1a55c41ee472fe3d1e1e2b37	Jindal	Roth
67ab6b7017264f5e5ec68d2a3c185aac70eeeb5c	Cade	Olney	Williams
8dd8442b68228a0c23af40e5319f0ea43c58b52f	Paul	Saskia Bayerl
262a44f2bd54ca75bb95359f90ce60410b1f67bf	Saito	Sekine	Yamamoto
1c121673845b9e95d9f58a14a160fa6fc6b97158	Barzilay	Elhadad	Mckeown
cd9a9d8ae816fbd2404e886d9d88f91f81d5218d	Li	Li
ca63d82f9f6bf5be67827b6385026c9001161ace	Barzilay	Bramsen	Deshpande	Lee
55022b6104ab31ef655441f1670b902ecca2f361	Borin	Hammarström
a0ed80f553f3a77a5b17542507bfc062eaf2c900	Dinarelli	Rosset
83e5c5ba6371e0ca152aa0df13cfbf640385c9d7	Meyer	Nguyen	Sayeed	Weinberg
e0458637181e8fb342b6bd19870c3254b5faa64e	Ko	Yang
edcf1571e4dcd2259d76a179b9f3d7de3d74c7bf	Norvig	Wilensky
37798b65b083c4d134a1a154a5fa1f17cf954375	Lewis	Xia
b30a3ddc69814ba1459e8dc4f62c968b620e4a0f	Dinu	Niculae	Maria
5cfe9bb78fa50955be5a99e6966dd5ba5b4d4f80	Bachrach	Cardenas	Schuler	Wu
5dee9c97286916ebaeed2c35eac02f8c33fbf959	Hussain
c08453625b0dc78ddebe78be50b7d86a7d58247a	Hisamitsu	Niwa
62fe8d3e79a3f0f3df7a5d33ce1af9164c933cee	Mihov	Ringlstetter	Schulz
02c6edb92d9e177ed74eac0afe675b97efb2b7c5	Lambrix	Tan
51c8fd070a479df71132b43768d541159f80a2b0	Hieber	Jehl	Riezler	Sokolov
3e9148d8c6724ad5d66d247b14fa3b0ad19c3b34	Kordoni	Zhang
b891549fa7274ebc33dc2e0b52de920675b3c9d7	Ploch
9e7a0cc841b3851e1135b2ebeb12982f1eb340ed	Di	Eugenio	Fossati	Glass	Haller	Yu
2c8f45bd0578ef07cb9bcaf0fc997885dd69a048	Firzlaff	Haenelt
50061de29dda21608176f3977fa270e072a6a90a	Popowich	Sarkar	Shi
8ec29aecd2dbe3ae1d1a8fec3e1aad48a45fb285	Culotta	Mccallum	Wick
0032594cad315f9d42dca406f6c03b78f6185cc5	Ballesteros
9cd3bf0bdb27b7b58cbd27e456b58eab26a16986	Levow
488c9fafea979de353df82a68cb41d82494b4cae	Ceylan	Lloret	Mihalcea	Palomar
a471fbbd8638258f127bac07bf17f1ada0e3d01d	Blunsom	Cohn	Gelling	Graça
ed6ae9a1af4a8d92b0223b526d67a902d947b7a8	Venkataraman
335dee2515f0eae9775475e9f10764ea6d84729e	Kan	Kim
047f3461da44ca79fd9c362a0a2665f3dee92eda	Bojar	Tamchyna
9a4f294f2740d5e1e8a67e0097d284575a1c6660	Williams
5fb28a8a145c7d2205a55353393e7323d2d571f6	Ratnaparkhi
cd6cf1c604b8aac99b96be0f1541218897af6ab4	Adda	Allauzen	Buschbeck	Crego	Freitag	Herrmann	Leusch	Ney	Niehues	Peitz	Senellart	Waibel	Wandmacher	Wuebker
3c70a4ef38b71d2b406bf5e61b3d55748088cdf1	Zhou
aa9b321c64aabdf4ec97b9a8571860c95c9f9a68	Díaz	Fernández	Hernández	Hernández	López	Torre
a502b02abf257612d15fbc635b59d526afb9b738	Brent
7f7e2354ff234d408855dd0ec5bd75f9c12d7bee	Klein	Manning
055e8f573d32ed3eca74015de4d0825abf86486e	Kosaka	Liao	Meyers	Xue
a224e8d1073cf8485d8d48276ad8cf5a5a22589d	Byron	Cassell	Dale	Gargett	Koller	Moore	Oberlander	Striegnitz
fce3f58fd20877ff5c42738818631ad0ec26a7ee	Popescu Belis	Robba	Sabah
546d0dd34c42b862fc5f07a129bb466948206a45	Bates
b699604777b437dde71fbd427c4e177e9ca1029b	Prevost	Steedman
c033c647b47c06792cc951f2c902b01112ea5313	Lin	Mitamura	Shima	Wang
a56240a477e7920ee6c7696af3fc120882e61ed3	Moldovan	Tatu
e585e55ab28bfedbbaffcf8c5bce4cabad164e7e	Li	Xiao	Zhang	Zhou	Zhu
f95bcacf2bb0a66f4f95227d5771de5b123f43c4	Bv	Daelemans	Van Halteren
0a0dba86c980d4ba5f881aea0239fa689084e6c5	Foster	Kuhn
0678c73ff855c93f238538735fcecc1ee6bc8379	Mihalcea
99645cd35f328ec79355617788498eb38d556d1f	Jin	Kang	Li	Myaeng
9b78a72bdd20befea393dd3a7fa0055c5da5ec3b	Kanthak	Ney
bd6f885032e5324fa64b488a10e468d583b3f1fb	Allen	Uzzaman
f0360572458265266c1257b2cf47dd619e57ecee	Dorr	Kondrak
177bfa5b71e3e4fff964c4c96f08d971885b41a9	Cao	Gotti	Langlais
74e2e86c669ca0e4273cefd7f79d0879f163dd19	Hovy	Tratz
b0eee2a6aa644b7a38152e58c897f71680e3ea67	Fellbaum
ff34eda45c123782708a564d5fbb232b192ef937	Leenders	Mccallum	Mimno	Talley	Wallach
335445ed2e42b35f7b4eba592e68fcc22d139d64	Bhavsar	Pedanekar	Ramanand
91dc119d10a4260c7a18b2abcc3483789eb6a3d5	Gillott
ba30ce81d5e35babea68ce223a12b560d5785a36	Cheng  md Massimo	Hcrc	Henschel
0f1970214a41413ee1638c40fc0584bc98bef6ea	Baker	Fellbaum
c7063aa2791132b9d2d65d75cb83257b75d32e74	Ashton
7c844ec8705797ed63d9d5c98ba71df1e680b936	Copenhagen	Denmark	Elming	Habash
c5710531ebeed0e9d261450f5a4eedd1569a3bdf	Daelemans	Hendrickx	Krahmer	Marsi
be4f6e467cff26d848ab7698187b0a694000f6d7	Rappoport	Shezaf
59b64737a1888fe622e7f80d93cb1e530503e8fc	Stubley
e156e6a2804b2d41e64f74d413a5058c252e83a0	Bandyopadhyay	Das	Ekbal	Mandal
be47225edcf09a38166aa5308c030ff87e9f3f82	Christian	Kuo	Li	Lin	Yuan
9725a56f4578462f96cc3ec54c4577ba476f0aad	Sadler	Thompson
ad9e7b2ee6936ccc31e6c56121f60d73b4d30b61	Schlangen
e3a77b604cc714df59c506b26d3fd2224d346be7	Baldwin	Ho	Kimelfeld	Li	Zhang
e556f546574f82d06bb159aec3ac2f862a1485cd	Hovy
09ed02b87e6219ceab87d1b75fde6c8f7f2994e3	Friedberg
0d1d0b69ab17b8a781904f42a6987dc99c12f123	Fiszman	Kilicoglu	Rindflesch
2ad0f706990031a5955e7c641e351d1eb6ea0c93	Ciaramita	Surdeanu	Zaragoza
89f477a6464c6230eb638a95a5681c49e880ffff	Gafos	Shaw
42adab10d34e359087b0b0e86b92f13d23db183b	Hollingshead	Roark
b71e020c4c0ee896174d11a9a87d8941750dad22	Li	Lu	Wong	Xu
d0ddb4cbdc56a40b3b318958d31e383079a6418e	Grishman	Macleod	Meyers
34ad5ea056d9a74646be0880d84c26325b68cef4	Nicolae	Nicolae
1e83c2798e87b9d84a8281cc3e9750c948d62cb3	Chahuneau	Dyer	Smith
14ff2dfebb886455afb061868be947e12d072f30	Copestake	Herbelot
799432c55bc6a22d13943defb3810bba334fc60f	Kim	Park
798b8661018dd7d0652e46e1b3c813e892187e23	Dowding	Moore
a6bbb67a4993d0aae9bcceb5de461196314b79e6	Lopez	Prince	Roche
eb60b7573762dca3f0f1427ff0c546e5a57de6aa	Hamon	Mostefa
3cb58c4c5e79b6465d1709687b282138a1d463fd	Li	Wang	Xu	Zhang
1a6c5a1d99ddd1de0ff0681e13fd73f9771cd2fc	Grishman	Sekine	Sun
fbd5e013ba99b7ee6d2cf95201471bbe48f0aac2	Baptista	Català
1a5929e0f044592ec382c32d82e1fcc9c5d771b5	Arcan	Buitelaar	Federmann
fdc10c3694c6e4c9fd4b82e14945f652ec0db99d	Chang	Chew
9076183dcdb28ebb3e547f7ffd3f9d5d0faec531	Gotoh	Khan	Usman
54547b5b16d20d6db338b8983964be1931c60af6	Korhonen	Krymolowski	Marx
c004bf7ba0e03ea0fe8c71f82ad24be6cf83504f	Ju	Paek
cb9bb57578d6759fcbbef7e436581ea45f08c367	Cirik
36dee4594ab935092d8ee96bf99e025a9c148ac2	Salvati
5910ed62028ae8e1958a3325c6a057cd70423649	El Desoky	Ney	Schï
d89ca6df26fb377d89acc815675acd18b158549b	Copperman	Fitzgerald	Nygaard	Voyer	Voyer
dd63999e0a6c141a438d0158c2a0df28c11af31c	Mccallum	Munteanu	Penn	Zhu
3f65195f380bc556c3c8224c39773faf07d4c552	Rindflesch Anitaburgun
7fd3ee0929f310cfe80b321e62737a3a7e4ce3f1	Lin
071d4270ec6b098477cac4e0939860f4c67a8858	Aviv	Israel	Parmentier	Rosner	Segond	Stock	Usteran Muela
6f5eb354097459d211861f24e11b0cca1bef2ac1	Harman
378d8752535f9361db73c713eda2b91a05a8b42b	Davidov	Rappoport
261dd4cdd47123fdfb48d79fa1e4607c41977ab1	Ambati	Husain	Nivre	Sangal
fbeba04040946f0201f74055b57148913d21eb03	Funakoshi	Nakano	Yamauchi
ab63e9432581d634835d180af994cc5cfb1a92e5	Bojar	Galuščáková	Mareček	Rosa
ec13adebe90a879a3d4e4c9c029042ade5653640	Banik	Chaudhri	Kow
3b56693f6fe6b82092c4adc756f20fb9b7710ac5	Gunawardana	Khudanpur	Xu
56e650efe9a15002488cb393bc0ff956fd00adbf	Fitzgerald	Kordoni	Zhang
3839fb041c3698dc93cb93803235dc6d05c81bcb	Lapalme
b2fb57acc544352677ac083d01f2e78c4cfc20f8	Bod
78f8901f907e1b2a6ceff139aabeca5a438a12b4	Blunsom	Hermann	Moritz
a955ef76b29922441c67ce1278c36d50a9d52be5	Wiebe
7476d0013408d70106e65b39a42df4f71ff557f0	Huang	Liu	Qiu	Zhou
e1f142703524dd8e4575bff242adfc02b34cd3a4	Fondazione	Hardmeier	Kessler	Mathur	Saers	Tiedemann
67d34db34ea0201c4c24ca13b3e6226a97647bbe	Chen	Hu	Zhang
abe4a8f0c287ff2e8aa2df8cb658a769f0557626	Phillips
1195bd0c86c7758a73aa0c7112e1405a12868028	Sayeed
1c9f2beef42f4023911f62311c53ed43d77948bb	Edu	Edu	Goldwater	Griffiths	Griffiths berkeley	Johnson
ec27735be771c85ad5c46cb8175b88bd5a3d8acd	Ritchie
ad571941a8f66e10bfba87439e52646ebd43b8ab	Huang	Li	Wu	Yang	Zhang	Zhou
aa3085f92a9b20a30fe9a07d7193ff46b6b02da0	Ananiadou	Rak
3760a79b260505aa34c4d63b8daca348e8c8a100	Dutoit	Poibeau
10ce58375314f90f83ca3bb88840cbc67bf8050f	He	Li	Liu	Wang	Zhang	Zhou
a6109618caa42b7318884b5418cec4c8c06a96fd	Roth	Sammons	Vydiswaran
2a2fa21ef65b82b77ea2ffb1a4e042fa36b9b5df	Agirre	Bosma	Hsieh	Lo	Lopez De Lacalle	Monachini	Soroa	Vossen
88b112ef2ceedbff9d28c01f30ee734ecde9172e	Kawahara	Kurohashi	Sasano
f828dec15b45d0c03b2fc3081673ea67c532deb2	Karttunen
80f304efbb6beeb9e7ca9d5945aa3cece9c7383a	Bandyopadhyay	Kumar Naskar
8f03655ce0c0ea7f640be886807f525f0c9f1a50	Bos
25f1fafe6e2840cf77ccf8ced2ddbaa6d0b00414	Jansche	Sproat
8450e793c41e20e1e5cdc202b7124c924bfeb70e	Shaked
34cd587d1e7c871eb0cd11437629ce62cb4ffd94	Conrad	Scholz
236abcdf756ad683fb563df22e0a45459758f25a	Joshi	Kolachina	Misra	Oza	Prasad	Sharma
33aa559a8836e2df65aaed698760182e9965f27f	Masaaki	Ryu	Spanger	Takenobu
c9eba6cb547421b5c40a0fd97fde409cacf8ed46	Li	Wang	Wei	Yan	Zhao
e2370116eb930fdb2d0dad3c961938a386021b85	Wiebe
b40818bdd90b7f51cb74e065a1fb0972e94406b2	Leibbrandt	Powers
18db48e76ee138d340de75c944a343052b577a80	Silverman
f18eb72bbde7c657095310200d5a928b29712e0b	Dickinson	King
21b3007f967d39e1346bc91e0fc8b3f16121300c	Pinkal	Regneri	Rohrbach	Schiele	Thater	Wetzel
9b681baed6755ee4af0d8e27a8fd75bf8ebded7a	Grishman	Sekine	Sudo
8c5aff386f1a29c4298f555db92d3215083f33e8	Och	Ponte	Venugopal	Zollmann
711525b09091b3f2c4bc9a44331cacb6f48559b4	Li
fa151b76fcc02467ae3f0492f8d6c4b5f96ee577	Acedá	Przepiórkowski	Slaski
fc28ffe7d7aa203abb958bfde59cb03968a5b32a	Elhadad	Goldberg
8de4164931eea9c4ebea42091e31e334e9acef11	Hou	Markert	Strube
84f338d11c957ddd1487280fc27ef4a4713c2bdf	Black	Eubank	Garside	Kashioka	Leech	Magerman
8873a91e758bd76e530325a230cc51b1e3b7db2d	Dorr	Dunne	Mohammad
58fdacf0d40ddcb304536992a04fa2000022d8de	Alkuhlani	Habash
1f5dc1b42cfcca0c15cedc8d4789cd17c4575f75	Belz	Kow	Viethen
c181afc58808beecf18ad9ee23f2fa48f13c1ed7	Callison Burch	Koehn	Osborne
cdf7f68cf677be0045123a87329115f4b765c288	Chang	Chen	Huang	Huang	Liou
1267879e1caf9627271dcdcf428eac4555b800b7	Chang	Li	Wang
419c3ff142fb0a4066b02754a52718927b62fb4d	Aw	Lin	Liu	Mi	Xiong	Zhang
27dcf7a76c66dc985c509f943d937cb238b917f2	Ivanova	Ubler
a09b27d687f33833418738bd8219b4d4d7fe0f0e	Lin	Pantel
7deebdcda579836a29572aee2f066a12e6c8df41	Chapman	Christensen	Harkema	Haug	Irwin	Org
09311fef1c773ee0df5f02d11473018f21187177	Afantenos	Muller	Van De Cruys
e143cb6d6619bc56cb9c4b70467d7d8e68186821	Casacuberta	González Rubio	Ortiz Martínez
c32f3e0d9de121417319440239d9401a14c02cff	Brill	Satta
ad46b42a7f7a709ed8f4d2dd86902260d3e75195	Schubert	Seagull
8092749db5df2373f1c531aa3ab4a9b6cbe65840	Kaji	Morimoto
a8ff6cd4336b8613e2a38bdf4d873533153031c1	Curran	Vadas
9dccaf6ea0fa19772cf8067295b16df3eb7b4dda	Petrov
c578f1823e7d7fb95d3e5c69fe4fab36d5a384e3	Grishman	Ji	Westbrook
74a300cb4fd909f32d82e75ec21fea30b1159fa8	Chaudhari	Damani	Laxman
5d0a82523347629f9f65a539deee4c7af7329381	Denkowski	Hanneman	Lavie
b510b3778d7f9c500042d04a9fd5c8800e944734	Asahara	Matsumoto
24a2f50147a3722b99384bd983d902969a8b6bad	Clark	Weir
12cec5b797d262eff9b4d17c6f272cd02d81e5c5	Blouin	Kešelj	Liu
0525bbe83d45e9e34f5b607bc7480f58d795041b	Callison Burch	Dyer	Ganitkevitch	Khudanpur	Li	Schwartz	Thornton	Weese	Zaidan
60f0bdc214d3d8f9ae5590d6e8eddaf193dd2144	Fukumoto	Yamaji
0086dec25dc30ea54b8d1a9fe877a586e14bc882	Cook	Stevenson
71b4a16fb6978ebefebde80cc7fc198f2a12ad28	Li	Liu	Liu	Wang	Wu
2b4dd276f4a8c1b0ba2670331364f7b4885322b9	Grishman	Hasegawa	Sekine
b37d4304484d0763adc28609c9c1636c1c7245d0	Riandi	Riza
e95353d65cdad3ca73e6e70634f1964bb14e31de	Angeli	Jurafsky	Manning
6045b079fbe2c97d394214b50059c61895639204	Hirschberg	Liu	Stoyanchev
cfdee3124ebcac0173bb429ab8f7a029c9570dbf	Abu Jbara	Dasigi	Diab	Radev
6f46bb1360a4f682cf71a50596cade486bdaf038	Aw	Che	Li	Lim Tan	Liu	Zhang
efe92f3a8ffe91845d296ee9346c34bd012ba78c	Fengguo	Li	Min	Yu	Yudong
26d061ba705b850bcb7e857c549f21d6badf1f42	Bouamor	Semmar	Zweigenbaum
3cb825672b893790dcb52dcb61824e43926cc2d0	Chou	Hong	Huang
101063158fbdc03c72767f52904b245808212147	Brockett	Kaemarcik	Suzuki
df26102fa53dba696838a801506cd0181c8b3d15	Hu	Passonneau	Rambow
3d7d3706154cf4ac2363a369354fd3e53843f30e	Pulman
46f13e76f2b673aaad013b92c9289d93e09221c5	Grosz	Joshi	Weinstein
26058fda4537d38ee87c1bb4707bda54533ced5b	Weinstein
3c12e099d7c69e6b0cb0456dcd2b49eb9d72cd32	Fernando	Fernando tcd	Ie
8279fe474e25ee954d71f34f310a6dfdc09e5438	Kaplan
6ec09ec28e3519975f2868bc5191b84342e18870	Jia	Wang	Zhao
f1b4e9ccea901e3256f0e45c831ec856ecbc969c	Kobayashi	Ogura
d82bf4ff133d5d991de7df4e7b32440d9903cdb5	Chen	Zechner
20e26166dd4449846d74c09ac92e80ec6e44b908	Callison Burch
da039dbc849c4e2ec1b0f2b324adb38dc45989dc	Biemann	Riedl
cc48491d5526eccf81e6883090961e8004bbd289	Dušek	Jurčíček
a2276bf62123481d6b208564abe62e1d4157a08c	Aylett	Bhargava	Castellano	Corrigan	Deshmukh	Hastie	Janarthanam
5629efbf95298d2ee5a6fe697491445940f332f2	O  donnell
a628d782e39ef5ce2d546b36d386abc9e5a5e064	Bentivogli	Brew	Clark	Dagan	Dang	Dzikovska	Giampiccolo	Leacock	Mcgraw Hill	Nielsen
7139b94b39d225946e02c32eda05af4c7e29741c	Fu Cai	Lee	Teh
7b51c183da0e7de6757a269d83dd9afad695ac3d	Gertz	Strötgen	Zell
f08634e6b3117e3c44c79782181a9e4c9af62662	Byrne	Kumar
b5c15f2685fd5dc95b9a638d5e7f271fd61ed180	Bach	Lane	Vogel	Zhao
aa1438dcaa61b4600c41d02ffa07d51f37473abe	Hahn	Meurers	Ott	Ziai
4ec9b9888e6af6a9188e1b8bfc2fb04febc94f98	Chiang	Marton	Resnik
75ff8108db27cb43460c23de4deb3423a875a4f8	Lapata	Li	Yan
91e4ba886ce779a6e80a3292ed70c5386c5e86d6	Balasubramanian	Etzioni	Mausam	Soderland
f88deef9ad93bdfbcf4c157402121823eb65a359	Osborne	Roth	Schabes
9e05bbfd8b36ec5d5122c78d7e415bbfaa4d0e3e	Burke	Cahill	O  donovan	Van Genabith	Way
6235605746267788fa3635fe55856b2d81d1c4ee	Chen	Metze
5262cf9a11c5ecb2215d8107528f5faf07e051de	Deane
1b060664a53d8feec11ce494b424f47315bb3130	Besacier	Bhattacharyya	Boitet	Malik
72480e08d220a68a4d9667a2f6ed254eba08c916	Pollák	Skarnitzl	Volín
4e9aaafc373e0e3b324355abf2425f4813803472	Tugwell
f951f8490fc7ee15b85cf89e1a7a6b8dd08071ba	Bohus	Litman	Tetreault
7741f75cea98342020059d5f964560f3e6ef07ef	Jurafsky	Martin	Pradhan	Sun	Ward
8abb1cbb1b701140e247070a47625f42d91f0615	Schmid
ab7d5452f8169e28fa61c001f47417bdd96bbafa	Nguyen	Ock
292a4ece480bcfcddfc9dc625f57f9672daffb81	Cheng	Lim	Roxas
d7fd48b4b028ff6243354ee60636dfd7a71cec9b	Yuan
cf7737993356b9d077e6fb297579e77d80b802ba	Narahara	Shudo	Yoshida
59bf62f4634768845a556cd420c93ed5d093649a	Ellison	Miceli
16a2920fa4d6a0d3ab2b5c8c3a08d1008cdcfeb3	Inui	Okumura	Takamura
5026e6e570a62ed0244742306b24ce9276b0ee19	Gilbert	Riloff
b3e9742953dc84eeffe4c5eedd78467f5a7f5374	Riaz
b3e3552caca4a621ea16273e94d48d4abde43503	Isozaki	Nagata	Suzuki
82bbd5b59f8f1dfa339668de16e1207f7ca85ddc	Nastase	Szpakowicz
2a0e0629dbca2592084955fd809ebe18ad1ce105	Com	Heisterkamp
075942d047d2e2b549f58cfb82b621ff6febba3f	Bonfante	Guillaume	Morey
f98ebc10ce8c48020d21cca041de2a3346ce31d9	Grishman	Ji
37ec39e39cbb705a8c9ea78f0957ac329d4ca1a7	Glinos
2b4b852dba463878235f13529248d2efd25902f7	Carenini
fee85729f6edfca382ce747b877bda307b6145e9	Kurahone	Shudo	Tanabe
c60aebdba919d75c37e8a0fcade6be82f7244d13	Boberg	Ginter	Järvinen	Koivula	Pahikkala	Pyysalo	Salakoski
f21d4c1ce87e0d4c304166bc46cce98678e789e8	Dagan	Mirkin	Padó
823a397b29bf596e2734d3dff7ab5abec2f60ac9	Brooke	Hirst	Wang
e20dd4d92c7fa6a289da47464048c728c5c9dd56	Clark	Dyer	Lavie	Smith
8e6f113139d2956b43e973d508f5dbecb5a31fdf	Ballim	Carroll	Russell	Warwick Armstrong
13391bba69162b7062ca070bb2a509505c3ca724	G	S	O	T	M	C
738899099f59856122eb5131069ad9b459f2d9b5	Brockett	Kacmarcik	Suzuki
363f92f95c86d0ee6cd5cfd26f1f542e311aab6d	Jarosz
1c5fe949b0e172608c90a62f54cc57c2e99a6148	Bertrand	Bigi	Prévot
b9681cd07ce0590aaaa8bb0f0d417413a0cede9c	Kazantseva	Szpakowicz
a2095e95a828759311f1fb16409ebb95cd73b272	Lecouteux	Portet	Vacher
cebed30094945d9cce87c50e769d979e297da39c	Jin
368633557ebc054bbfb44046a571fa6fc22de43a	Wang	Xu	Zhang
c2a6dc38bfef3eec09378d4f1daf52860f7d79b8	Furche	Gunes	Lehmann	Ngonga	Schallhart
5a354340b87a33973b6928f0c77e7e2a86c274d5	Blunsom	Cohn	Edu	Goldwater	Johnson
0880935a8eaf7f86102810ba4d87e4ba912f133e	Ananladou
6fd398dcb4c0a20de0d10c7a30b36fa8e1b24ead	Krupka
590957df2a37c8dd3876b06f6bd31acff33a6f1d	Díaz De Ilarraza	Gojenola	Oronoz
33f3eb3a143447dadeb98914c74f1d9bb88a62bd	Diab	Guo
3f9009500065dc965f198fb3cafe06abdf079fed	Hirschberg	Litman	Swerts
91162f5a4ffe7227d1649c823d7c1120e550f51e	Beloborodov	Braslavski	Khalilov	Sharoff
24ca4716b49f4dfd76eb8d5fd660fcb0d0da7f06	Huang	Zhao
c33ca9fe5b5ac308cfbdfd65ea8b6e8bb7db82d9	He	Lin	Liu
958b97764dcfe3dfec2483c2cfe443b0d9cc769e	Uszkoreit
f1144e7f31b876453c73012b20843b92be818205	Hsu	Jiang	Kuo	Lee	Liu
6281343019aa47e308f03483c651bc2d6d296015	Miller	Torii	Vijay Shanker
317f2c306eb616ec20e3c52773ac2ce94bb54806	King	Li	Lin	Liu	Lyu
5c6344b7a38672ddeb570e07e7a4befb2801b6ec	Denero	Klein	Pauls
fdc61e4429d74821230f71dac257f83e41c8ab43	Galley	Green	Manning
58b542df8059e682a70c95da9265a50981d35666	Pilon	Van Huyssteen	Van Rooy
93ec9e1875fbf48bbc69d81ff2ccb4c3da7d8886	Hennoste	Koit	Rääbis	Strandson	Valdisoo	Vutt
8403eb9b80cf4ea275473c7f11b79b45f61a1dd3	Hsieh	Wu
27cf5a830dcd2e105cb3babbff192043c8f5e1cf	Cohen	Collins	Foster	Stratos	Ungar
c1285095e8fe8f29df08c8fba97dc2f1b07aaccb	Hristea	Miller
bef495a72a7fcfbbfdf8316253b39d15c3e8bc7c	Cappé	Misra	Yvon
6d512066d8359880c675fbf6d0f48692d4bc9ae2	Roque
4a19612cc1e5a56796749b8beaad7be4d66d3af9	Lehr	Prud  hommeaux  bullet	Roark	Shafran
f54b729eb1c4e30c46efde4f7fe9a6f54918ba2f	Ichi	Kuroda	Murata	Saeger	Stijn	Torisawa
d77cbdd35d3981c4293c107f5eeb46c08f47b07e	Seligman
181ceeab21a6402823a561aad09517069f3f86c6	Ilgen	Rushall
861a2707071b219fdbc8754ef34cc5abbefa2980	Bandyopadhyay	Kumar Naskar	Pal	Pecina	Way
09afab1132644ad76a3afe379362bbc8a7a62216	Martínez	Samy	Segura Bedmar
a102aea32498d0a6589d6b4c512c4996236ef26a	Becker	Crysmann	Frank	Kiefer	Krieger	Neumann	Piskorski	Schäfer	Siegel	Uller	Uszkoreit	Xu
e3704086f57bdda37723a49a70a28ee4dbf701b6	Duh	Neubig	Sudoh	Tsukada
28ac8f68df97220c7078c1caedfe2f330397bb12	Strube
9f742271cfd4711585da26c82053051fa4923913	Conroy	Dang
e0a043fdc032f92041876fbccdbbdcc074d78ab7	Gaizauskas	Greenwood	Hepple	Humphreys	Saggion
a8c036b8fe854cc08b6931a8e8c43c0bc2d2abe6	Bazrafshan	Gildea
e9c1f510bcf5933d3cf8ec8108a04a9ba601a843	Bobrow	Miller	Schwartz	Stallard
600c28e993851971fef612e37e9eb93c0b7492c9	Androutsopoulos	Galanis	Karakatsiotis	Lampouras
6b923033b0ad4de06c54b44d30c5c588c092907d	Everson	He	Lin
d8e397a77f12b627685e86460df4463ecc032b7f	Alvarez Pereyre
43e416b627d896b866051bbd01fdcc26ad1780e5	Georgila	Henderson	Lemon
2c3411a5ce97d58e3a94667b4d9b7f1b42d982bc	Oubine	Tikhomirov
9a767631ad0e4477765daa5e81335fcec78a5d30	Klein	Manning	Singer	Toutanova
04ade8d0f5d563126f446b558dd4d1e7388eaf2f	Huet	Lefèvre	Manishina
0236eb203e050eb4883a7918d27ffb03e6986fca	Jha	Schwartz	Ungar
f462960630f19d836c74127a849ecc681c617b2e	Huang	Lu
a5503271a21c590a35df4d87876e839fedf4163f	Boguraev	Neff
c6bc065d25abf8342cf7367c5f885e6543e03319	Boyer	Ha	Lester	Mitchell
5c130a0dfd4d7a267560a811f2dc739cad6be042	Bond	Ikehara	Ogura
570df39ba9c448d481946b3c9c9e80a37516cf65	Braden Harder	Richardson
92881ec2d0bad824c4eaad0360c6f2749c3a09c6	Mellish	Reiter
56fca48ea274d1569c3c46198064b4cd7a3c2076	Lapata	Woodsend
a0c894005adbee250788ab47c3224502c7ab7a46	Thompson
aa0ca646a3f2cbf94bb4085f8c8c28c660232d73	Nakaiwa
29641f9854f7fea354cdea35075ed7c9d90eaf60	Egg
1aac9a51700b4f548ed4d406d3987c8008876521	Carroll	Koeling	Mccarthy	Weeds
fb37fd9120fde7cc03cfd05a422bf59c97a27bd1	Hovy	Kozareva
52a490e3d767e424a77b03fe9e327ba86c26accb	Callejas	Griol	López Cózar
fc120f3cb5c65928392a1f05d3ae97d708a70ca7	De Roeck	Goweder	Poesio	Reynolds
e01dfd49ab3ac9f2dceb51257baed27d36bc5d29	Karande
b3677f2e9526c47f647b6ebef76d3fa0fe536be1	Kosawat	Supnithi	Wutiwiwatchai
