de937372b5e0f96e783ae4c7437ef5005b77b882	John S White	Theresa A O connell
45310c0d674f7b63b56e83ce466af1164b4c07b4	Ame Jonsson	Ntis Dahlb ick
62c946a9df271854460c26d1a2ff05919bab2690	Gennadi Lembersky	Noam Ordan	Shuly Wintner
7a7b61b5bbaea74f499c93e07c21f172c5598261	Dien Dinh
31fd675529208d75d8241329905ec8aa86e7a6ca	Chew Lim	Haizhou Li	Hui Zhang	Min Zhang	 Tan
253e28922dcface478c43fee9e33ea1137fdcabf	Michael Kaisser
8c14c4ad39f3e006fbcdab8031ebcea808ded8b8	Alessandra Zarcone	Jason Utt	Sebastian Padó
5cb655df520c00746a3d44fe3b3be48014b0baac	Slav Petrov	Uri Lerner
4d06669b8b13ad35a6cdadcb981c6c0f70a6fa26	Paul Buitelaar
3b527be9f9b7ac29f18f32a8f9e9ff4fa5231df0	Carlo Strapparava	Rada Mihalcea
edfbf28993ca31aca6a31e3f213594dc3e80cf07	Joel Tetreault	Le Zhao	Martin Chodorow	Ralph Grishman	Wei Xu
082bcec29d021ef844736565277cfc3a0c9c3c43	Ann Irvine	Chris Callison Burch
02e2b6bcf6a87fef41f029b9170ab84656774896	Bing Zhao	Matthias Eck	Stephan Vogel
55ad34fbac347503004d15ced039751b22334a51	Ellen Riloff	Janyce Wiebe	Siddharth Patwardhan
f29dbbcba81529cb93f59ab48eaaefb296584864	Anna Korhonen	Lin Sun	Thierry Poibeau
13fdafac4063e1e053f9886a189721eb0d435594	Eduard H Hovy	Robert T Kasper
6cae60d69ebc0d7feb6b50fa83f23f6a300b0c6d	Vidas Daudaravičius
4c0f871bb4c19ec525cd895e2144a4a232aa69a9	Eiichiro Sumita	Taro Watanabe
bea44eadbc3e380835df1701251c6aa89d03fe0c	Graeme Hirst	Yun Niu
92abe8c520ab5b1d9ad99cd7be5af6a0e040c84f	Clii Ching Lin	Hsin Hsi Chen
cf4362da2bd293cc9f92db3544d9c4c302ad07ee	Alon Lavie	Michael Denkowski
94a9af119df61f501980cf095700f35c2a7762a3	Marcus Thint	Zengchang Qin	Zhiheng Huang
a03d2f53cd9938c595776dd41a62c515bd3dc060	Thomas Schoenemann
09e5678aae479eafcdf1e005a3273245894c638b	Hermann Ney	Jia Xu	Richard Zens
173f01d68298ad95e969bdf38824809728bae1ef	Meni Adler	Michael Elhadad	Yoav Goldberg
38049109d8f6ecb93d5137191d6d5178f7de50b2	François Portet	Frédéric Aman	Michel Vacher	Solange Rossato
41bf66717feeaca005a9e579652b870d1c8da99d	Mirella Lapata	Roberto Navigli	Samuel Brody
3127d3b1245a85def0f1fa9b8b2bbf4653cea2f1	Mitesh M Khapra	Pushpak Bhattacharyya
2c0257f3781bb00d76e0eafe8cc9a6964b106b00	Andrew Rosenberg	Julia Hirschberg
437c00d6b4e947dbd9a65458f5b86ec1e418a48f	Kazuki Kobayashi	Kotaro Funakoshi	Mikio Nakano	Seiji Yamada	Takanori Komatsu
a730de25ab201c3e3355d2e7bcffba44e9c69e10	Yves Scherrer
7230405e170e98d0823ac46dfd08597219a1eb12	James P Callan	John Broglio	W Bruce Croft
7d99ad3a64a78199c2d4090c735943f1a5cf2522	Ayu Purwarianti	Masatoshi Tsuchiya	Seiichi Nakagawa	Toshiyuki Wakita
95142bdec8661c374aa0c1082fa560d323cea177	Cláudia Santos	Gaël Dias	Guillaume Cleuziou
f9a0cd1e0bff75507f0290b196c8e3eff5c3d675	Christian Hardmeier	Joakim Nivre	Jörg Tiedemann	Sara Stymne
3953a2c27e140ae7e20a10089cd0dd68c9c794df	Lucia Specia	Wilker Aziz
e0a199194e88f93acd5bbd6297a8faff4eb82f9e	Katsuhiko Yuura	Masahiro Abe	Nobuyuki Takeichi	Yoshimitsu Ooshima
a541b231e8d88d701beb1608353209fd82eefdc7	Amittai Axelrod	Jianfeng Gao	Xiaodong He
c860429b2553536ecdeec21ca2192d861561540a	Dan Jurafsky	James H Martin	Kadri Hacioglu	Sameer Pradhan	Wayne Ward
ad890a3ac524282d54cfde9f2fb1fe37e7912ba7	Fei Xia	Kelly Peterson	Matt Hohensee
bff5f0785ac1daa2b36d4a77fb8fa1963e97ac92	Aitzol Astigarraga	Bertol Arrieta	Manex Agirrezabal	Mans Hulden
8b80391c5ab216bf904d4f015493c180db440f40	Antonella Bristot	Rodolfo Delmonte	Sara Tonelli
7db5baf284deb1d71bc1934add9aeb25874036e2	Guillaume Bouchard	Marc Dymetman	Simon Carter
935c83c4d9ca351fd5fa89a01d4afd8b868018a6	Jiang Yang	Min Hou
74cc22ca9eeee2997b0ecf2883b57d1a81842299	Baobao Chang	Weiwei Ding
1781f7ce9fbe8bbc1840b35d0754d8d225b1f54d	Kent Wittenburg
2d0fe2c6ca588323d1be4466d1114882ff5b6ee1	Fernando Gomez	Hansen A Schwartz
dfd0b255bcf31014b1702ac4973eb11ff4cfa441	Amitava Kundu	Anup Kumar Kolya	Asif Ekbal	Rajdeep Gupta	Sivaji Bandyopadhyay
8a0086ee084cdde70ff23834122edf238af84400	Jean Marie Balfourier	Philippe Blache	Tristan Van Rullen
07a78850c0c2ff11acf21fccca40bfcb79da282b	Daniel Marcu	Lynn Carlson	Mary Ellen Okurowski
bf3b2f8aaa92e44244659030cd304723e2f4c2a9	Hiroshi Nakagawa	Minoru Yoshida
ba786c46373892554b98df42df7af6f5da343c9d	Ashok C Popat	Franz J Och	Jeffrey Dean	Peng Xu	Thorsten Brants
8b6e063ea1d8ee1f742de144fa67ab2f5542e9f0	Alexander Vasserman	King John	Richard Crouch	Ronald M Kaplan	Stefan Riezler	T Maxwell Iii	Tracy Holloway
f909024c2fa4545a6214e8aeadcd3dc90cfa061b	B Mac Namee	J D Kelleher
73fd51efd897b86f405bcbc07d10cbfbec54fb8b	Massimo Poesio	Tommaso Fornaciari
26b8d6c1fe77c4b259eaaa03ac55657ca0ec378c	Graham Katz	Jennifer Williams
4ea4f6200a919451d36363fb6f5c6cbc9b555195	Arun Ahuja	Doug Downey
e55ea57a4d6fa1991b5eb95a0785d63c7b859203	Colin Cherry	Dekang Lin
ddeab6770134141415e36d3f0427aea11bc62697	Beata Beigman Klebanov	Eyal Beigman
1bd1b8e5d21727377ff07fd751d9fc8c22abf2b3	G Uls¸en Eryi	Umut Sulubacak
50a4f82ea66183c68ba5fcaf37240c860966e519	Cem Akkaya	Janyce Wiebe	Rada Mihalcea
f315462e88faa4c625646393865b22a4045cebf3	Abdulaziz Al Amri	Mark Stevenson	Robert Gaizauskas	Yikun Guo
0fa6cc19d13bf442e6b9469b737ba47d3888d62c	Richárd Farkas
e654bf95adf4feacffec0c986ddc3b87f6fd7f03	Elijah Mayfield
01fa67ac73e0e1de98b5ad22cb88c48bc9d8cc9f	Ben Taskar	Jennifer Gillenwater	Luheng He
d3c020502c446e8b87d8e4a1384b59cf00146996	Anna Korhonen	Lin Sun	Yuval Krymolowski
f1e832d7cdb2c9a33e25752bee84771457eadde4	Anoop Kunchukuttan	Pushpak Bhattacharyya	Ritesh Shah
a72cadf290d5779bc9838ae1dde25e4cb76a0566	Kapil Thadani	Kathleen Mckeown	Yves Petinot
b034eccb6dbf2dbac266840dba2e5b3246867ce7	Michael Elhadad	Raphael Cohen
124f442cac7748c1182a2187f5eb233f54a50fa6	Katsumasa Yoshikawa	Masayuki Asahara	Naist Japan	Sebastian Riedel	Yuji Matsumoto
c516a0af72b9d524c36f7ee09589a252297b2df2	A Sethy	B Kingsbury	B Ramabhadran	J Mamou	U Chaudhari
073baf7436b91607356bdf62fcfe7aa627331777	Giorgio Satta	Michael Collins	Shay B Cohen
019933f4b4b78346f9256849cbee4c30387f8174	Andrew Mccallum	Jiaping Zheng	Jinho D Choi	Luke Vilnis	Sameer Singh
145472a4b1143a7a96c813991a3fa7d7325a4904	Guido Minnen	John Carroll	Ted Briscoe
30a2865292fe1c058dd6730bc7fc23e43a440495	Yang Ye	Zhu Zhang
b647fe7b6505fb3c1e007bd0c7f838d9a8b75d54	Lo¨ıc Barrault
56a59cdda81bc697ea933cccb727accc58577a56	Fei Xia	Lucy Vanderwende	Meliha Yetisgen Yildiz
0a5cba700b430f676dc83c83412e4d60879fba22	Jiirgen Wedekind
9704a31928ae64e337a0fb6726221f2602f69c2d	Luke S Zettlemoyer	Michael Collins
78cb5d37ae40afa70bf76089196ff35eb2fbdc7d	Dipti Misra	Rafiya Begum	 Sharma
ed4a7e7a45dae98461fef443a32a5fed56c92d89	 Ando	Kubota Rie
62b3b3c1036f15a88c3ef04daf69997a4c7eb625	Andreas Vlachos	Mark Craven
bd8bac63151edcb4ba44cee5f87423c382e43d66	Alex Rudnick	Michael Gasser
6d42e405d9b7270079eb33e228141de9d57bded7	Katja Filippova	Michael Strube
6ae2191a3d4736781c087a1fde68dec6f5845658	Sivaji Bandyopadhyay
bde018c35d1a797380701840fdd365483458ba92	Nick Montfort
34607b4ecec2c7c20fa9d7a7fd2c90ab0ca9083f	Chris Roeder	Elizabeth White	Hannah Tipney	Helen L Johnson	K Bretonnel Cohen	Karin Verspoor	Lawrence Hunter	Philip V Ogren	William A Baumgartner
89ec29aea244e5f81f7316c5f8d565bd61429374	Oscar Täckström	Ryan Mcdonald
110443841ae2a5466d5cdb3e417491573c0e1151	Mark Johnson
370702b927a78128c390e10ab92a8149dd8b1ca4	Dennis Reidsma	Jean Carletta
e5b5c820e870c25543f5a5e85c0375c35b54c2e6	John Beavers
2e0264c4a6b31f1032a4079b7f259d07d13cf4d9	Bernd Kiefer	Christian Spurk	Jörg Steffen	Rui Wang	Ulrich Schäfer
301f8346f5a5bfe34cad24caf2e480b54b1e0e32	Amanda Stent	Huayan Zhong
c108531fbf3218787cc9d779d3c06ec9e92c0e10	Ciprian Chelba	Franz Och	John Denero	Shankar Kumar
63c49d77bca937c2ca94b3d5ad1443599dac280d	Daniel Gildea	Daniel Jurafsky
6282976d5df937826e5add9429ca459be32586cf	Detlef Prescher	Katrin Erk	Sebastian Padó	Ulrike Baldewein
7ed8b27291103b782fb735a685335f2d4a39931f	Beata Beigman Klebanov	Michael Flor
b87b89e95e14388ec04db38250a81011a33d9782	Gijoo Yang	K Vijay Shanker	Kathleen F Mccoy
ca7430b99b10f5d0a9434918eb65505f5c53d473	Matěj Korvas
1dfae23c8825e5afcf1c422bbad950d4b9f6fbcd	Carl Pollard	Daniel Fllekinger	Thomas Wasow
d53308443199de889a6c4ee9c266d4e4e93dbffe	Manoj K Chinnakotla	Mitesh M Khapra	Pushpak Bhattacharyya	Vishal Vachhani
fdf4895f4c7a4df1823de277632c4ebea9f50f4d	Mamoru Komachi	Masashi Shimbo	Tetsuo Kiso	Yuji Matsumoto
2bb76e612925b56ff2e62070a43f530490996d1f	Eiichiro Sumita	 Hikaridai	Hirofumi Yamamoto	Michael Paul	 Nict	Satoshi Nakamura
9b1f2e408885ebc3b1f9790d94ae0bc9c71535e2	Afsaneh Fazly	Aida Nematzadeh	Suzanne Stevenson
8860f4458387f6dc5a51ac6241369f6156483714	Hyopil Shin	Jerrold F Stach
8297a2bd752836fbbf2029fa6686f2f03b89dfe2	David Talbot	Miles Osborne
3e771b09dba09603bf416bb67ccd57644e56b25b	Svetlana Stoyanchev	William Lahti	Young Chol Song
fbfbee5fd3bbb5e1295bf04e2139f38c27c7f782	Arne Skjaerholt
74594d099b81bfaef5a267d5df2f8da253cd3341	Donghui Feng	Eduard Hovy	Erin Shaw	Jihie Kim
47fbc70a58e0ee760a49241f0649101a63d909c0	Chao Lin Liu	Kan Wen Tien	Min Hua Lai	Shih Hung Wu	Yi Hsuan Chuang
af30894cdb9fcd6b43e41268a946735a5b67a558	Dan Bohus	Geoffrey Zweig	Patrick Nguyen	Xiao Li
c8c5eacc0c2c2d95ae3c6d43ed1dc90e7af369a3	Ge Xu	Houfeng Wang	Xinfan Meng
cb89c54521605a9957c5df86b113625c4c43bfc9	E Bick	J Coelho	J Souza	L Rino	R Vieira	S Collovini	V Muller
d48edf9e81653f4c3da716b037b0b50d54c5b034	Congle Zhang	Daniel S Weld	Luke Zettlemoyer	Raphael Hoffmann	Xiao Ling
9a37345e292097a3acb223748b6aa478ffc400b4	Brunelle Magnana Ekoukou	Denys Duchier	Emmanuel Schang	Simon Petitjean	Yannick Parmentier
22dba0ff2f3221ccd03e92de9c306fc44dfee182	Mark Dras	Sze Meng Jojo Wong
e4493e77bec26bb5a36e940895dec1960369dca6	Elif Yamangil	Stuart M Shieber
a3df63bd6b16615b0858dbcaad0cb7336fb42214	Alan W Biermann	Curry I Guinn	D Richard Hipp	Ronnie W Smith
15c1f61aa9ce9e5ec425c81a1794e43fe850c36c	Claire Cardie	Janyce Wiebe	Veselin Stoyanov
0e68fc0acd86e47e7882416c63bdedc323907517	Im Walde	Sabine Schulte	Silke Scheible	Stephen Roller
31cc2401fd72b8c88ca932111160a0660f15f01e	Jelena Proki´c	Tim Van De Cruys
ce311f35e7446d185a79e9a4ced85dcbdeeb6a95	Barbara Plank	G J M Van	Gertjan Van Noord
f5e47cf3c84b8e1614d063d19d28e1d4a405a620	Eleni Miltsakaki
67164daab7e6e01c378979acacc41f94d9492de8	Mary Harper	Vladimir Eidelman	Zhongqiang Huang
071da05dfa9850ab985af282633a051831023224	Alexander Franz	Doris Ecker	Eugene Koontz	Kazami Uchida	Keiko Horiguchi	Lei Duan
739015190852b999a44b346663ec22e523526c9a	Meishan Zhang	Ting Liu	Wanxiang Che	Yue Zhang
7b87b82cfb042854e6a98d63c699f6b32d9f40d3	David W Packard
e55e5df3dd48e913d9c2a1704a5c1bf6d8e5ba1d	Kewei Tu	Vasant Honavar
37a0db4cde26750ea0b062112eb83ed8b8822626	Martin Jansche
eb427e4f1de261d3a4404c3808a671a74827baf9	Aleš Horák	Pavel Smrž
257cedcbbd78a9bf281d758a3761f897a7a73f1c	Kai Liu	Qun Liu	Wenbin Jiang	 Yajuan
7003d7252358bf82c8767d6416ef70cb422a82d1	Edward Loper	Ewan Klein	Jason Baldridge	Steven Bird
56a6af937507bf1e8a4d4089c01272c73698c8ea	Katrin Erk	Sebastian Padó
804001113f90f7b88a97e4f65d19bf99e351ab36	Deb Roy	Michael Fleischman
a7102ea0bbf675d18d6a6bdac261e0199b7f7274	Benjamin Van Durme	Chris Callison Burch	Peter Clark	Xuchen Yao
b8b267ec584d60140247dfd313bc57a134a5367b	Jae Ho Kim	Jun Goto	Key Sun Choi	Masaru Miyazaki	Yeun Bae Kim
db22ce6894d2319132dd9a465262bd65f99c71af	Antonio Juárez	Esá U Villatoro Tello	Hugo Jair Escalante	Luis Villaseñor	Manuel Montes Y Gómez
09b93e5ac95647dabd3397b1883dacb4469352d3	Lynn Lambert
8a80724ba549af1b239206955954ef7f452c6b98	Brendan O connor	Bryan R Routledge	Chris Dyer	Dani Yogatama	Michael Heilman	Noah A Smith
2fc7071017c24ad34f0bae77117ee734d90f97a5	Sharon Flank
960597a6ac49a48ec493442de2027b0f389ebedd	Julio Javier Castillo
1e025c119bb760c5bd80f792b598028e5da9a304	Hozumi Tanaka	Virach Sornlertlamvanich
404a7bb70a535de4ac3edf79543f00293523d486	Anton Leuski	David Devault	Kenji Sagae
e4adb6ce787ffbab561bad6484130e7d0b3b3797	Benjamin Snyder	Sam Sahakian
d18248c0b6fd887b795be11ff53a8265bb29d62e	Kadri Hacioglu
ff682d0cb5dd6e85458203096c2b5c9d9cac390a	Masaru Kitsuregawa	Naoki Yoshinaga
67fc65e8957dcd949141ad75ef19c10ae5fd8609	Fintan J Costello	John D Kelleher
718163af9b535aeaf38568ceb55f75d4de55acc9	Andrea Mulloni
37ded3193329e89229529ced271034d15ca04d4c	Min Yen Kan	Su Nam Kim	Timothy Baldwin
3a70bda2ea5764774f89ab5432e82a2e03f07a00	Kentaro Jun ichi Kazama	 Torisawa
6a547d8629589c21ba85ff9182f255fdd6933e67	Anette Frank	Michael Roth	Michael Strube	Stephanie Schuldes
ee2f956b0e5bd55b8b4bf696aa50a585668b4906	Ben Mustapha	Blaise Thomson	Boris Villazon Terrazas	Helen Hastie	Heriberto Cuayáhuitl	James Henderson	Marie Aude Aufaure	Milica Gasic	Nina Dethlefs	Oliver Lemon	Panos Alexopoulos	Peter Mika	Pirros Tsiakoulis	Steve Young	Verena Rieser	Xingkun Liu	Yves Vanrompay
f16c0699a873b0209a370e8e6301b0189785c614	Andreas Vlachos	Ted Briscoe	Zoubin Ghahramani
e60e0f402a6c0f275477a8c83636d76fae069b56	Dirk Geeraerts	Dirk Speelman	Kris Heylen	Yves Peirsman
217f56a75f5484884f5f1fe3fd24cabab3c6926a	Afsaneh Fazly	Paul Cook	Suzanne Stevenson
5c1c6c06f95944b819651e62042c6c1be953c580	Nathanael Chambers
3c1d61591b8d1b80e6126f3f2e286f5162471156	Daniel Marcu	Jason Riesa
31e43eb5d49824963434b4c4c9047cf8e37e2b5c	Ralf D Brown	Robert E Frederking	Ying Zhang
685577ccc5677d651eacdea0cdf6ef2b51e64766	Carl Vogel	Erwan Moreau
c806a347a16c389b35534ddb2d8ac8826d4bd258	Aurélien Max	François Yvon	Josep Maria Crego
ad493769d37e41bb5d4ac1e04095a5abd14419b9	Jessica Ramírez	Masayuki Asahara	Yuji Matsumoto
6d3e1c2db206d54c91e15f83f46b07a6601fcae6	Benoît Crabbé	Djamé Seddah	Marie Candito
e672186ff80682e97fb0882fc5aa85e8c9997d23	Donna K Byron	Joel R Tetreault
7449d140d482ded6ad2825d461aa8933d9331dd4	Boris Yamrom	Consulting Llc	George Aaron Broadwell	Ignacio Cases	Kit Cho	Kyle El Liott	Laurie Feldman	Samira Shaikh	Sarah M Taylor	Sarah Taylor	Ting Liu	Tomek Strzalkowski	Umit Boz	 York
c0b353701dacd7869bdd42809635f068acd6f50c	Guangyou Zhou	Jun Zhao	Kang Liu	Li Cai
09bd7a01202263a130bc2562452feb31b92d8389	Fred Hollowood	Jennifer Foster	Joachim Wagner	Johann Roturier	Raphael Rubino	Rasoul Samad	Zadeh Kaljahi
f11be60b2a822e1e20d3d2224245c4222f5ce176	Matt Huenerfauth	Pengfei Lu
c57f5103ab0268278f5cb1e62a9c7ad8ed2f4e93	Nizar Habash	Owen Rambow	Yuval Marton
1fcd3ae8340d3eafe059d7018290f3c47d6f9a0b	Christian Federmann
a13743237e9d8b320baebba1daa6010f82991ea4	Alex Lascarides
b444082f5253ed489e2ce1f905971f6bb413cf0e	Richard Denton	Stephen Beale	Tod Allman
9b7696b69fb61994daa83e9e089b60fcefdbb234	 Akıcı	Burak Kerim Akkusçomputer	C Ruket
b4943e859d7189933f8ec5dd6d219fe538a3f895	Hyukro Park	Seonhwa Choi
4352bbd2cb56e659e3fcc148d998976a5e933f35	Barbora Hladká	Zdeňka Urešová
acd9c5d7e4e0fb20690644fb5e8e18b0581f2c20	Bowen Zhou	Martiň Cmejrek	Zhongqiang Huang
13f235c1a14e3843bf880ff8b59ba6a8adf015b6	Masamichi Shutoh	Tomoki Shutoh	Toshikazu Fukushima	Yutaka Ohyama
c0fe849601a791656398f022237604af2390d511	Mikio Yamamoto
25d2151c57a7ce5b1a615d49014a2ab6d7320886	Chris Quirk	Daniel Micol	Jianfeng Gao	Xiaolong Li	Xu Sun
bc0176c5dcdeb1b1ee2680e69eb52afee3b0b4f0	Peter D Turney
ae946b252bf1d58a906935f2f4a8bb7fb9e441f2	Christian Buck
259918795730b7d7b041582ca038e241b9a26ffe	Douglas E Appelt
eb46ac0f13f8c911588459b4eb7da2538376873f	François Yvon	Nicolas Stroppa
4df1de025f9e93b676182cac8db9fc0d41ad0de1	Augusto Luiz	Diego Mollá	 Pizzato
6d8c40ace9cb9d79680815950144bee7a0555a02	Changning Huang	Endong Xun	Ming Zhou
bf316e912f7971e8d4bce2cc2eb01c96ea2fe1ec	Deirdre Hogan
305e36058fdd758981e566739446625f2a5ed1b7	Bahar Salehi	Paul Cook
26b673b827d52fe38a65792d1967d50b9f1b8382	Evelina Andersson	Joakim Nivre	Reut Tsarfaty
af4b7781cfa6d0aadf2993202fa9b31fe5b5e846	Naoto Katoh	Teruaki Aizawa
c778ed6a6b4fec4a4baaf7815db60b88fc31cb44	Chris Brew	Im Walde	Sabine Schulte
5ff9026c254d26c4c66c3eebe793680c2e3e8921	Michael Collins	Terry Koo	Xavier Carreras
6b1e751720599a562ec99e112193c5880cb3aefe	Jing Shin Chang
4263524239c86acee08d35136d4f14639b911e85	Noah A Smith
df80f15ad8f6d5871b9ecb7b4d8279b29ae340ac	Bryan Rink	Sanda Harabagiu
0b025b96ee557d10cd43415740058ac751cbddbf	Antti Veikko I Rosti	Bing Zhang	 English	French English	German English	Richard Schwartz	Spanish English	Spyros Matsoukas
c2587d65304d8d4836a4c2a1a287968005ee7eed	Heng Ji	Prashant Gupta
6fddbed091394a6ef4360efdab1f746a67230e1b	Tadashi Nomoto	Yuji Matsumoto
38a24b5978f49e3696bfbc35ffe1d7752a9afd06	David Sankoff
5209c6fb3efee27cddcf0203628c41776e42fe4c	Frank Rudzicz	Gerald Penn	Xiaodan Zhu
b4f230a88e09bd1d577dee8a225d1d3863d99a3b	Adam Purtee	Lenhart Schubert
8e216434ac6310f63c0e58515dd637c598b60042	Alina Maria	Anca Dinu	Ciobanu Liviu	P Dinu Octavia Maria	Vlad Niculae
f0f0489f8b51cfcd55f69d285e4792628a596d08	Alex Lascarides	Ann Copestake	Dan Flickinger
2ae47a1578d57d49f66fee6cc2bc5b7734bcd8b8	John Kovarik
8640e3ff4f7e0422ad0e6e58a5b004a804b05c1f	Barbara Lewandowska
f760d1987c63d747326cc77ee2fcb6028781c888	Ant6nio Branco
41c65388fc3adea3dc51f7c2997fa1d1586649bb	Ion Androutsopoulos	Prodromos Malakasiotis
adaeaf18fc9da2dd49695059755bc959342c2325	Björn Gambäck	Erwin Marsi	Hans Moen
15781aa355315f5b088fb58a2447ccc426f7b01b	Florent Perronnin	Stéphane Clinchant
c0e2e16aae101561680b392acb3a5cf27bf2b00b	M Ostendotf	P Price	S Shattuck Hufnagel
54335adc6cf304887ef9bc036927acc8499fecfd	Paul Piwek
7184db4238779908a890c71f2444c7037df79ce0	Martin Cooke
46e06cf27255dedcd40a99751dbc14d7fd44f80e	Chris Dyer	Miles Osborne	Phil Blunsom	Trevor Cohn
c64333c7c770dac91682aefcc58a432ee5bc2d95	Altaf Rahman	Vincent Ng
f8783de1f6831bc29cd273f1f1468f21ac94e954	David M Blei	Noah A Smith	Shay B Cohen
3aa02a820ac94bb9387ab1cb6e00ce9aef53aa2b	Marco Lui	Timothy Baldwin
fef2b30e20c613a233011a4306362e61c082c475	Satoshi Sekine	Yusuke Shinyama
b75f401d4dd8b51cb09c4ae8045c3eec61161da0	Judith Klavans	Rebecca J Passonneau	Tae Yano	Tom Lippincott
a12e9956603de945071f18fe5dedf0648fc0783f	Eugene Charniak	Rebecca Mason
c6db8225161eebc2f2f8c7f5c82a1a12efe48ce3	Jun Ichi Tsujii	 Tam	Wai Lok	Yo Sato	Yusuke Miyao
a04b4aab78f1b8a3c2e9420167c12c293dd1b1ef	Beryl Hoffman
debae263811ca372354533a6ba7913061148f4c9	Mona Diab	Nadi Tomeh	Nizar Habash	Noura Farra	Pradeep Dasigi	Ryan Roth
3aead3586252eb53754204662f219a033dfe6969	Bo Xu	Jun Zhao	Youzheng Wu
e694fff394731ffa762d4678723c574cc09ea698	Akira Shimazu	Mikio Nakano
42e085ce92ffe63313690439a71fd52752eccc24	Jonathan Graehl	Kevin Knight
f0196323951558f251a36479d8a0a310658eac4d	Aitor Soroa	Eneko Agirre	Mark M Hall	Oier Lopez De Lacalle	Paul D Clough
8fab7603c7fafde03fc3e98e88322b6d5c43b6b0	Hwee Tou Ng	Yee Seng Chan
3f7f6a5a990fc10a5b78d19b4967751ea1a7bbe6	Josef R Novak	Keikichi Hirose	Nobuaki Minematsu
ac0f1b39452bef430b044434b91f8b0078941b1d	Be ta Megyesi
bad935dd6f10d038e462bea42b5d5f9dd0ffcf19	D W Stewart	F J Smith	Le Q Ha	P Hanna
19b27d9433e52da20e0b9b347f96ae59641b6671	Dragomir R Radev	Kathleen R Mckeown
0222b108dd18431daccec3f4e1b038fac8f0cddb	Mona Diab
e1e3ce99f3230901339bd528ada5f9b7bc887f23	David R Traum	James F Allen
7517b34c903ff244057c70e0b2aedcc8d13352fc	Kevin Knight	Steven Abney	Victoria Fossum
ee0488ab9599529ca12d66598522d14e2ef585cc	David A Evans	Gregory Grefenstette	Yan Qu
ecdc95111b0cb8b095ad531b4c3ad34d74c96651	Keh Yih Su	Tz Liang Kueng
b9e52692d981607475368f68a304f9de420eb74a	Antje Müller	Claudia Roch	Jan Strunk	Katja Keßelmeier	Tibor Kiss	Tobias Stadtfeld
65096adaeaa121025b4b5cba021e65b31f3c96b7	Irene Cramer	Marc Finthammer
0644abb773c422eea42561bc8b9b5de19ef44f83	Fabio Massimo Zanzotto	Lorenzo Dell arciprete
336791de77be89c9b653ec28cd88a71775c03596	Aravind Joshi	Karthik Gali	Rajeev Sangal	Sriram Venkatapathy	 Talentica
324731791726745ca1b9005b53291b8d3d740256	Erhard W Hinrichs	Sandra K Ubler
4ff4c46e9dec9e58ab2a775d1f5c46006c5b9eda	Hongyan Jing	Kathleen Mckeown
471986880bdc1ce94e6e8120cb81403c2b3fca18	Amirsaeid Moloodi	Manouchehr Kouhestani	Mohammad Sadegh Rasooli
08c90e7d935af30f6f60edb987e99ab073998712	Heather Pon Barry	Stuart Shieber
e6aef043a873d32106129b65ad3a180cd8a5fda2	Cheyanne Baird	Fruzsina Veress	Hilke Reckman	Jean Crawford	Linnea Micciulla	Richard Crowell	Saratendu Sethi
6ffbfc01fd25546093d1f1953522d782d4e7fa8d	Alon Lavie	Kenji Sagae
87ffac5812e93588fd322e928296b5874052dbf3	Anna Korhonen	Lin Sun
ff4157222432c0f566a528a1425648673e9057db	Andrzej Pastusiak	Christopher Meek	Ming Wei Chang	Wen Tau Yih
3c446205d80d7ec3db88c3a94bf78c7348f1126f	James H Martin	Sara Klingenstein	Steven Bethard	William Corvey
c03c806d3e38c4ef0450920deb3f17d3905cbd91	Michel Simard	Nicola Ueffing	Pierre Isabelle	Roland Kuhn
9fc06a669eba2dafd4e3603de6e441ca9825d44d	Markus Dickinson	Yvonne Samuelsson
a6b58646dacdde04c6d5594a986d2241cc60d11f	Inge M R De Bleecker
e8f87361638e60af85c7a513d832ac052cf1051f	A Ac Lascarides ed	Alex Lascarides	Claire Grover	E Klein	Ewan Klein	M Lapata	Mirella Lapata	 Uk	c Grover
7d6df94c5ce1a5db365dca5725844e90add55587	Cédric Messiant	Thierry Poibeau
45d5102e328281c668574e25b6195f1eed72767b	Ritwik Bose	Song Feng	Yejin Choi
0c307ef6930fc80c14199fdea46b269aa329dd1f	Anoop Sarkar	Aravind K Joshi	Libin Shen
107c0ab149ed8c34424463fddb1bce40f65f4405	Irene Langkilde Geary
3eb6684de116233ebecf0aa59be5654621313a49	Fabio Massimo Zanzotto	Francesca Fallucchi	G Marconi	Ioannis Korkontzelos	Suresh Manandhar
799ecca00f5c84c179d9d05b83f726591535e522	Bruno Cartoni
f5b59454dc8c76ee3531e29df26d041dff5dab03	Masaki Murata	Shigeki Matsubara	Tomohiro Ohno
8637c71189002623f96b7527d1f1dcde9c7c4dc4	Arda C Elebi	Murat Saraçlar
c18f7e91ffcaae7ac2b57a8d4779ed5c19e59dad	Daniel M Bikel	David Chiang
f5e8d00fcef8fbcc4e2abffb1b545984416bff9c	George Foster	Guy Lapalme	Laurent Nepveu	Philippe Langlais
0c9427a9c339b7c11a03d196d8c4035b84d6747f	Daniel Gildea	Ding Liu
4513ade434ac24913852d4fd74e31b91920f8029	Aurelie Herbelot
2e174c368e4c58d3cf9e792c1c778621ede39a09	Dmitry Lagun	Eugene Agichtein	Mikhail Ageev
d60d3a56e44a96293f7bcaceb917ff65b317adba	Jun Harashima	Sadao Kurohashi
6390ae400a61ff367e4f4778a1cc7bea3e24561a	Benjamin Wing	Jason Baldridge	Michael Speriosu	Sarat Rallapalli	Stephen Roller
69672bd4dd4dc0155f9deb0e48e555fc42b7c744	Fabio Rinaldi	Gerold Schneider	Kaarel Kaljurand
49ee14e1ccb0cda702f200ad006ccdd5a7b41111	Anselmo Peñas	Chunliang Zhang	Dirk Hovy	Eduard Hovy
77727365299413c51d85a0a7848bbcbbcce824d4	Brad Moulder	Jane Shore	Jennifer Lentini	Jill Burstein	John Sabatini
53951c899c0aadd726f79c1b98706f958a199ea7	 Kaldager	Vittersø Steinar
8ae3e7c94bb2737a5ce806f887b8b62780c7ff29	Andrew B Goldberg	Xiaojin Zhu
f981ec0efe639c2eedfd59771fb024f233bdbc24	Joseph Le Roux
eea153a25d849bcc3bccbcda189b448b500cf445	Diana Inkpen	Graeme Hirst
257f0184a7f2be67e066c9bd57c9c10ee5ff4494	Gang Ji	Jeff Bilmes
a8c74d482809ca8da4c406068d2f3d466ffba730	Kareem Darwish
4376c9712bae2979b7f338e76d3135eb5142bda9	Jeffrey Heinz
2e5b428cc51d93201ac74afc6a645dd9133bf26f	Dennis Perzanowski	Elaine Marsh
20e2934054ef99b448f3099fc9c5488d30ce1468	Eli Shamir	Ido Dagan	Zvika Marx
bc39d073f922d56d89b26c6a5f7827094a8207df	Chung Chieh Shan	Jason Perry
6dc34b3e1b54d71ee61bd8cd12081f4ebb324e1a	Sandra A Thompson	William C Mann
bcb6776fe81d5edf45c24a4ad1ed640e174275fa	Cynthia Fisher	Dan Roth	Michael Connor	Yael Gertner
12cbf917b9ff1d6927555f74203c9b656e841d1e	Aleš Tamchyna	Ondřej Bojar	Rudolf Rosa
67fcff21f14b0fb87b40a37c4f9fac6225ad35de	Bo Pang	Lillian Lee	Shivakumar Vaithyanathan
c384adddcad3a017f8dad14c9847dae0e6dde323	Daniel Hewlett	Paul Cohen
e70c43609f6fc78acf5c981bcefda2dab1576b6e	Dominique Boutet	Karine Martel	Marion Blondel
f2f5f11771b31a20de7cce70980df3d104fa8775	Alessandro Moschitti	Ana Maria Giuglea
d6d89b2e7cc31108ddc9cf90132a3c3f58f98268	Cleo Condoravdi	Lauri Karttunen	Rowan Nairn
835571388c1415ae2d039ce34a9ddc30acde340f	Alexander M Rush	Michael Collins
b7e918806d84412e791a479eb7df05ed1b06ba76	Apoorv Agarwal	Fadi Biadsy	Kathleen R Mckeown
c0e81dc20135416d05d0c396c9fc95bd953fe8d8	Bonnie J Dorr	Rebecca Green
d7ae13ad4d1383d4af3ba2feb54bdda1a00ac861	Rohit J Kate
fb5da2771062b203fd79682154f2a3293897aded	Georgiana Dinu	Mirella Lapata
ee5af3ea5cc91c966b8ef55f81f2d9f27600ad87	David A Smith	Noah A Smith	Yanchuan Sim
a8b6a53b46125483891d27ca6e2ad2f353b6a26e	Katrin Kirchhoff	Mei Yang
6e83aee94515eb435b4f29d55c12c8c0087c289e	Michael Cysouw	Thomas Mayer
bd04d5799a6e6aa7a7bd4474f30d30443f36cdb0	Daniel A Teibel	George A Miller
c27c93b036feece6d0fb070228007b7a912654f1	David Bracewell	David Hinote	Marc Tomlinson	Michael Mohler
bba3d23669dfd15c24c3094ce52daba3e55fd427	Iris Blandón Gitlin	Jaume Masip	Siegfried L Sporer	Valerie Hauch
240f279000e08202212b2fa21aa8bb3ff398b225	Pascale Fung
8d1d98807843fad7de1734629edb0c873015c14a	Fernando Pereira	Ryan Mcdonald
d30e9330bf14776baa7557c6ca50861c39d2bd4a	Gijoo Yang	K Vijay Shanker	Kathleen F Mccoy
4d47cc69c22a703cc0c3660db3273b123cf6db84	Daisuke Kawahara	Masatsugu Hangyo	Sadao Kurohashi
1aacfbd5dfbdfbd65fe5ac1a7c2a5203ead032fd	Christopher Koppermann	Fai Greeve	Geert Jan M Kruijff	Hendrik Zender
efbb059570f42bbe8e42d34d02048cc80f0be881	Andrea Gesmundo	James Henderson
65e15aa9ad61e568a54857c9a7362ee0bc7b6d88	Chunyu Kit	Xiaojun Quan	Yan Song
5c3547fc46664dfeb021a844dc1f1a457c7e5cd8	Martha Evens	Mohammad Ali Elmi
d4080401492905275e6faa12ef3adafaccd29203	Kevin Dela Rosa	Maxine Eskenazi
657fa0e42afe60847af6b9dd5b5d14632e8793f8	Don Blaheta	Eugene Charniak
78293ddc35876972f788caf7add2a032f67faf56	Ricks Op Den Akker nd Itugo Tcr Doest
d9b25549ed06a399b5707808a32387b81b318a15	Mans Hulden
2098470b7d21724fd9d9d828e8c3cc0b399576a0	Jerry R Hobbs
9261047210c8a5e9c89b36accca3ba21c6b122cf	Kathleen Mckeown	Wei Yun Ma
47f5f99242a57491d5b34f5df6606ca6bd5c0fc6	Chongyang Zhang	Guoping Hu	Zhigang Chen
4d8279d1a4a9e892c1b9f7e22df7bf2d300e00b2	Beatrice Santorini	Mary Ann Marcinkiewicz	Mitchell P Marcus
87f09ba5b9fc91b2f0ec90406b41fdd26359b812	Janet Hitzeman	Massimo Poesio
ebff2e4bf235e2633a1bafbefd5e611f67eb7f2e	David A Smith	Jiří Havelka	Keith Hall
ad2d4ae7b81851242a91475d958793c8809205c5	Adrian T Fan	Robert Hecht Nielsen	Robert W Means	Syrus C Nemat Nasser
8f7737359a20babdee1f3b383a31585b4bf65ce1	David Stallard	Robed J P Ingria
f08bb0e4abf9cd758730a248e45136daec1df8d3	Chu Ren Huang	Jin Peng	Wenjie Li	Ying Chen
17ef972818a3a6e95f07334f4fa30cc8f093b82d	Bert Baumgaertner	Matthew Stone	Raquel Fernández
660117e7c89692376f2cf7513386ff6026c794eb	Hai Leong Chieu	Hwee Tou Ng	Yoong Keok Lee
1d96469fd34319bf5ef7761fdd8cd7f9a8c7dcbb	Nianwen Xue	Yaqin Yang
a614dce63eb4e7799c20ad8cded57cf074f250ee	Jennifer Foster	Joachim Wagner	Josef Van Genabith
6df7e80d9df96d8bb1acba776e9e7e3f0ea5a781	Marius Pas¸ca
b8db880b8b534c1e022915c9e568933ca9e689bf	Hsin Hsi Chen	Yue Shi Lee
8418f8a21b9e8299b097564013f6f65d6ae3e29c	David Chiang
07d4fb5ef7555b20cdeae37b6a6c51b0852e5846	Liane Guillou
0f2d98a088d555c3f4fd480fee86e214174ed0be	Bjornar Larsent	Chinatsu Aonet	James Gorlinskyt	Mary Ellen Okurowski
9c6618a83c16567e5e949b22fae48d36269108e8	Alessio Plebe	La Cruz	Marco Mazzone	Vivian De
7307a189565aa6fb98e532da61fecc23f2d3cb93	Diane J Litman	Joel R Tetreault
2719f7bb6512f647cfdf5258a3795edc55995de4	David Yarowsky	Gideon S Mann
a6349582257d500a6b07be09a1ecc5b5ff9ed06a	Alberto Lavelli	Bruno Kessler	Fbk Irst	 Fondazione	 Italy	Mahbub Chowdhury	Md Faisal
7a5b3d20b437c73fca5d6a2cd3c29f0aa7cec710	Joel Tetreault	Mohammad Sadegh Rasooli
24eb97792a7e2c7cdffa01db3c1414667833b52d	James Allan	Rahul Gupta	Vikash Khandelwal
a877ccea302725880a0eee16d0f9f27e045c7b5d	Jim Cowie	Joe Guthrie	Louise Guthrie
226966243877f186d346be01047cf71cee1b5ec4	Dan Klein	Percy Liang
a5282f729c3b018d5b3326fa8e56ac2421bfe172	James R Curran	Stephen Merity	Tara Murphy
5ff938ef23c7a395993f309dffe43ecba4ecdec9	Jason D Williams
1b5ede36a88469f43ba690895315385281731bef	Anja Belz	Ehud Reiter
132bb9dd928749af370a87ecb939bbb0b05d7aff	David A Evans	Xiang Tong
07e8cae9c12b2d692c0767e04254e3793765d8bb	Eiji Aramaki
cfa2bba908c93b6975827cffde4850fc20e48c06	James H Martin	Keith Vander Linden
f190e98a00ce05acbfc6520e4084e94fa12f0b06	Dominick Ng	James R Curran	James W D Constable	Matthew Honnibal
a00cdaba2eb99a324284ba9f915572b6279cfdb3	Alexander M Rush	David Sontag	Michael Collins	Tommi Jaakkola
3a3b3925f2ce7a8ab311f89f07d5bd96742a4f4c	Antoine Raux	Maxine Eskenazi
09e941ab733b2c6c26261cb85f00f145d9063b0b	Chinyew Lin	Eduard Hovy
28a418253205fa24ac8d16dca0ef9c8ebac3beb4	Eduard Hovy	Zornitsa Kozareva
56769bc41e6bcc04d8195256b03ad7bf8652b1d6	Chein Chin Chen	Chen Yuan Wu
957ba9a5696b048decad630126242b1a3415fc5a	Benjamin B Bederson	Olivia Buzek	Philip Resnik
c9a2b4d3e6111cbcf8422574c260878c820c7887	Andrew Hickl	Jeremy Bensley
97581d3160730105e5dd48551d893085eb3816dc	Barry Haddow	Philipp Koehn
940d4df05a90c0b7b376f61b483c123600d39629	Alan Ritter	Chloe Kiddon	Congle Zhang	Dan Weld	Fei Wu	Hoifung Poon	Janara Christensen	Oren Etzioni	Pedro Domingos	Raphael Hoffmann	Stefan Schoenmackers	Stephen Soderland	Thomas Lin	Xiao Ling
9f576b2f26b85467606e1f6ade9335b5db4d8ec5	Nicola Cancedda	Samidh Chatterjee
5d6b2844c17c4f2e7d4c24411eb619073223db15	Cristian Danescu Niculescu Mizil	Dan Jurafsky	Marta Recasens
457c6047e2710feba5ac901de97a458e64ce4b92	Claire Cardie	Jeffrey T Hancock	Myle Ott	Yejin Choi
5afe9a3e3a7bd1f863c96fb3df00b8af95d2a4fe	Artem Sokolov
24e40ccd96a54126ba544b2afe93df7294168608	Joakim Nivre	Ryan Mcdonald
bfbedc68f63ccc66c1b2979c71f95748f8d745f5	Kristiina Jokinen
35cf49870c9a564aba4ae6f69c1f2ac8878f1f8f	Hiroyuki Shinnou	Minoru Sasaki
89dbb817c06ff29bfc2bc9790b1a7af23374aa11	Anna Lobanova	Jennifer Spenader
163396f0fcf123f0c6528130dcb54817df028b7d	Gina Anne Levow
feb081390cd35b662357b9129c600e01e548f8cd	Arthur Ward	Diane Litman	Maxine Eskenazi
3b472466fa64d59d0a92fbf6ba89c83707884cc4	Ashok C Popat	Jakob Uszkoreit	Jay M Ponte	Moshe Dubiner
cb59fada125478c0302c6874aa13a83ab0ac62f1	Abdessamad Echihabi	Daniel Marcu	Kevin Knight	Wei Wang
64887b841f12d71e1385bc792fa4126a7b97db91	John Lee
63d8f9aa61138c2225e51d7360c2a1b4feac5831	Gisle Ytrestøl
5b31e43f8b0490779d8013e0705ae4df8f0488c9	Fei Sha	Fernando Pereira
0e429a43ecc59535aa0c447361c6b0ef0b9f2bdb	Alla Rozovskaya	Dan Roth	Mark Sammons
bcd6bcc366afb3ae98d4ccb3566eceb216c145c1	Andy Way	Hany Hassan	Khalil Sima an
3e6b5ce2203feef292783b3bfc2bf1011a796ffb	Juan E Gilbert	Yolanda Mcmillian
28a83e50b206512ef5712508ab020078fd1a144d	Gina Anne Levow	Irina Matveeva
5af106bb70fba129d2d5511a192003e9da2b56f4	Guangfan Sun
fcf00320b3fda525968307efa08d2a6882d4ceb5	David Goss Grubbs
fa4858eb7413cab99aeb653665a53b5eebec1e7e	Caroline V Gasperin	Helena M Caseli	Maria Das Graças	Thiago A S Pardo	V Nunes
74305a6fb4b73f4faa7e6ba12f6b64b7581e79d7	Albert Gatt	Patrizia Paggio
2d30aa623fd96da99a16c0c3bde73f50c92a5c42	Kenneth W Church	William A Gale
7c09296d1e4f2956d0b86af83c41cabf5b0a4980	Idan Szpektor	Ido Dagan	Jacob Goldberger	Jonathan Berant	Oren Melamud
aec878ecba20af946a61f4d3bc4193338d35887e	Ellen Riloff	Ruihong Huang
9b0ac12c8db71ac501dffcdbdbe129f96c7285de	Bernt Nilsson	Mats Wirdn	Peter Fritzson
56e650eee11956c2d95db454c0b1ce04837a9f3f	Adam Lopez	Chris Callison Burch	Jonathan Weese	Juri Ganitkevitch	Matt Post
1d358588e5cccd75d9290dd8ab669e85b43441b5	Kevin Knight
86b3caccfd94fad5a6f984b6d31667f2b6552e98	Akihiro Denda	Satoru Kogure	Seiichi Nakagawa	Toshihiko Itoh
b7971672c12f60063923bda798833bcbf3f6801a	Antonio Moreno Ortiz	Chantal Pérez Hernández	M Ángeles Del Olmo
8e3fd10c08c36a930abe54218d78f20d2a87e888	Aravind K Joshi	William Schuler
a877c6ce4daec0721e0d2f226ebe8e27355835da	Justin Snyder	Mark Dredze	Matthew R Gormley	Rebecca Knowles	Travis Wolfe
37aa36f45cb9156213aa37225379ee3ecf50f3e2	Daniel Chester
5cbd8381f1cb1358d9ce599e9f1383747839e712	Alon Lavie	Greg Hanneman	Kenneth Heafield
c407adc375a5df2975f88e8c6658acacbe08a97c	Eric Nyberg	Shilpa Arora
56dd47ee5d7d6072e970aee05018f504c8c5fbf7	Diana Mccarthy	John Carroll	Julie Weeds	Rob Koeling
c1d009cae25b0d5fd0e0c2268df00006b9450df0	Amir Globerson	Regina Barzilay	Yuan Zhang
fe3cb0c53c526567e18569dd3c9fb3e66f93ed85	Chris Callison Burch	David Yarowsky	Delip Rao
d3e5c17d9a45b00d1923d256f3fd607553ce0231	David Yarowsky	Radu Florian
92266ad5bf1aba1257053d805df40a599fe99205	Hiyan Alshawi	Michael Ringgaard
eb29b0ade1984b8d8bc605f506a8f6dc49893f94	Andrew Mccallum	Michael Wick	Sameer Singh
89e7b978bfa643380360ece500969a34f686b71e	Carmen Banea	Janyce Wiebe	Rada Mihalcea
546de45c614bee7626a00ab18c7ff68a5d77d6fd	Chengqing Zong	Huilin Wang	Yanqing He	Yu Zhou
b3d24934b4f7facd35a506475561a0f1e185ef82	Matilde Gonzalez
de7bdbf80c80831c9df8b8f82dd002fb91bb439d	Judita Preiss	Mark Stevenson
38d9600c4bfd2acc89f6c3df73997fb1c9d8ca13	Andrés Montoyo	Angel García	Antonio Molina	Armando Suárez	Davide Buscaldi	Encarna Segarra	Ferrán Plá	L Alfonso Ureña	 M	Manuel García	Paolo Rosso	Rafael Romero	Sonia Vázquez	Teresa Martín
18d67be0211180dbfe79241d26635e3955fa5076	Mari Ostendorf	Owen Kimball
20c4d88b1b3bbeb382985166b8fa267440197ff8	Danilo Croce	Paolo Annesi	Roberto Basili	Valerio Storch
d7a753b3b733cd098ec29869a09032b637096af6	Berthold Crysmann
b86f68f8eefefb8224064e0756b1850f8871415a	Andrew Smith	Miles Osborne	Trevor Cohn
aea11378ac0d9a85e5278bc92bfd39a682eb0613	Aria Haghighi	Edward Benson	Regina Barzilay
36b2c7c4b8392fb0346bb48fcac978375b0b7718	Daan Broeder	David Nathan	Remco Van Veenendaal	Sven Strömqvist
f94161fe0672a74e5088d8f67491af28b2949e9f	Raymond J Mooney	Yuk Wah Wong
e55a4a1bde215726969313368afcdc1d57777034	Kevin Reschke	Pranav Anand
33a43c9534418a4e0fbd8fea80b33c43883759a7	Anna Lisa Gentile	Eva Blomqvist	Fabio Ciravegna	Isabelle Augenstein	Ziqi Zhang
9aa5f1ab2639547063190ade80fc52407c3f62a8	Akira Shimazu	Minh Le Nguyen	Thai Phuong Nguyen	Tu Bao Ho	Vinh Van Nguyen
7c3a4683d604ce7932c0719391b0ff2a26f05253	Satoshi Sekine
57a2a5be0cd72cc00f5def2e1e67ed4f2bf63fe7	Robert C Moore
d0eed670a33bbdfd21baab0209e5e1d5f4f49742	Antal Van Den Bosch	Emiel Krahmer	Sander Wubben
28fe44e8fbadfda7e225e0fa67b30fbb2119e5c8	Alexis Nasr	Owen Rambowt	Sylvain Kahane
fabaddd152d047cac54f004d9103b5662bb843e3	Ted Pedersen
b51f7b859b1583bfaddb0dc55863fa29d4daa43f	Jannik Strötgen	Michael Gertz
a1c9da674d8efd88b650ece67bfbf1143f81780c	Eric Werner
d9da9be266b1739dea7691302dc7eb4d33677802	James Clarke	Mirella Lapata
d13807bffb74f898c7d8b1860002d2cb0449f68d	Maosong Sun	Zhongguo Li
e087da86cc4856cf8120349308c435bd83faf744	Amit Goyal	Hal Daumé Iii	Jagadeesh Jagarlamudi	Suresh Venkatasubramanian
c7801a6e44c1184937f8f72e128cad553c5fe6d6	Han Sloetjes	Peter Wittenburg
b9c20eeb97baa7776f60cba2708a5ad4111c53c4	Fangzhong Su	Katja Markert
837c2bf28887fc1a00e1b1148e5df748809da242	Daniel Gildea	Martha Palmer	Paul Kingsbury
3fd6bd972712425bec0db99c67f624791240317c	Caroline Brun
a28c6d792e7b97eb74e8f5fa146343bfa7e46fc8	Branimir Boguraev	Mary Neff
bb40a5dc46670721a50e91f7cf5b04cab3efba97	Annie Zaenen	J Iirgen Wedekind	Klaus Netter	Ronald M Kaplan
35aa29cd9183fca6ccd7d509500083c7fc3a54cf	Crystal Nakatsu	David M Howcroft	Michael White
cb783b86593baf30cd30fe054f557194e760eb47	Iryna Gurevych	Michael Matuschek
c2dda9481c9b8c4731e79501b2febf7957efcb05	Tomek Strzalkowski
cf42f1c29cd54269f9e38cd281d510bae11fa111	Vahed Qazvinian	Wen Tau Yih
c73cd47ff738d39520703ede9f5cc2969f4f4bc2	Rico Sennrich
dffcba6e7cf2f680bc39430461bc188338690514	Frank Drewes	Henrik Björklund	Martin Berglund
bf0fc4a7a5ccf51aff40630c297db61d3fb0b50d	George R Krupka	Lisa F Rau	Norman K Sondheimer	Paul S Jacobs	Susan W Mcroy	Uri Zernik
13e22d15451a25ec753bb5706d8851316f3ff878	David Weir	Roger Evans
edc5e6f85dca2dd16feed457c87ff6b83bf16508	Anders Björkelund	Love Hafdell	Pierre Nugues
bf9ac5bb2de6f49b5cf076cd51bd687fbf690f19	Ching Yun Chang	Stephen Clark
a2723c779af606521398d5a47e46b415f7179c06	Eugenie Giesbrecht
af9c5653efb9e2d08c23cb26c7af5e5dd1f50e4c	Cristina Giannone	Danilo Croce	Paolo Annesi	Roberto Basili
794e03473140760db0681fda938fad93e6d159bd	Michael Gamon
941859fbe315c85cd13fa00667f4a83f7f836797	Fabio Pianesi
5d97c0de30832d5e828c4b779f99b0d3f180727d	F Lefebvre Albaret	J Segouat
6ebf5edb5a43ef197c4e3646ba4c3f22dee7be34	Hasida K6iti	Utiyama Masao
c2b3936844c0d340502836b47aa4a6c11c133d29	Heidi Fox	Lance Ramshaw	Michael Crystal	Ralph Weischedel	Rebecca Stone	Richard Schwartz	Scott Miller
d895647b4a80861703851ef55930a2627fe19492	Fernando Pereira	John Blitzer	Mark Dredze
927ece71d6bfa0789ba1eea2c215c9afb90f0dac	Dan Roth	Wen Tau Yih
139e73218407a31b62cd008e4e819a4ff7d6d700	Pengyu Wang	Phil Blunsom
9eddfa02e821d664c0d9b5afc4c1889d2b0ca40a	Advaith Siddharthan
ad78490de7a38121efbec732de3640bb60896fa3	Jesse Saba Kirchner	Justin Nuger	Yi Zhang
0410fcb3ab956b19641127d9905dc34762e45fa4	Johanna D Moore	Pei Yun Hsueh	Steve Renals
64b1110fa97c099b1c8c0784013c79f1ade490a0	Jinbo Bi	Lucian Vlad Lita	Shipeng Yu	Stefan Niculescu
a4d32e742db4fe7a04408428c3e5f3bee7f7f3d6	Claire Gardent
167ad306d84cca2455bc50eb833454de9f2dcd02	Chris Quirk	Geoffrey Zweig	Michael Auli	Michel Galley
1a48d77b45824cc1982abfa7750f84f3079e930b	Iryna Gurevych	Oliver Ferschke	Yevgen Chebotar
ecbebc40b4eba1b3660c951ea99376dcfcb8b22a	Chao Wang	Chih Yu Chao	Stephanie Seneff
bb51be4a096abc42fe00e89d97691c0ec17fa7a3	Chengxiang Zhai	Jing Jiang
547f23597f9ec8a93f66cedaa6fbfb73960426b1	Charles J Fillmore	Collin F Baker	John B Lowe
bfc4d37a491f0aabccf83c0a85c390c127c37c02	Chung Hye Han	Nancy Hedberg
8c33c90083c9bd32db350b1910a616f9e52d7d16	A Kumaran	Jagadeesh Jagarlamudi	K Saravanan	Raghavendra Udupa
3d5b2bf6944104756b78fcfc94264e80d0ab1874	Toru Hisamitsu	Yoshihiko Nitta
922786cedd9756cc598bf6569a455564e1a3dddf	Christopher D Manning	David Mcclosky	Mihai Surdeanu
782d19b7b07c8cdab8174a0c9b2b0a7e28917d6f	Charles J Fillmore	Coihn F Baker	Fillmore cogsci Berkeley	John B Lowe
5051e54af8c0d6b84f8459c57d55bd19be9f0cee	 I	Kenneth W Church	William A Gale
aa7bfdc7638d93607d0f881b9196cd8f489b39d2	Ian Densham	James Reid
842d01a781669143ba8b0b20fa40a81ca9f04901	A Prol	Akifumi Makinouehi	 I	Kenji Sugiyama	Kouji Akiyama	Masayuki Kameda	Ram Model
1712a1fe73876f43b3637ef6490b57fae98e7b54	Benjamin Van Durme	Chris Callison Burch	Juri Ganitkevitch
c16eb0cbd2caa1d9c85bb365d7ec3aca9dc6332f	André Bittar	Laurence Danlos	Pascal Amsili	Pascal Denis
3fcf5ec992c50ccd27d04a5e0fb5d804de1f8da7	Beata Beigman Klebanov	Michael Flor
727522fd728d15403ab49e42abff5416447c5ca2	Kevin Knight	Philipp Koehn
17ea4e556449bf78e7714f0a0d1bcf4195774b32	Chunfa Yuan	Kam Fai Wong	Wenjie Li
f8f92f791d67883f77525c5aecdb7b10b3488b29	Christian Hadiwinoto	Hwee Tou Ng	Joel Tetreault	Mei Siew	 Wu	Yuanbin Wu
6a6cecd75818f15e9814ea7bf137897638dc7139	Dan Tufi	Radu Ion	Tiberiu Boro
1b294f3ce78a9fd65b288cda2d0d9f939ad1cf9e	Dina Demner Fushman	Francois M Lang	Marcelo Fiszman	Philip Goetz	Thomas C Rindflesch
4dede6ead7ba5c85c6ce8d6a0bc53a8f9738a782	Dan Klein	David Hall	James R Curran	Jonathan K Kummerfeld
38a3225d83685937c60a3b4d80804f5a5c718bf4	Aria Haghighi	Jenny Liu
5dca2add5635d000560bf2cf7c840a90600a860b	Dominic Widdows	Kathleen Ferraro
cad50bc232c4f1577c52cb06ebc7109892da02a6	Camille Guinaudeau	Michael Strube
abba83b5747e98d10ab982df9ae94cc799668f16	Aria Haghighi	Dan Klein
3f40a9564c3b45930a5f6b6db89d02ff1b8cf4cf	Diana Mccarthy	Rob Koeling
7f287b5798a86e7a2194bde6611a884cc179c25e	Johann Mattis List
dd2c59f6b8a99cd7b0d593b9af0e889ec23f6312	Peter Gerstl
f25a31a8fdd1e614d03aa2936faa9c655cc49613	Ioannis Korkontzelos	Suresh Manandhar
23c8d01e1d1488f91683f1e95988091ba6bcd68f	Kristina Spranger	Michael Schiehlen
58de2e457b0f664e6b2205614350fb2a987e74c5	Horacio Saggion
2f0ba3763db6159da2a3186dbedf7a48d4df53b0	Hrafn Loftsson
886d4ead88671dc6919831a8a0cce558aab9db08	Keh Yih Su	Tunghui Chiang
0e5f268a5145c3b6bbb9ecb1423c21bac4262df7	Dana Dannélls
b92309d04f439ca3625feb3bca38db57596f6948	Alessandro Moschitti
72bdee81abf5ca5f88ff66e009ee38af866ca2dc	Daniel Dahlmeier	Eric Jun	Feng Ng	Hwee Tou Ng
5869a922845b680fa08ac2f6883188196e5c595b	Daniel Marcu	Radu Soricut
93eb4f5317f946b7691dab7ef1af43882716f812	Alexander Fraser	Helmut Schmid	Nadir Durrani
a563c6f1564b1e6d1a643c544379abf5069f8000	Daniel Dahlmeier	Hwee Tou Ng
400d655c146e5452d1776c468781d009cf7a3c1d	Alexander Conrad	Cem Akkaya	Janyce Wiebe	Rada Mihalcea
103f2878d3570fcefaafb7eba91c3b7a7f2918d0	Dekai Wu	Hi Us	 T	Xuanyin Xia
92bc4b2ff16c8ca7e5b7a3053191602b0e5a1097	Khairun Nisa Hassanali	Vasileios Hatzivassiloglou
b7c230cd358c2de4944c575c85ec334df4d5292c	Jacob Eisenstein
66087769e3379f06aa0eef1f5d06a7ef6e9fc7a7	Alan W Biermann	Michael S Fulkerson
c51592b839bb73317b16014919f62c675428e654	Emily Pitler	Mitchell Marcus	Sampath Kannan
f671eb22a3af916fa580dbe370ec1aa752fcefb9	Isaac Persing	Vincent Ng
e3859aa606f27a31e61c85273862e77c2d07624f	Masato Hagiwara	Satoshi Sekine
cce113d0438c69bd03f5788dfded9bf9b39d0784	Arianna Bisazza	Bruno Kessler	Marcello Federico Fondazione
382dba2e3d900f94b3b3b73222467cb0393a7af3	Taku Kudo	Yuji Matsumoto
9a9cfb645f150868f17ab401dc04490c9420928a	Carolyn Rosé	Jaime Arguello
b2f8b50b06a2d9f5f468b80338f32ba0ec43fb02	Nicholas Peleira	 Zulu
de8c1d3664a1f97d272139784f50d7b6102d6226	Christoph Tillmann
5b266962454dbf1072f98c217f73568e75458f58	Albert Gatt
9dda3b1ec5088d1d2f88be09587ff9aae0dc9682	Alexander Waibel	Henning Sperr	Jan Niehues
d1fea990f5af8f97b7ac652327284be8bfa27013	Hassan Sajjad	Kareem Darwish	Yonatan Belinkov
692cfa0b89d015587fe9b7820b70325b8f82ea31	Georgiana Dinu	Stefan Thater
cafc8836c3ed6e511cfb81e7cf9c0c018237838e	Fernando C N Pereira	Mehryar Mohri
a22d01199587fcac4c96df5b6e68f0156f643737	Adam Meyers	Roman Yangarber
50bbdf10e0eee6ee9652deaf72380b3fc8bcf307	Jimmy Lin
2c1788e31e0cc9c2528f2f9f398a9f1547320cf8	Chin Yew Lin	Eduard Hovy	Liang Zhou
2f39ea8457f3c8ef100f314a8fa580cd4108a984	Alberto Lavelli	Idan Szpektor	Ido Dagan	Lorenza Romano	Milen Kouylekov
9929112a67eb37a9e68a835fd192268e88b82c0e	Miles Osborne	Phil Blunsom	Trevor Cohn
f6e976d662d69f37e2fbb642db0b5952f0abd940	David Schlangen	Timo Baumann
6c61f738c6e2b8b27e9979b9952270879561a992	Frank Richter	Gerald Penn	W Detmar Meurers
ca20f8146adf21294f048121f234c449299ef67e	Diane J Litman	Rebecca J Passonneau
c208b576558a62ed54648453726037ced8a488d9	Hamish Cunningham	Horacio Saggion	Milena Yankova
f0cce550a3729bb78a82bb8466feef796fd0d3c4	Chiung Min Tsai	Jieh Hsiang	Ruey Cheng Chen
5968067c696653fec60325633fb676f9134bd1db	David Mcallester	Fernando Pereira	Steven Abney
64ea6b4fcc048e128b2aa8794ee2be379c0c415d	Michael Johnston
535ef87eaf180cb1feee95e3c17dbe0ea54151ae	Daniel Gildea	Tagyoung Chung
df2d81a27743af801c8e8c69fa68b9a610a7e0c0	Daniel Ortiz Martínez	Francisco Casacuberta	Jesús González Rubio
a2b48df03588b72d8b3b7ba9e8ce6bcb0df5f2f7	Abraham Fowler	Congmin Min	Munirathnam Srikanth
f271d25ad85f2b05bf6e5e5931c7e8aacc479a37	 Pustejovsky	Sergei Nirenburg
0ae8819c1468177265f502265fddd77ae6c4820e	 Jui	Mark Hasegawa Johnson	Ting Huang	Xiaodan Zhuang
1dfe2507b3dee6c1462fcff9b549fc53c219b9c1	Shankar Kumar	William Byrne
c9f347143e43ff7273f32e7695cf566e023f4b4f	Dietrich Paulus	Giinther Gorz
f55bf60fa2ffe82395e859fb9e2e89015da349c8	Dekang Lin	Randy Goebel	Shane Bergsma
b630e74c399b4b4217529b5aace43c627ce918da	Alexandre Klementiev	Ann Irvine	Chris Callison Burch	David Yarowsky
5b8dae5d145232e4b1234d4dd020f0e285a79476	David Martinez	Su Nam Kim	Timothy Baldwin
1c05ee24a7c80cfe0fe7153dd498eaf61b2686fc	Mary Ellen Foster
c865c7e5d815fba08a69dc4fee327d63646df009	William Gregory Sakas
a89c14364fc184d735601e620348d366869640c3	David Chiang	Hui Zhang
aae01fd0efab4ec60d92eb7233d10bd573ef67e8	Merley Da	Silva Conrado	Solange Oliveira Rezende	Thiago A Salgueiro Pardo
261149f149bbb812632402c33b29f9b01cf794b8	Pannaga Shivaswamy	Ruben Sipos	Thorsten Joachims
f25d19ba09f9fe942e4e9458d54176caf9842994	Daphne Koller	David Vickrey	Oscar Kipersztok
08d8ea305a3a7dc084f1bf30f8e0a5168aadf650	Andreas Lamprecht	Annette Hautli	Christian Rohrdantz	Tina Bögel
bd484e3f62dbd7d8247359a6c817dbaf0fa07148	Michael C Mccord
83dc3d673da9e2a488a09452b3b2d41e0d558dd6	Lihua Yue	Peiquan Jin	Xujian Zhao
9a66167f0ec32ecec86eb1021be12ea611aa3d46	Marc Moens	Simone Teufel
df7fe4c5d1a375bd3dc5b62d9bdd6ae10f6a6f6d	Hao Li	Heng Ji	Mona Diab	Weiwei Guo	 York
7171a67ca2f538ac8b8fb62f10eff8b9e4b1684f	Lonneke Van Der Plas
d4d14920554b9899a7bc2a32c774274098d8bfca	Doan Nguyen Hai
cf28169234e32311d6a90ec39908e3dcbb54f62f	Eleftherios Avramidis
f72fc3de9c493dd8de5dcd852a8eaccbdd482094	Michael Strube
7e0adc74ad2e9b5e29c42c53c15646946a398c91	Bonnie Lynn Webber	Breck Baldwin
510d7e821e55e86a1b0c3bb79907eaabc3cb9910	Ari Gilder	Fernando Pereira	Kevin Lerman	Mark Dredze
c2f6dffa87b43b83caab964c620d36c77ddc7b86	Hung Ting Hsieh	Jason S Chang	Mei Hua Chen	Shih Ting Huang	Ting Hui Kao
7a79847e0218d9bab6bd1b1f8c76c8c13e577534	Kentaro Inui	Shuya Abe	Yuji Matsumoto
7a6e35233481f78d828c8cefb585567e3b089a23	Anoop Sarkar	Gholamreza Haffari
2c23db397ee3295d976a7b1ea5c773645f3630dd	Ana Fem indez	Ana Fernandez uab
e8fe08c7965921c1f0b9f17921f4a0e996f36401	Christian Scheible
6199a1997612f92ef8727f97a7c44b282c2cd124	Jeffrey Heinz	Regine Lai
57720f21645856af306da3cb94238fe296574896	Andrew M Dai	Ashok C Popat	David Talbot	Franz Och	Klaus Macherey
671b32aa85cbf15b36ca05cdc7516549b043b168	Hajime Tsukada	Katsuhito Sudoh	Kevin Duh	Masaaki Nagata	Xianchao Wu
581cfcdcc17eb87125226997cd2b4e067218c577	Asli Celikyilmaz	Dilek Hakkani Tur
51289ae4a00edb40bb4830e56483ed386c0c0997	David Mcgee	Ira Smith	Jay Pittman	Josh Clow	Liang Chen	Michael Johnston	Philip R Cohen	Sharon Oviatt
18a77f81a98a811159e09c127b82c68921ffa2d8	Brett R South	Jianwei Leng	Scott L Duvall	Shuying Shen	Tyler B Forbush	Wendy W Chapman
5cf9c507b342108f256ec3492344339a1821123c	Gabriele Musillo	Paola Merlo
1cf53c62906a48b9d607f94468bf777855199a28	Frederick Reiss	Laura Chiticariu	Rajasekar Krishnamurthy	Shivakumar Vaithyanathan	Yunyao Li
e1e8ec02bfca20ebe030f61dd94ca340ac5b0c67	Guy Lapalme	Pierre Luc Vaudry
db5940ba776f5acf30fb8f58b498885131246ca0	Béatrice Daille	Emmanuel Morin	Lorraine Goeuriot
bdc4301e74f69395434dbb35137c554822a6fc21	Hod Lipson	Igor Labutov
1ed03e95cc2041a18b80415eea1b410af7f0f9c1	Chris Brockett	Michael Gamon	Simon Corston Oliver
2e7865b74bb9dd6637e3d14b7bb31715d685904f	Patrick Haffner	Srinivas Bangalore	Stephan Kanthak
2a78bfc096470d4e68a8e221b9285f427797d991	Adam Hammond	Graeme Hirst	Julian Brooke
b650f7472ac2444066ac57cdeeb198d08ee52e7d	Joachim Niehren	Manfred Pinkal	Peter Ruhrberg
8fa35211be0e45446476b06bcf3913ba4bfbbc3e	Johanna D Moore	Kallirroi Georgila	Maria Wolters
4794a0009bdf58a18f8a3b9910093cc9f5d7e144	Aitao Chen
ace4eeebb008eca2671a1c50121106f5debcda32	Decong Li	Sujian Li	Wei Wang	Weiguang Qu	Wenjie Li
621b34498735b9ca497ab1e0ae4219708b8370ae	Steven Maiorano
e4738c8b41a45845f3c34f2f73b2fba45d5532f2	Jason D Williams	Suhrid Balakrishnan
86031fe45c9908e1a951456c33ff4462e22a5039	Saif Mohammad
6d9c315f716f3527b0e09c94bfb7870328a91ef6	Abhay Kashyap	James Mayfield	Jonathan Weese	Lushan Han	Tim Finin
b902df1d983809b47e137618d6a1146848a95c54	Christof Monz
595e36d16e25c0c04d0eacfe6ec0402721fe1b81	Roberto Navigli	Simone Paolo Ponzetto
b2e761fc32c610f3bfb6579e385e2b2e2ecbd0b5	Mark Lee	Phillip Smith
146b3649b693ae591c8953c0aae5264512c26ea3	Andrew Y Ng	Christopher D Manning	Jenny Rose Finkel
b78b881dec3334abf5b8c6390c40a2d93a177294	Stuart M Shieber
066f11467e857bdf546d7fa4e0f9153fa8fb5dee	Emily Pitler
10f0215d3270075bab7f53b569861f9797ce378f	Eric V Siegel
f7a82e75f8842621b07380756bd9354a9b913c16	Alexander Hauptmann	Wei Hao Lin
275425e11f51483697fd1e6593a241fa185df08b	David Carter
6ea36d17c8ecacbc35e2161a2c28a59b09c7ebb7	Douglas W Oard	Gina Anne Levow	Philip Resnik
d63525f3a4be235fcf28e071c8a518749e385c1e	Cyril Grouin	Karën Fort	Ludovic Quintard	Olivier Galibert	Pierre Zweigenbaum	Sophie Rosset
b2b49a4c32774d03ee1f7a49ea8b2fd5e7508bfe	Deyi Xiong	Haizhou Li	Min Zhang
385cfb178c86c1aad425777fce81b66b4909d4d2	James Allen	Joel Tetreault	Scott C Stoness
d6bf67fac447ce6e7c1ec546ca56af30a4060040	David A Smith	Jason Eisner
ccca3c78f8b8e011fd328bd40116014b1065fa5f	Dmitriy Genzel
511052cc578daf30219bed58a8ebac795c0fcbaf	David Yarowsky	Matt Post	Shane Bergsma
c19b7eb573b1259cc335f567baa56d28cd5fdfa4	Laurent Blin	Laurent Miclet
c54d225fa41fe4c86f4c96d391b5d8485dc7f1a2	Pavel Pecina	Petr Homola	Vladislav Kuboň
40b336a9bc3f8418e18dc6ea74118b4e8ac02292	Ankur Parikh	Avinesh Pvs
f487c68b1970cedfdd53a534830fa2c85ad2ed07	Flavio De Benedictis	Roberto Navigli	Stefano Faralli
b4153c8429d8f24095a291c9e659d923aca9341f	Eric P Xing	Jacob Eisenstein	Kriti Puniyani	Shay Cohen
1136dc552ac2314b4d5fc0ffc82cbcbeac3f66c2	Marcello Federico	Nick Ruiz
3c58cb9527ae19f8f9ded5f0e3a2921e970a327e	Hany Hassan	Kareem Darwish	Ossama Emam	Walid Magdy
f44cbb22fe79a4cf74b91ede038bd60e24c8567b	Min Xiao	Yuhong Guo
571596a4075c408e3738e858d9b781847825fe5c	David M Magerman	Ezra Black	Fred Jelinek	John Lafferty	Robert Mercer	Salim Roukos
a4ebc3ebed13c30b6729690f220a6ad6cdc88b61	Bruno Guillaume	Masood Ghayoomi
08f543031da43edbf0f3fe91cb6b5461a788e85b	Karsten L Worm
653c289b204db3749beb1d5d5f36a26978a266cf	Arthur C Graesser	Christian F Hempelmann	Danielle S Mcnamara	Vasile Rus
9fb7b89164276b5804eb013309a899fcb0c635df	Arjun Mukherjee	Bing Liu	Malu Castellanos	Meichun Hsu	Riddhiman Ghosh	Zhiyuan Chen
996b9bb9b42d044c328d96718dd78568238bed02	Amir Kamran	Bushra Jawaid	Ondřej Bojar
f896acb9f7f09ac3eb3f0d58cb885d2f7f9d8ab1	Alex Acero	Ciprian Chelba
4f5cd4c2d81db5c52f952589a8d52bba16962707	Antoine Bordes	Jason Weston	Nicolas Usunier
980ffba18d4f7ee642697351f2488bdc818be522	Adam Pauls	Dan Klein	David Chiang	Kevin Knight
2ad7d42ab5c3b442ff8cdb61e5db9b5ed046f9a5	Alessandro Moschitti
5b7fb20aa098fe67d468726f317227409efc3585	Jorge Calera Rubio	Jose Luis	Rafael C Carrasco	Verdd Mas
eaecb287f1b44bf243b3067793871f5ecfc3e2e0	Charles T Hemphill	George R Doddington	John J Godfrey
c624f625c0f717928e52fe75ebd2060334364203	Gabriel Skantze	Joakim Gustafson	Raveesh Meena
4d135641931a6efce82bd9c1d69d86e08d3cd28d	Iryna Gurevych	Niklas Jakob
4e2acbda150068debb30df1da54b50b0820355ad	Dan Moldovan	Eduardo Blanco
347d58f011efd9d6dd375e1840341ec37e68f55a	Gary Geunbae Lee	Minwoo Jeong	Seokhwan Kim
e1dc116a0d89e0f638ca21e64ab3cfe34102a62b	Alberto Barrón Cedeño	Horacio Rodríguez	Jordi Turmo	Lluís M Arquez	Maria Fuentes
3740a511523e460d4038c14e3ee94a0f6fdcbe45	Desislava Zhekova	Joshua Bonner	Marwa Ragheb	Sandra K	Yu Yin Hsu
9ac03bd95ee68eaf9951195368d3e7d8fa55514d	Brian Roark	Kristy Hollingshead	Seeger Fisher
cd96a6e0b6bb099c515be8770764d2fd18e7b878	Nal Kalchbrenner	Phil Blunsom
e315a1bdc58a74a0b6dc4cc0a05a7215345ff22a	Altaf Rahman	Vincent Ng
21525b2f4db1219b1f2256c964f5baceeab6dffd	B In	Eric A Hardisty	 Hoffman	J Schölkopf	Jordan Boyd Graber	Katherine Demuth	Mark Johnson	Michael Frank	 Philip	Sharon Gold	T Platt	Thomas L Griffiths
93a3f13500aef890fd2e97a91c314d588fef9630	Heath Vinicombe	Raymond J Mooney	Shruti Bhosale
cf76c1da776ac22c1a55c41ee472fe3d1e1e2b37	Dan Roth	Prateek Jindal
67ab6b7017264f5e5ec68d2a3c185aac70eeeb5c	Andrew M Olney	Claire Williams	Whitney L Cade
8dd8442b68228a0c23af40e5319f0ea43c58b52f	Karsten Ingmar Paul	Petra Saskia Bayerl
262a44f2bd54ca75bb95359f90ce60410b1f67bf	Kazuhide Yamamoto	Manami Saito	Satoshi Sekine
1c121673845b9e95d9f58a14a160fa6fc6b97158	Kathleen R Mckeown	Noemie Elhadad	Regina Barzilay
cd9a9d8ae816fbd2404e886d9d88f91f81d5218d	Cong Li	Hang Li
ca63d82f9f6bf5be67827b6385026c9001161ace	Pawan Deshpande	Philip Bramsen	Regina Barzilay	Yoong Keok Lee
55022b6104ab31ef655441f1670b902ecca2f361	Harald Hammarström	Lars Borin
a0ed80f553f3a77a5b17542507bfc062eaf2c900	Marco Dinarelli	Sophie Rosset
83e5c5ba6371e0ca152aa0df13cfbf640385c9d7	Amy Weinberg	Asad B Sayeed	Hieu C Nguyen	Timothy J Meyer
e0458637181e8fb342b6bd19870c3254b5faa64e	Seon Yang	Youngjoong Ko
edcf1571e4dcd2259d76a179b9f3d7de3d74c7bf	Peter Norvig	Robert Wilensky
37798b65b083c4d134a1a154a5fa1f17cf954375	Fei Xia	William D Lewis
b30a3ddc69814ba1459e8dc4f62c968b620e4a0f	Liviu P Dinu	Octavia Maria	Vlad Niculae
5cfe9bb78fa50955be5a99e6966dd5ba5b4d4f80	Asaf Bachrach	Carlos Cardenas	Stephen Wu	William Schuler
5dee9c97286916ebaeed2c35eac02f8c33fbf959	Sarmad Hussain
c08453625b0dc78ddebe78be50b7d86a7d58247a	Toru Hisamitsu	Yoshiki Niwa
62fe8d3e79a3f0f3df7a5d33ce1af9164c933cee	Christoph Ringlstetter	Klaus U Schulz	Stoyan Mihov
02c6edb92d9e177ed74eac0afe675b97efb2b7c5	He Tan	Patrick Lambrix
51c8fd070a479df71132b43768d541159f80a2b0	Artem Sokolov	Felix Hieber	Laura Jehl	Stefan Riezler
3e9148d8c6724ad5d66d247b14fa3b0ad19c3b34	Valia Kordoni	Yi Zhang
b891549fa7274ebc33dc2e0b52de920675b3c9d7	Danuta Ploch
9e7a0cc841b3851e1135b2ebeb12982f1eb340ed	Barbara Di	Dan Yu	Davide Fossati	 Eugenio	Michael Glass	Susan Haller
2c8f45bd0578ef07cb9bcaf0fc997885dd69a048	Beate Firzlaff	Karin Haenelt
50061de29dda21608176f3977fa270e072a6a90a	Anoop Sarkar	Fred Popowich	Zhongmin Shi
8ec29aecd2dbe3ae1d1a8fec3e1aad48a45fb285	Andrew Mccallum	Aron Culotta	Michael Wick
0032594cad315f9d42dca406f6c03b78f6185cc5	Miguel Ballesteros
9cd3bf0bdb27b7b58cbd27e456b58eab26a16986	Gina Anne Levow
488c9fafea979de353df82a68cb41d82494b4cae	Elena Lloret	Hakan Ceylan	Manuel Palomar	Rada Mihalcea
a471fbbd8638258f127bac07bf17f1ada0e3d01d	Douwe Gelling	João Graça	Phil Blunsom	Trevor Cohn
ed6ae9a1af4a8d92b0223b526d67a902d947b7a8	Anand Venkataraman
335dee2515f0eae9775475e9f10764ea6d84729e	Min Yen Kan	Su Nam Kim
047f3461da44ca79fd9c362a0a2665f3dee92eda	Aleš Tamchyna	Ondřej Bojar
9a4f294f2740d5e1e8a67e0097d284575a1c6660	Jason Williams
5fb28a8a145c7d2205a55353393e7323d2d571f6	Adwait Ratnaparkhi
cd6cf1c604b8aac99b96be0f1541218897af6ab4	Alex Waibel	Alexandre Allauzen	Bianka Buschbeck	Gilles Adda	Gregor Leusch	Hermann Ney	Jan Niehues	Jean Senellart	Joern Wuebker	Josep Maria Crego	Markus Freitag	Stephan Peitz	Teresa Herrmann	Tonio Wandmacher
3c70a4ef38b71d2b406bf5e61b3d55748088cdf1	Guodong Zhou
aa9b321c64aabdf4ec97b9a8571860c95c9f9a68	Beatriz López	David Díaz	Doroteo Torre	Luis Hernández	Rubén Fernández	Álvaro Hernández
a502b02abf257612d15fbc635b59d526afb9b738	Michael R Brent
7f7e2354ff234d408855dd0ec5bd75f9c12d7bee	Christopher D Manning	Dan Klein
055e8f573d32ed3eca74015de4d0825abf86486e	Adam Meyers	Michiko Kosaka	Nianwen Xue	Shasha Liao
a224e8d1073cf8485d8d48276ad8cf5a5a22589d	Alexander Koller	Andrew Gargett	Donna Byron	Johanna Moore	Jon Oberlander	Justine Cassell	Kristina Striegnitz	Robert Dale
fce3f58fd20877ff5c42738818631ad0ec26a7ee	Andrei Popescu Belis	G6rard Sabah	Isabelle Robba
546d0dd34c42b862fc5f07a129bb466948206a45	Madeleine Bates
b699604777b437dde71fbd427c4e177e9ca1029b	Mark Steedman	Scott Prevost
c033c647b47c06792cc951f2c902b01112ea5313	Frank Lin	Hideki Shima	Mengqiu Wang	Teruko Mitamura
a56240a477e7920ee6c7696af3fc120882e61ed3	Dan Moldovan	Marta Tatu
e585e55ab28bfedbbaffcf8c5bce4cabad164e7e	Dongdong Zhang	Jingbo Zhu	Ming Zhou	Mu Li	Tong Xiao
f95bcacf2bb0a66f4f95227d5771de5b123f43c4	Hans Van Halteren	Textkernel Bv	Walter Daelemans
0a0dba86c980d4ba5f881aea0239fa689084e6c5	George Foster	Roland Kuhn
0678c73ff855c93f238538735fcecc1ee6bc8379	Rada Mihalcea
99645cd35f328ec79355617788498eb38d556d1f	Bo Yeong Kang	Qing Li	Sung Hyon Myaeng	Yun Jin
9b78a72bdd20befea393dd3a7fa0055c5da5ec3b	Hermann Ney	Stephan Kanthak
bd6f885032e5324fa64b488a10e468d583b3f1fb	James F Allen	Naushad Uzzaman
f0360572458265266c1257b2cf47dd619e57ecee	Bonnie Dorr	Grzegorz Kondrak
177bfa5b71e3e4fff964c4c96f08d971885b41a9	Fabrizio Gotti	Guihong Cao	Philippe Langlais
74e2e86c669ca0e4273cefd7f79d0879f163dd19	Eduard Hovy	Stephen Tratz
b0eee2a6aa644b7a38152e58c897f71680e3ea67	Christiane Fellbaum
ff34eda45c123782708a564d5fbb232b192ef937	Andrew Mccallum	David Mimno	Edmund Talley	Hanna M Wallach	Miriam Leenders
335445ed2e42b35f7b4eba592e68fcc22d139d64	J Ramanand	Krishna Bhavsar	Niranjan Pedanekar
91dc119d10a4260c7a18b2abcc3483789eb6a3d5	Timothy J Gillott
ba30ce81d5e35babea68ce223a12b560d5785a36	Hua Cheng md Massimo	Poesio Hcrc	Renate Henschel
0f1970214a41413ee1638c40fc0584bc98bef6ea	Christiane Fellbaum	Collin F Baker
c7063aa2791132b9d2d65d75cb83257b75d32e74	Neil Ashton
7c844ec8705797ed63d9d5c98ba71df1e680b936	 Denmark	Jakob Elming	Languagelens Copenhagen	Nizar Habash
c5710531ebeed0e9d261450f5a4eedd1569a3bdf	Emiel Krahmer	Erwin Marsi	Iris Hendrickx	Walter Daelemans
be4f6e467cff26d848ab7698187b0a694000f6d7	Ari Rappoport	Daphna Shezaf
59b64737a1888fe622e7f80d93cb1e530503e8fc	Peter Stubley
e156e6a2804b2d41e64f74d413a5058c252e83a0	Amitava Das	Asif Ekbal	Sivaji Bandyopadhyay	Tapabrata Mandal
be47225edcf09a38166aa5308c030ff87e9f3f82	Chih Lung Lin	 Christian	Chung Yuan	Haizhou Li	Jin Shea Kuo
9725a56f4578462f96cc3ec54c4577ba476f0aad	Henry S Thompson	Louisa Sadler
ad9e7b2ee6936ccc31e6c56121f60d73b4d30b61	David Schlangen
e3a77b604cc714df59c506b26d3fd2224d346be7	Benny Kimelfeld	Congle Zhang	Howard Ho	Tyler Baldwin	Yunyao Li
e556f546574f82d06bb159aec3ac2f862a1485cd	Eduard H Hovy
09ed02b87e6219ceab87d1b75fde6c8f7f2994e3	Heather Friedberg
0d1d0b69ab17b8a781904f42a6987dc99c12f123	Halil Kilicoglu	Marcelo Fiszman	Thomas C Rindflesch
2ad0f706990031a5955e7c641e351d1eb6ea0c93	Hugo Zaragoza	Massimiliano Ciaramita	Mihai Surdeanu
89f477a6464c6230eb638a95a5681c49e880ffff	Adamantios I Gafos	Jason A Shaw
42adab10d34e359087b0b0e86b92f13d23db183b	Brian Roark	Kristy Hollingshead
b71e020c4c0ee896174d11a9a87d8941750dad22	Kam Fai Wong	Qin Lu	Ruifeng Xu	Wenjie Li
d0ddb4cbdc56a40b3b318958d31e383079a6418e	Adam Meyers	Catherine Macleod	Ralph Grishman
34ad5ea056d9a74646be0880d84c26325b68cef4	Cristina Nicolae	Gabriel Nicolae
1e83c2798e87b9d84a8281cc3e9750c948d62cb3	Chris Dyer	Noah A Smith	Victor Chahuneau
14ff2dfebb886455afb061868be947e12d072f30	Ann Copestake	Aurelie Herbelot
799432c55bc6a22d13943defb3810bba334fc60f	Jong C Park	Jung Jae Kim
798b8661018dd7d0652e46e1b3c813e892187e23	John Dowding	Robert Moore
a6bbb67a4993d0aae9bcceb5de461196314b79e6	Cédric Lopez	Mathieu Roche	Violaine Prince
eb60b7573762dca3f0f1427ff0c546e5a57de6aa	Djamel Mostefa	Olivier Hamon
3cb58c4c5e79b6465d1709687b282138a1d463fd	Gu Xu	Hang Li	Ming Zhang	Ziqi Wang
1a6c5a1d99ddd1de0ff0681e13fd73f9771cd2fc	Ang Sun	Ralph Grishman	Satoshi Sekine
fbd5e013ba99b7ee6d2cf95201471bbe48f0aac2	Dolors Català	Jorge Baptista
1a5929e0f044592ec382c32d82e1fcc9c5d771b5	Christian Federmann	Mihael Arcan	Paul Buitelaar
fdc10c3694c6e4c9fd4b82e14945f652ec0db99d	Jason S Chang	Jen Nan Chew
9076183dcdb28ebb3e547f7ffd3f9d5d0faec531	Ghani Khan	Muhammad Usman	Yoshihiko Gotoh
54547b5b16d20d6db338b8983964be1931c60af6	Anna Korhonen	Yuval Krymolowski	Zvika Marx
c004bf7ba0e03ea0fe8c71f82ad24be6cf83504f	Tim Paek	Yun Cheng Ju
cb9bb57578d6759fcbbef7e436581ea45f08c367	Volkan Cirik
36dee4594ab935092d8ee96bf99e025a9c148ac2	Sylvain Salvati
5910ed62028ae8e1958a3325c6a057cd70423649	Amr El Desoky	Hermann Ney	Ralf Schï
d89ca6df26fb377d89acc815675acd18b158549b	Hannah Copperman	Robert Voyer	Valerie Nygaard	Will Fitzgerald	robert Voyer
dd63999e0a6c141a438d0158c2a0df28c11af31c	Anthony Mccallum	Cosmin Munteanu	Gerald Penn	Xiaodan Zhu
3f65195f380bc556c3c8224c39773faf07d4c552	Olivierbodenreider Thomasc Rindflesch Anitaburgun
7fd3ee0929f310cfe80b321e62737a3a7e4ce3f1	Jing Lin
071d4270ec6b098477cac4e0939860f4c67a8858	Frédérique Segond	 Israel	Mariola Usteran Muela	Ran Rosner	Roberta Stock	Tel Aviv	Thibault Parmentier
6f5eb354097459d211861f24e11b0cca1bef2ac1	Donna Harman
378d8752535f9361db73c713eda2b91a05a8b42b	Ari Rappoport	Dmitry Davidov
261dd4cdd47123fdfb48d79fa1e4607c41977ab1	Bharat Ram Ambati	Joakim Nivre	Rajeev Sangal	Samar Husain
fbeba04040946f0201f74055b57148913d21eb03	Kotaro Funakoshi	Mikio Nakano	Takashi Yamauchi
ab63e9432581d634835d180af994cc5cfb1a92e5	David Mareček	Ondřej Bojar	Petra Galuščáková	Rudolf Rosa
ec13adebe90a879a3d4e4c9c029042ade5653640	Eric Kow	Eva Banik	Vinay Chaudhri
3b56693f6fe6b82092c4adc756f20fb9b7710ac5	Asela Gunawardana	Puyang Xu	Sanjeev Khudanpur
56e650efe9a15002488cb393bc0ff956fd00adbf	Erin Fitzgerald	Valia Kordoni	Yi Zhang
3839fb041c3698dc93cb93803235dc6d05c81bcb	Guy Lapalme
b2fb57acc544352677ac083d01f2e78c4cfc20f8	Rens Bod
78f8901f907e1b2a6ceff139aabeca5a438a12b4	 Hermann	Karl Moritz	Phil Blunsom
a955ef76b29922441c67ce1278c36d50a9d52be5	Janyce Wiebe
7476d0013408d70106e65b39a42df4f71ff557f0	Jinlong Zhou	Xipeng Qiu	Xuanjing Huang	Zhao Liu
e1f142703524dd8e4575bff242adfc02b34cd3a4	Bruno Kessler	Christian Hardmeier	Jörg Tiedemann	Marcello Federico Mathur	Markus Saers	Prashant Fondazione
67d34db34ea0201c4c24ca13b3e6226a97647bbe	Chongyang Zhang	Guoping Hu	Zhigang Chen
abe4a8f0c287ff2e8aa2df8cb658a769f0557626	Aaron B Phillips
1195bd0c86c7758a73aa0c7112e1405a12868028	Asad Sayeed
1c9f2beef42f4023911f62311c53ed43d77948bb	 Goldwater	Mark Johnson	Mark Johnson brown Edu	Sharon Edu	Thomas L Griffiths	Tom Griffiths berkeley
ec27735be771c85ad5c46cb8175b88bd5a3d8acd	Graeme Ritchie
ad571941a8f66e10bfba87439e52646ebd43b8ab	Chunlong Wu	Degen Huang	Huiwei Zhou	Yan Zhang	Yao Li	Yuansheng Yang
aa3085f92a9b20a30fe9a07d7193ff46b6b02da0	Rafal Rak	Sophia Ananiadou
3760a79b260505aa34c4d63b8daca348e8c8a100	Dominique Dutoit	Thierry Poibeau
10ce58375314f90f83ca3bb88840cbc67bf8050f	Houfeng Wang	Longkai Zhang	Ming Zhou	Mu Li	Shujie Liu	Zhengyan He
a6109618caa42b7318884b5418cec4c8c06a96fd	Dan Roth	Mark Sammons	V G Vinod Vydiswaran
2a2fa21ef65b82b77ea2ffb1a4e042fa36b9b5df	Aitor Soroa	Eneko Agirre	Jessie Lo	Monica Monachini	Oier Lopez De Lacalle	Piek Vossen	Shu Kai Hsieh	Wauter Bosma
88b112ef2ceedbff9d28c01f30ee734ecde9172e	Daisuke Kawahara	Ryohei Sasano	Sadao Kurohashi
f828dec15b45d0c03b2fc3081673ea67c532deb2	Lauri Karttunen
80f304efbb6beeb9e7ca9d5945aa3cece9c7383a	Sivaji Bandyopadhyay	Sudip Kumar Naskar
8f03655ce0c0ea7f640be886807f525f0c9f1a50	Johan Bos
25f1fafe6e2840cf77ccf8ced2ddbaa6d0b00414	Martin Jansche	Richard Sproat
8450e793c41e20e1e5cdc202b7124c924bfeb70e	Nava A Shaked
34cd587d1e7c871eb0cd11437629ce62cb4ffd94	Stefan Conrad	Thomas Scholz
236abcdf756ad683fb563df22e0a45459758f25a	Aravind Joshi	Dipti Misra	Rashmi Prasad	 Sharma	Sudheer Kolachina	Umangi Oza
33aa559a8836e2df65aaed698760182e9965f27f	Iida Ryu	Philipp Spanger	Tokunaga Takenobu	Yasuhara Masaaki
c9eba6cb547421b5c40a0fd97fde409cacf8ed46	Haitian Wei	Hongfei Yan	Jinpeng Wang	Wayne Xin Zhao	Xiaoming Li
e2370116eb930fdb2d0dad3c961938a386021b85	Janyce M Wiebe
b40818bdd90b7f51cb74e065a1fb0972e94406b2	David M W Powers	Richard E Leibbrandt
18db48e76ee138d340de75c944a343052b577a80	Kim E A Silverman
f18eb72bbde7c657095310200d5a928b29712e0b	Levi King	Markus Dickinson
21b3007f967d39e1346bc91e0fc8b3f16121300c	Bernt Schiele	Dominikus Wetzel	Manfred Pinkal	Marcus Rohrbach	Michaela Regneri	Stefan Thater
9b681baed6755ee4af0d8e27a8fd75bf8ebded7a	Kiyoshi Sudo	Ralph Grishman	Satoshi Sekine
8c5aff386f1a29c4298f555db92d3215083f33e8	Andreas Zollmann	Ashish Venugopal	Franz Och	Jay Ponte
711525b09091b3f2c4bc9a44331cacb6f48559b4	Hang Li
fa151b76fcc02467ae3f0492f8d6c4b5f96ee577	Adam Przepiórkowski	Adam Slaski	Szymon Acedá
fc28ffe7d7aa203abb958bfde59cb03968a5b32a	Michael Elhadad	Yoav Goldberg
8de4164931eea9c4ebea42091e31e334e9acef11	Katja Markert	Michael Strube	Yufang Hou
84f338d11c957ddd1487280fc27ef4a4713c2bdf	David Magerman	Ezra Black	Geoffrey Leech	Hideki Kashioka	Roger Garside	Stephen Eubank
8873a91e758bd76e530325a230cc51b1e3b7db2d	Bonnie Dorr	Cody Dunne	Saif Mohammad
58fdacf0d40ddcb304536992a04fa2000022d8de	Nizar Habash	Sarah Alkuhlani
1f5dc1b42cfcca0c15cedc8d4789cd17c4575f75	Anja Belz	Eric Kow	Jette Viethen
c181afc58808beecf18ad9ee23f2fa48f13c1ed7	Chris Callison Burch	Miles Osborne	Philipp Koehn
cdf7f68cf677be0045123a87329115f4b765c288	Chung Chi Huang	Hsien Chin Liou	Jason S Chang	Mei Hua Chen	Shih Ting Huang
1267879e1caf9627271dcdcf428eac4555b800b7	Chao Huang Chang	Liang Jyh Wang	Wei Chuan Li
419c3ff142fb0a4066b02754a52718927b62fb4d	Aiti Aw	Deyi Xiong	Haitao Mi	Min Zhang	Qun Liu	Shouxun Lin
27dcf7a76c66dc985c509f943d937cb238b917f2	Sandra K Ubler	Steliana Ivanova
a09b27d687f33833418738bd8219b4d4d7fe0f0e	Dekang Lin	Patrick Pantel
7deebdcda579836a29572aee2f066a12e6c8df41	Henk Harkema	Jeannie Y Irwin	Lee M Christensen	Peter Haug intermountainmail Org	Peter J Haug	Wendy W Chapman
09311fef1c773ee0df5f02d11473018f21187177	Philippe Muller	Stergos Afantenos	Tim Van De Cruys
e143cb6d6619bc56cb9c4b70467d7d8e68186821	Daniel Ortiz Martínez	Francisco Casacuberta	Jesús González Rubio
c32f3e0d9de121417319440239d9401a14c02cff	Eric Brill	Giorgio Satta
ad46b42a7f7a709ed8f4d2dd86902260d3e75195	Amon Seagull	Lenhart Schubert
8092749db5df2373f1c531aa3ab4a9b6cbe65840	Hiroyuki Kaji	Yasutsugu Morimoto
a8ff6cd4336b8613e2a38bdf4d873533153031c1	David Vadas	James R Curran
9dccaf6ea0fa19772cf8067295b16df3eb7b4dda	Slav Petrov
c578f1823e7d7fb95d3e5c69fe4fab36d5a384e3	David Westbrook	Heng Ji	Ralph Grishman
74a300cb4fd909f32d82e75ec21fea30b1159fa8	Dipak L Chaudhari	Om P Damani	Srivatsan Laxman
5d0a82523347629f9f65a539deee4c7af7329381	Alon Lavie	Greg Hanneman	Michael Denkowski
b510b3778d7f9c500042d04a9fd5c8800e944734	Masayuki Asahara	Yuji Matsumoto
24a2f50147a3722b99384bd983d902969a8b6bad	David Weir	Stephen Clark
12cec5b797d262eff9b4d17c6f272cd02d81e5c5	Christian Blouin	Haibin Liu	Vlado Kešelj
0525bbe83d45e9e34f5b607bc7480f58d795041b	Chris Callison Burch	Chris Dyer	Jonathan Weese	Juri Ganitkevitch	Lane Schwartz	Omar F Zaidan	Sanjeev Khudanpur	Wren N G Thornton	Zhifei Li
60f0bdc214d3d8f9ae5590d6e8eddaf193dd2144	Fumiyo Fukumoto	Yusuke Yamaji
0086dec25dc30ea54b8d1a9fe877a586e14bc882	Paul Cook	Suzanne Stevenson
71b4a16fb6978ebefebde80cc7fc198f2a12ad28	Haifeng Wang	Hua Wu	Sheng Li	Ting Liu	Zhanyi Liu
2b4dd276f4a8c1b0ba2670331364f7b4885322b9	Ralph Grishman	Satoshi Sekine	Takaaki Hasegawa
b37d4304484d0763adc28609c9c1636c1c7245d0	Hammam Riza	Oskar Riandi
e95353d65cdad3ca73e6e70634f1964bb14e31de	Christopher D Manning	Daniel Jurafsky	Gabor Angeli
6045b079fbe2c97d394214b50059c61895639204	Alex Liu	Julia Hirschberg	Svetlana Stoyanchev
cfdee3124ebcac0173bb429ab8f7a029c9570dbf	Amjad Abu Jbara	Dragomir Radev	Mona Diab	Pradeep Dasigi
6f46bb1360a4f682cf71a50596cade486bdaf038	Ai Ti Aw	Chew Lim Tan	Min Zhang	Sheng Li	Ting Liu	Wanxiang Che
efe92f3a8ffe91845d296ee9346c34bd012ba78c	Chen Yudong	Fu Li	Hou Min	Hu Fengguo	Zou Yu
26d061ba705b850bcb7e857c549f21d6badf1f42	Dhouha Bouamor	Nasredine Semmar	Pierre Zweigenbaum
3cb825672b893790dcb52dcb61824e43926cc2d0	Chu Ren Huang	Jia Fei Hong	Ya Min Chou
101063158fbdc03c72767f52904b245808212147	Chris Brockett	Gary Kaemarcik	Hisami Suzuki
df26102fa53dba696838a801506cd0181c8b3d15	Jun Hu	Owen Rambow	Rebecca J Passonneau
3d7d3706154cf4ac2363a369354fd3e53843f30e	S G Pulman
46f13e76f2b673aaad013b92c9289d93e09221c5	Aravind K Joshi	Barbara J Grosz	Scott Weinstein
26058fda4537d38ee87c1bb4707bda54533ced5b	Clifford J Weinstein
3c12e099d7c69e6b0cb0456dcd2b49eb9d72cd32	 Ie	Tim Fernando	Tim Fernando tcd
8279fe474e25ee954d71f34f310a6dfdc09e5438	Ronald M Kaplan
6ec09ec28e3519975f2868bc5191b84342e18870	Hai Zhao	Peilu Wang	Zhongye Jia
f1b4e9ccea901e3256f0e45c831ec856ecbc969c	Ichiro Kobayashi	Yukari Ogura
d82bf4ff133d5d991de7df4e7b32440d9903cdb5	Klaus Zechner	Miao Chen
20e26166dd4449846d74c09ac92e80ec6e44b908	Chris Callison Burch
da039dbc849c4e2ec1b0f2b324adb38dc45989dc	Chris Biemann	Martin Riedl
cc48491d5526eccf81e6883090961e8004bbd289	Filip Jurčíček	Ondřej Dušek
a2276bf62123481d6b208564abe62e1d4157a08c	Amol Deshmukh	Ginevra Castellano	Helen Hastie	Lee Corrigan	Ruth Aylett	Shweta Bhargava	Srinivasan Janarthanam
5629efbf95298d2ee5a6fe697491445940f332f2	Michael O donnell
a628d782e39ef5ce2d546b36d386abc9e5a5e064	Chris Brew	Claudia Leacock	Ctb Mcgraw Hill	Danilo Giampiccolo	Hoa Trang Dang	Ido Dagan	Luisa Bentivogli	Myroslava O Dzikovska	Peter Clark	Rodney D Nielsen
7139b94b39d225946e02c32eda05af4c7e29741c	Jun Fu Cai	Wee Sun Lee	Yee Whye Teh
7b51c183da0e7de6757a269d83dd9afad695ac3d	Jannik Strötgen	Julian Zell	Michael Gertz
f08634e6b3117e3c44c79782181a9e4c9af62662	Shankar Kumar	William Byrne
b5c15f2685fd5dc95b9a638d5e7f271fd61ed180	Bing Zhao	Ian Lane	Nguyen Bach	Stephan Vogel
aa1438dcaa61b4600c41d02ffa07d51f37473abe	Detmar Meurers	Michael Hahn	Niels Ott	Ramon Ziai
4ec9b9888e6af6a9188e1b8bfc2fb04febc94f98	David Chiang	Philip Resnik	Yuval Marton
75ff8108db27cb43460c23de4deb3423a875a4f8	Mirella Lapata	Rui Yan	Xiaoming Li
91e4ba886ce779a6e80a3292ed70c5386c5e86d6	 Etzioni	Niranjan Balasubramanian	Oren Mausam	Stephen Soderland
f88deef9ad93bdfbcf4c157402121823eb65a359	Michal Roth	Randy Osborne	Yves Schabes
9e05bbfd8b36ec5d5122c78d7e415bbfaa4d0e3e	Andy Way	Aoife Cahill	Josef Van Genabith	Michael Burke	Ruth O donovan
6235605746267788fa3635fe55856b2d81d1c4ee	Florian Metze	Yun Nung Chen
5262cf9a11c5ecb2215d8107528f5faf07e051de	Paul Deane
1b060664a53d8feec11ce494b424f47315bb3130	Abbas Malik	Christian Boitet	Laurent Besacier	Pushpak Bhattacharyya
72480e08d220a68a4d9667a2f6ed254eba08c916	Jan Volín	Petr Pollák	Radek Skarnitzl
4e9aaafc373e0e3b324355abf2425f4813803472	David Tugwell
f951f8490fc7ee15b85cf89e1a7a6b8dd08071ba	Dan Bohus	Diane J Litman	Joel R Tetreault
7741f75cea98342020059d5f964560f3e6ef07ef	Dan Jurafsky	Honglin Sun	James H Martin	Sameer Pradhan	Wayne Ward
8abb1cbb1b701140e247070a47625f42d91f0615	Helmut Schmid
ab7d5452f8169e28fa61c001f47417bdd96bbafa	Cheol Young Ock	Kiem Hieu Nguyen
292a4ece480bcfcddfc9dc625f57f9672daffb81	Charibeth Cheng	Nathalie Rose Lim	Rachel Edita Roxas
d7fd48b4b028ff6243354ee60636dfd7a71cec9b	Xiaojun Yuan
cf7737993356b9d077e6fb297579e77d80b802ba	Kosho Shudo	Sho Yoshida	Toshiko Narahara
59bf62f4634768845a556cd420c93ed5d093649a	Luisa Miceli	T Mark Ellison
16a2920fa4d6a0d3ab2b5c8c3a08d1008cdcfeb3	Hiroya Takamura	Manabu Okumura	Takashi Inui
5026e6e570a62ed0244742306b24ce9276b0ee19	Ellen Riloff	Nathan Gilbert
b3e9742953dc84eeffe4c5eedd78467f5a7f5374	Kashif Riaz
b3e3552caca4a621ea16273e94d48d4abde43503	Hideki Isozaki	Jun Suzuki	Masaaki Nagata
82bbd5b59f8f1dfa339668de16e1207f7ca85ddc	Stan Szpakowicz	Vivi Nastase
2a0e0629dbca2592084955fd809ebe18ad1ce105	Paul Heisterkamp	Paul Heisterkamp daimlerchrysler Com
075942d047d2e2b549f58cfb82b621ff6febba3f	Bruno Guillaume	Guillaume Bonfante	Mathieu Morey
f98ebc10ce8c48020d21cca041de2a3346ce31d9	Heng Ji	Ralph Grishman
37ec39e39cbb705a8c9ea78f0957ac329d4ca1a7	Demetrios Glinos
2b4b852dba463878235f13529248d2efd25902f7	Giuseppe Carenini
fee85729f6edfca382ce747b877bda307b6145e9	Akira Kurahone	Kosho Shudo	Toshifumi Tanabe
c60aebdba919d75c37e8a0fcade6be82f7244d13	Filip Ginter	Jeppe Koivula	Jorma Boberg	Jouni Järvinen	Sampo Pyysalo	Tapio Pahikkala	Tapio Salakoski
f21d4c1ce87e0d4c304166bc46cce98678e789e8	Ido Dagan	Sebastian Padó	Shachar Mirkin
823a397b29bf596e2734d3dff7ab5abec2f60ac9	Graeme Hirst	Julian Brooke	Tong Wang
e20dd4d92c7fa6a289da47464048c728c5c9dd56	Alon Lavie	Chris Dyer	Jonathan H Clark	Noah A Smith
8e6f113139d2956b43e973d508f5dbecb5a31fdf	Afzal Ballim	Graham Russell	John Carroll	Susan Warwick Armstrong
13391bba69162b7062ca070bb2a509505c3ca724	Antoniadis G	Echinard S	Kraif O	Lebarbé T	Loiseau M	Ponton C
738899099f59856122eb5131069ad9b459f2d9b5	Chris Brockett	Gary Kacmarcik	Hisami Suzuki
363f92f95c86d0ee6cd5cfd26f1f542e311aab6d	Gaja Jarosz
1c5fe949b0e172608c90a62f54cc57c2e99a6148	Brigitte Bigi	Laurent Prévot	Roxane Bertrand
b9681cd07ce0590aaaa8bb0f0d417413a0cede9c	Anna Kazantseva	Stan Szpakowicz
a2095e95a828759311f1fb16409ebb95cd73b272	Benjamin Lecouteux	François Portet	Michel Vacher
cebed30094945d9cce87c50e769d979e297da39c	Yaohong Jin
368633557ebc054bbfb44046a571fa6fc22de43a	Shanshan Wang	Shize Xu	Yan Zhang
c2a6dc38bfef3eec09378d4f1daf52860f7d79b8	Axel Ngonga	Christian Schallhart	Jens Lehmann	Omer Gunes	Tim Furche
5a354340b87a33973b6928f0c77e7e2a86c274d5	 Edu	Mark Johnson	Phil Blunsom	Sharon Goldwater	Trevor Cohn
0880935a8eaf7f86102810ba4d87e4ba912f133e	Sophia Ananladou
6fd398dcb4c0a20de0d10c7a30b36fa8e1b24ead	George R Krupka
590957df2a37c8dd3876b06f6bd31acff33a6f1d	Arantza Díaz De Ilarraza	Koldo Gojenola	Maite Oronoz
33f3eb3a143447dadeb98914c74f1d9bb88a62bd	Mona Diab	Weiwei Guo
3f9009500065dc965f198fb3cafe06abdf079fed	Diane Litman	Julia Hirschberg	Marc Swerts
91162f5a4ffe7227d1649c823d7c1120e550f51e	Alexander Beloborodov	Maxim Khalilov	Pavel Braslavski	Serge Sharoff
24ca4716b49f4dfd76eb8d5fd660fcb0d0da7f06	Kai Zhao	Liang Huang
c33ca9fe5b5ac308cfbdfd65ea8b6e8bb7db82d9	Qun Liu	Shouxun Lin	Zhongjun He
958b97764dcfe3dfec2483c2cfe443b0d9cc769e	Hans Uszkoreit
f1144e7f31b876453c73012b20843b92be818205	Chan Hung Kuo	Cheng Wei Lee	Miketian Jian Jiang	Shih Hung Liu	Wen Lian Hsu
6281343019aa47e308f03483c651bc2d6d296015	John E Miller	K Vijay Shanker	Manabu Torii
317f2c306eb616ec20e3c52773ac2ce94bb54806	Baichuan Li	Chin Yew Lin	Irwin King	Jing Liu	Michael R Lyu
5c6344b7a38672ddeb570e07e7a4befb2801b6ec	Adam Pauls	Dan Klein	John Denero
fdc61e4429d74821230f71dac257f83e41c8ab43	Christopher D Manning	Michel Galley	Spence Green
58b542df8059e682a70c95da9265a50981d35666	Bertus Van Rooy	Gerhard B Van Huyssteen	Suléne Pilon
93ec9e1875fbf48bbc69d81ff2ccb4c3da7d8886	Andriela Rääbis	Evely Vutt	Krista Strandson	Mare Koit	Maret Valdisoo	Tiit Hennoste
8403eb9b80cf4ea275473c7f11b79b45f61a1dd3	Shu Kai Hsieh	Yueh Cheng Wu
27cf5a830dcd2e105cb3babbff192043c8f5e1cf	Dean P Foster	Karl Stratos	Lyle Ungar	Michael Collins	Shay B Cohen
c1285095e8fe8f29df08c8fba97dc2f1b07aaccb	Florentina Hristea	George A Miller
bef495a72a7fcfbbfdf8316253b39d15c3e8bc7c	François Yvon	Hemant Misra	Olivier Cappé
6d512066d8359880c675fbf6d0f48692d4bc9ae2	Antonio Roque
4a19612cc1e5a56796749b8beaad7be4d66d3af9	Brian Roark	Emily Prud hommeaux bullet	Izhak Shafran	Maider Lehr
f54b729eb1c4e30c46efde4f7fe9a6f54918ba2f	De Saeger	Jun Ichi	Kazama Stijn	Kentaro Torisawa	Kow Kuroda	Masaki Murata
d77cbdd35d3981c4293c107f5eeb46c08f47b07e	Mark Seligman
181ceeab21a6402823a561aad09517069f3f86c6	David A Rushall	Marc R Ilgen
861a2707071b219fdbc8754ef34cc5abbefa2980	Andy Way	Pavel Pecina	Santanu Pal	Sivaji Bandyopadhyay	Sudip Kumar Naskar
09afab1132644ad76a3afe379362bbc8a7a62216	Doaa Samy	Isabel Segura Bedmar	Paloma Martínez
a102aea32498d0a6589d6b4c512c4996236ef26a	Anette Frank	Bernd Kiefer	Berthold Crysmann	Feiyu Xu	G ¨ Unter Neumann	Hans Uszkoreit	Hans Ulrich Krieger	Jakub Piskorski	Markus Becker	Melanie Siegel	Stefan M Uller	Ulrich Schäfer
e3704086f57bdda37723a49a70a28ee4dbf701b6	Graham Neubig	Hajime Tsukada	Katsuhito Sudoh	Kevin Duh
28ac8f68df97220c7078c1caedfe2f330397bb12	Michael Strube
9f742271cfd4711585da26c82053051fa4923913	Hoa Trang Dang	John M Conroy
e0a043fdc032f92041876fbccdbbdcc074d78ab7	Horacio Saggion	Kevin Humphreys	Mark A Greenwood	Mark Hepple	Robert Gaizauskas
a8c036b8fe854cc08b6931a8e8c43c0bc2d2abe6	Daniel Gildea	Marzieh Bazrafshan
e9c1f510bcf5933d3cf8ec8108a04a9ba601a843	David Stallard	Richard Schwartz	Robert Bobrow	Scott Miller
600c28e993851971fef612e37e9eb93c0b7492c9	Dimitrios Galanis	George Karakatsiotis	Gerasimos Lampouras	Ion Androutsopoulos
6b923033b0ad4de06c54b44d30c5c588c092907d	Chenghua Lin	Richard Everson	Yulan He
d8e397a77f12b627685e86460df4463ecc032b7f	Michael Alvarez Pereyre
43e416b627d896b866051bbd01fdcc26ad1780e5	James Henderson	Kallirroi Georgila	Oliver Lemon
2c3411a5ce97d58e3a94667b4d9b7f1b42d982bc	Boris D Tikhomirov	Ivan I Oubine
9a767631ad0e4477765daa5e81335fcec78a5d30	Christopher D Manning	Dan Klein	Kristina Toutanova	Yoram Singer
04ade8d0f5d563126f446b558dd4d1e7388eaf2f	Elena Manishina	Fabrice Lefèvre	Stéphane Huet
0236eb203e050eb4883a7918d27ffb03e6986fca	H Andrew Schwartz	Lyle H Ungar	Sneha Jha
f462960630f19d836c74127a849ecc681c617b2e	Minlie Huang	Zhiyong Lu
a5503271a21c590a35df4d87876e839fedf4163f	Branimir K Boguraev	Mary S Neff
c6bc065d25abf8342cf7367c5f885e6543e03319	Christopher M Mitchell	Eun Young Ha	James C Lester	Kristy Elizabeth Boyer
5c130a0dfd4d7a267560a811f2dc739cad6be042	Francis Bond	Kentaro Ogura	Satoru Ikehara
570df39ba9c448d481946b3c9c9e80a37516cf65	Lisa C Braden Harder	Stephen D Richardson
92881ec2d0bad824c4eaad0360c6f2749c3a09c6	Chris Mellish	Ehud Reiter
56fca48ea274d1569c3c46198064b4cd7a3c2076	Kristian Woodsend	Mirella Lapata
a0c894005adbee250788ab47c3224502c7ab7a46	Bozena Henisz Thompson
aa0ca646a3f2cbf94bb4085f8c8c28c660232d73	Hiromi Nakaiwa
29641f9854f7fea354cdea35075ed7c9d90eaf60	Markus Egg
1aac9a51700b4f548ed4d406d3987c8008876521	Diana Mccarthy	John Carroll	Julie Weeds	Rob Koeling
fb37fd9120fde7cc03cfd05a422bf59c97a27bd1	Eduard Hovy	Zornitsa Kozareva
52a490e3d767e424a77b03fe9e327ba86c26accb	David Griol	Ramón López Cózar	Zoraida Callejas
fc120f3cb5c65928392a1f05d3ae97d708a70ca7	Abduelbaset Goweder	Anne De Roeck	Jeff Reynolds	Massimo Poesio
e01dfd49ab3ac9f2dceb51257baed27d36bc5d29	Arjun Karande
b3677f2e9526c47f647b6ebef76d3fa0fe536be1	Chai Wutiwiwatchai	Krit Kosawat	Thepchai Supnithi
