a00cdaba2eb99a324284ba9f915572b6279cfdb3	Alexander M Rush	David Sontag	Michael John Collins	Tommi Jaakkola
acd9c5d7e4e0fb20690644fb5e8e18b0581f2c20	Zhongqiang Huang	Martin Cmejrek	Bowen Zhou
4e2acbda150068debb30df1da54b50b0820355ad	Eduardo Blanco	Dan Moldovan
9f576b2f26b85467606e1f6ade9335b5db4d8ec5	Samidh Chatterjee	Nicola Cancedda
67164daab7e6e01c378979acacc41f94d9492de8	Vladimir Eidelman	Zhongqiang Huang	Mary P Harper
1cf53c62906a48b9d607f94468bf777855199a28	Laura Chiticariu	Rajasekar Krishnamurthy	Yunyao Li	Frederick Reiss	Shivakumar Vaithyanathan
4d135641931a6efce82bd9c1d69d86e08d3cd28d	Niklas Jakob	Iryna Gurevych
bf9ac5bb2de6f49b5cf076cd51bd687fbf690f19	Ching Yun Chang	Stephen Clark
41c65388fc3adea3dc51f7c2997fa1d1586649bb	Prodromos Malakasiotis	Ion Androutsopoulos
ff34eda45c123782708a564d5fbb232b192ef937	David Mimno	Hanna M Wallach	Edmund Talley	Miriam Leenders	Andrew McCallum
a541b231e8d88d701beb1608353209fd82eefdc7	Amittai Axelrod	Xiaodong He	Jianfeng Gao
df80f15ad8f6d5871b9ecb7b4d8279b29ae340ac	Bryan Rink	Sanda M Harabagiu
8a80724ba549af1b239206955954ef7f452c6b98	Dani Yogatama	Michael Heilman	Brendan OConnor	Chris Dyer	Bryan R Routledge	Noah A Smith
0fa6cc19d13bf442e6b9469b737ba47d3888d62c	Richárd Farkas
b902df1d983809b47e137618d6a1146848a95c54	Christof Monz
efbb059570f42bbe8e42d34d02048cc80f0be881	Andrea Gesmundo	James B Henderson
87ffac5812e93588fd322e928296b5874052dbf3	Lin Sun	Anna Korhonen
74a300cb4fd909f32d82e75ec21fea30b1159fa8	Dipak L Chaudhari	Om P Damani	Srivatsan Laxman
e315a1bdc58a74a0b6dc4cc0a05a7215345ff22a	Altaf Rahman	Vincent Ng
45d5102e328281c668574e25b6195f1eed72767b	Song Feng	Ritwik Bose	Yejin Choi
3b56693f6fe6b82092c4adc756f20fb9b7710ac5	Puyang Xu	Asela Gunawardana	Sanjeev P Khudanpur
edfbf28993ca31aca6a31e3f213594dc3e80cf07	Wei Xu	Joel R Tetreault	Martin Chodorow	Ralph Grishman	Le Zhao
22dba0ff2f3221ccd03e92de9c306fc44dfee182	Sze Meng Jojo Wong	Mark Dras
24e40ccd96a54126ba544b2afe93df7294168608	Ryan McDonald	Joakim Nivre
1136dc552ac2314b4d5fc0ffc82cbcbeac3f66c2	Nick Ruiz	Marcello Federico
047f3461da44ca79fd9c362a0a2665f3dee92eda	Ondřej Bojar	Aleš Tamchyna
cd6cf1c604b8aac99b96be0f1541218897af6ab4	Markus Freitag	Gregor Leusch	Joern Wuebker	Stephan Peitz	Hermann Ney	Teresa Herrmann	Jan Niehues	Alex Waibel	Alexandre Allauzen	Gilles Adda	Josep Maria Crego	Bianka Buschbeck Wolf	Tonio Wandmacher	Jean Senellart
e1f142703524dd8e4575bff242adfc02b34cd3a4	Christian Hardmeier	Jörg Tiedemann	Markus Saers	Marcello Federico	Prashant Mathur
ab63e9432581d634835d180af994cc5cfb1a92e5	David Mareček	Rudolf Rosa	 Galušccaron	Petra áková	Ondřej Bojar
56e650eee11956c2d95db454c0b1ce04837a9f3f	Jonathan Weese	Juri Ganitkevitch	Chris Callison Burch	Matt Post	Adam Lopez
3c12e099d7c69e6b0cb0456dcd2b49eb9d72cd32	Tim Fernando
56769bc41e6bcc04d8195256b03ad7bf8652b1d6	Chien Chin Chen	Chen Yuan Wu
c806a347a16c389b35534ddb2d8ac8826d4bd258	Josep Maria Crego	Aurélien Max	François Yvon
25d2151c57a7ce5b1a615d49014a2ab6d7320886	Jianfeng Gao	Xiaolong Li	Daniel Micol	Chris Quirk	Xu Sun
ccca3c78f8b8e011fd328bd40116014b1065fa5f	Dmitriy Genzel
546de45c614bee7626a00ab18c7ff68a5d77d6fd	Yanqing He	Yu Zhou	Chengqing Zong	Huilin Wang
37ded3193329e89229529ced271034d15ca04d4c	Su Nam Kim	Timothy Baldwin	Min Yen Kan
f29dbbcba81529cb93f59ab48eaaefb296584864	Lin Sun	Thierry Poibeau	Anna Korhonen	Cédric Messiant
3b472466fa64d59d0a92fbf6ba89c83707884cc4	Jakob Uszkoreit	Jay Ponte	Ashok C Popat	Moshe Dubiner
c8c5eacc0c2c2d95ae3c6d43ed1dc90e7af369a3	Ge Xu	Xinfan Meng	Houfeng Wang
3eb6684de116233ebecf0aa59be5654621313a49	Fabio Massimo Zanzotto	Ioannis Korkontzelos	Francesca Fallucchi	Suresh Manandhar
823a397b29bf596e2734d3dff7ab5abec2f60ac9	Julian Brooke	Tong Wang	Graeme Hirst
fb5da2771062b203fd79682154f2a3293897aded	Georgiana Dinu	Mirella Lapata
f462960630f19d836c74127a849ecc681c617b2e	Minlie Huang	Zhiyong Lu
b9e52692d981607475368f68a304f9de420eb74a	Tibor Kiss	Katja Keßelmeier	Antje Müller	Claudia Roch	Tobias Stadtfeld	Jan Strunk
83e5c5ba6371e0ca152aa0df13cfbf640385c9d7	Asad B Sayeed	Hieu Nguyen	Timothy J Meyer	Amy Weinberg
83dc3d673da9e2a488a09452b3b2d41e0d558dd6	Xujian Zhao	Peiquan Jin	Lihua Yue
8403eb9b80cf4ea275473c7f11b79b45f61a1dd3	Yueh Cheng Wu	Shu Kai Hsieh
3953a2c27e140ae7e20a10089cd0dd68c9c794df	Wilker Aziz	Lucia Specia
f190e98a00ce05acbfc6520e4084e94fa12f0b06	Dominick Ng	James W D Constable	Matthew Honnibal	James R Curran
b51f7b859b1583bfaddb0dc55863fa29d4daa43f	Jannik Strötgen	Michael Gertz
f25a31a8fdd1e614d03aa2936faa9c655cc49613	Ioannis Korkontzelos	Suresh Manandhar
2a2fa21ef65b82b77ea2ffb1a4e042fa36b9b5df	Aitor Soroa	Eneko Agirre	Oier López de Lacalle	Wauter Bosma	Piek Vossen	Monica Monachini	Jessie Lo	Shu Kai Hsieh
335445ed2e42b35f7b4eba592e68fcc22d139d64	J Ramanand	Krishna Bhavsar	Niranjan Pedanekar
b4153c8429d8f24095a291c9e659d923aca9341f	Kriti Puniyani	Jacob Eisenstein	Shay B Cohen	Eric P Xing
92bc4b2ff16c8ca7e5b7a3053191602b0e5a1097	Khairun nisa Hassanali	Vasileios Hatzivassiloglou
cf4362da2bd293cc9f92db3544d9c4c302ad07ee	Michael Denkowski	Alon Lavie
400d655c146e5452d1776c468781d009cf7a3c1d	Cem Akkaya	Alexander Conrad	Janyce Wiebe	Rada Mihalcea
957ba9a5696b048decad630126242b1a3415fc5a	Olivia Buzek	Philip Resnik	Benjamin B Bederson
940d4df05a90c0b7b376f61b483c123600d39629	Hoifung Poon	Janara Christensen	Pedro Domingos	Oren Etzioni	Raphael Hoffmann	Chloe Kiddon	Thomas Lin	Xiao Ling	 Mausam	Alan Ritter	Stefan Schoenmackers	Stephen Soderland	Daniel S Weld	Fei Wu	Congle Zhang
bc39d073f922d56d89b26c6a5f7827094a8207df	Jason Perry	Chung chieh Shan
f11be60b2a822e1e20d3d2224245c4222f5ce176	Pengfei Lu	Matt Huenerfauth
c57f5103ab0268278f5cb1e62a9c7ad8ed2f4e93	Yuval Marton	Nizar Habash	Owen Rambow
261dd4cdd47123fdfb48d79fa1e4607c41977ab1	Bharat Ram Ambati	Samar Husain	Joakim Nivre	Rajeev Sangal
e087da86cc4856cf8120349308c435bd83faf744	Amit Goyal	Jagadeesh Jagarlamudi	 Daumé	Hal III	Suresh Venkatasubramanian
fa4858eb7413cab99aeb653665a53b5eebec1e7e	Thiago A S Pardo	Caroline Gasperin	Helena M Caseli	Maria das Graças Volpe Nunes
960597a6ac49a48ec493442de2027b0f389ebedd	Julio Castillo
abe4a8f0c287ff2e8aa2df8cb658a769f0557626	Aaron Phillips
cce113d0438c69bd03f5788dfded9bf9b39d0784	Arianna Bisazza	Marcello Federico
b647fe7b6505fb3c1e007bd0c7f838d9a8b75d54	Loïc Barrault
0b025b96ee557d10cd43415740058ac751cbddbf	Antti Veikko I Rosti	Bing Zhang	Spyros Matsoukas	Richard M Schwartz
9fc06a669eba2dafd4e3603de6e441ca9825d44d	Markus Dickinson	Yvonne Samuelsson
14ff2dfebb886455afb061868be947e12d072f30	Aurélie Herbelot	Ann Copestake
d89ca6df26fb377d89acc815675acd18b158549b	Robert Voyer	Valerie Nygaard	Will Fitzgerald	Hannah Copperman
ce311f35e7446d185a79e9a4ced85dcbdeeb6a95	Barbara Plank	Gertjan van Noord
31cc2401fd72b8c88ca932111160a0660f15f01e	Jelena Prokić	Tim Van de Cruys
89f477a6464c6230eb638a95a5681c49e880ffff	Jason A Shaw	Adamantios I Gafos
a8c74d482809ca8da4c406068d2f3d466ffba730	Kareem Darwish
40b336a9bc3f8418e18dc6ea74118b4e8ac02292	Avinesh P V S 	Ankur Parikh
b3e9742953dc84eeffe4c5eedd78467f5a7f5374	Kashif Riaz
f16c0699a873b0209a370e8e6301b0189785c614	Andreas Vlachos	Zoubin Ghahramani	Ted Briscoe
6b923033b0ad4de06c54b44d30c5c588c092907d	Chenghua Lin	Yulan He	Richard Everson
78cb5d37ae40afa70bf76089196ff35eb2fbdc7d	Rafiya Begum	Dipti Misra Sharma
861a2707071b219fdbc8754ef34cc5abbefa2980	Santanu Pal	Sudip Kumar Naskar	Pavel Pecina	Sivaji Bandyopadhyay	Andy Way
336791de77be89c9b653ec28cd88a71775c03596	Sriram Venkatapathy	Rajeev Sangal	Aravind K Joshi	Karthik Gali
d60d3a56e44a96293f7bcaceb917ff65b317adba	Jun Harashima	Sadao Kurohashi
d53308443199de889a6c4ee9c266d4e4e93dbffe	Vishal Vachhani	Manoj Kumar Chinnakotla	Mitesh M Khapra	Pushpak Bhattacharyya
935c83c4d9ca351fd5fa89a01d4afd8b868018a6	Jiang Yang	Min Hou
47f5f99242a57491d5b34f5df6606ca6bd5c0fc6	Chongyang Zhang	Zhigang Chen	Guoping Hu
67d34db34ea0201c4c24ca13b3e6226a97647bbe	Yu Chieh Wu	Jie Chi Yang	Yue Shi Lee
5af106bb70fba129d2d5511a192003e9da2b56f4	Guangfan Sun
f08bb0e4abf9cd758730a248e45136daec1df8d3	Ying Chen	Peng Jin	Wenjie Li	Chu Ren Huang
9eddfa02e821d664c0d9b5afc4c1889d2b0ca40a	Advaith Siddharthan
0e5f268a5145c3b6bbb9ecb1423c21bac4262df7	Dana Dannells
1aacfbd5dfbdfbd65fe5ac1a7c2a5203ead032fd	Hendrik Zender	Christopher Koppermann	Fai Greeve	Geert Jan M Kruijff
a224e8d1073cf8485d8d48276ad8cf5a5a22589d	Alexander Koller	Kristina Striegnitz	Andrew Gargett	Donna K Byron	Justine Cassell	Robert Dale	Johanna D Moore	Jon Oberlander
29641f9854f7fea354cdea35075ed7c9d90eaf60	Markus Egg
437c00d6b4e947dbd9a65458f5b86ec1e418a48f	Kotaro Funakoshi	Mikio Nakano	Kazuki Kobayashi	Takanori Komatsu	Seiji Yamada
52a490e3d767e424a77b03fe9e327ba86c26accb	David Griol	Zoraida Callejas	Ramón López Cózar
b9681cd07ce0590aaaa8bb0f0d417413a0cede9c	Anna Kazantseva	Stan Szpakowicz
3c446205d80d7ec3db88c3a94bf78c7348f1126f	Steven Bethard	William J Corvey	Sara Klingenstein	James H Martin
5dca2add5635d000560bf2cf7c840a90600a860b	Dominic Widdows	Kathleen Ferraro
c7801a6e44c1184937f8f72e128cad553c5fe6d6	Han Sloetjes	Peter Wittenburg
7d6df94c5ce1a5db365dca5725844e90add55587	Thierry Poibeau	Cédric Messiant
f7a82e75f8842621b07380756bd9354a9b913c16	Wei Hao Lin	Alexander G Hauptmann
89e7b978bfa643380360ece500969a34f686b71e	Carmen Banea	Rada Mihalcea	Janyce Wiebe
a28c6d792e7b97eb74e8f5fa146343bfa7e46fc8	Branimir K Boguraev	Mary S Neff
b75f401d4dd8b51cb09c4ae8045c3eec61161da0	Rebecca J Passonneau	Tom Lippincott	Tae Yano	Judith L Klavans
e60e0f402a6c0f275477a8c83636d76fae069b56	Kris Heylen	Yves Peirsman	Dirk Geeraerts	Dirk Speelman
c208b576558a62ed54648453726037ced8a488d9	Milena Yankova	Horacio Saggion	Hamish Cunningham
35cf49870c9a564aba4ae6f69c1f2ac8878f1f8f	Hiroyuki Shinnou	Minoru Sasaki
65096adaeaa121025b4b5cba021e65b31f3c96b7	Marc Finthammer	Irene Cramer
eb60b7573762dca3f0f1427ff0c546e5a57de6aa	Olivier Hamon	Djamel Mostefa
36b2c7c4b8392fb0346bb48fcac978375b0b7718	Daan Broeder	David Nathan	Sven Strömqvist	Remco van Veenendaal
27dcf7a76c66dc985c509f943d937cb238b917f2	Steliana Ivanova	Sandra Kübler
8b80391c5ab216bf904d4f015493c180db440f40	Sara Tonelli	Rodolfo Delmonte	Antonella Bristot
72480e08d220a68a4d9667a2f6ed254eba08c916	Petr Pollák	Jan Volín	Radek Skarnitzl
3cb825672b893790dcb52dcb61824e43926cc2d0	Ya Min Chou	Chu Ren Huang	Jia Fei Hong
923a3d4d0fa329bec60c153bc0bb7c788564c52a	Bento Carlos Dias da Silva	Ariani Di Felippo	Maria das Graças Volpe Nunes
20e26166dd4449846d74c09ac92e80ec6e44b908	Chris Callison Burch
4ec9b9888e6af6a9188e1b8bfc2fb04febc94f98	David Chiang	Yuval Marton	Philip Resnik
74cc22ca9eeee2997b0ecf2883b57d1a81842299	Weiwei Ding	Baobao Chang
94a9af119df61f501980cf095700f35c2a7762a3	Zhiheng Huang	Marcus Thint	Zengchang Qin
60f0bdc214d3d8f9ae5590d6e8eddaf193dd2144	Fumiyo Fukumoto	Yusuke Yamaji
ee0488ab9599529ca12d66598522d14e2ef585cc	Yan Qu	Gregory Grefenstette	David A Evans
b4943e859d7189933f8ec5dd6d219fe538a3f895	SeonHwa Choi	HyukRo Park
30a2865292fe1c058dd6730bc7fc23e43a440495	Yang Ye	Zhu Zhang
6b1e751720599a562ec99e112193c5880cb3aefe	Jing Shin Chang
ad493769d37e41bb5d4ac1e04095a5abd14419b9	Jessica Ramírez	Masayuki Asahara	Yuji Matsumoto
419c3ff142fb0a4066b02754a52718927b62fb4d	Deyi Xiong	Min Zhang	Aiti Aw	Haitao Mi	Qun Liu	Shouxun Lin
d3c020502c446e8b87d8e4a1384b59cf00146996	Lin Sun	Anna Korhonen	Yuval Krymolowski
6f46bb1360a4f682cf71a50596cade486bdaf038	Wanxiang Che	Min Zhang	Aiti Aw	Chew Lim Tan	Ting Liu	Sheng Li
64b1110fa97c099b1c8c0784013c79f1ade490a0	Lucian Vlad Lita	Shipeng Yu	Stefan Niculescu	Jinbo Bi
be47225edcf09a38166aa5308c030ff87e9f3f82	Jin Shea Kuo	Haizhou Li	Chih Lung Lin
6ae2191a3d4736781c087a1fde68dec6f5845658	Sivaji Bandyopadhyay
b3677f2e9526c47f647b6ebef76d3fa0fe536be1	Chai Wutiwiwatchai	Thepchai Supnithi	Krit Kosawat
b37d4304484d0763adc28609c9c1636c1c7245d0	Hammam Riza	Oskar Riandi
c1285095e8fe8f29df08c8fba97dc2f1b07aaccb	George A Miller	Florentina Hristea
eea153a25d849bcc3bccbcda189b448b500cf445	Diana Zaiu Inkpen	Graeme Hirst
62fe8d3e79a3f0f3df7a5d33ce1af9164c933cee	Christoph Ringlstetter	Klaus U Schulz	Stoyan Mihov
3f9009500065dc965f198fb3cafe06abdf079fed	Diane J Litman	Marc Swerts	Julia Hirschberg
93ec9e1875fbf48bbc69d81ff2ccb4c3da7d8886	Tiit Hennoste	Mare Koit	Andriela Rääbis	Krista Strandson	Maret Valdisoo	Evely Vutt
d6d89b2e7cc31108ddc9cf90132a3c3f58f98268	Rowan Nairn	Cleo Condoravdi	Lauri Karttunen
3a3b3925f2ce7a8ab311f89f07d5bd96742a4f4c	Antoine Raux	Maxine Eskenazi
af30894cdb9fcd6b43e41268a946735a5b67a558	Dan Bohus	Xiao Li	Patrick Nguyen	Geoffrey Zweig
7003d7252358bf82c8767d6416ef70cb422a82d1	Steven Bird	Ewan Klein	Edward Loper	Jason Baldridge
7517b34c903ff244057c70e0b2aedcc8d13352fc	Victoria Li Fossum	Kevin Knight	Steven Abney
09afab1132644ad76a3afe379362bbc8a7a62216	Isabel Segura Bedmar	Paloma Martínez	Doaa Samy
37aa36f45cb9156213aa37225379ee3ecf50f3e2	Daniel Chester
a43f90d59941e914da63999910c99f4966dc4bd5	David P Dailey
8e6f113139d2956b43e973d508f5dbecb5a31fdf	Graham J Russell	John Carroll	Afzal Ballim	Susan Armstrong
a502b02abf257612d15fbc635b59d526afb9b738	Michael R Brent
4d8279d1a4a9e892c1b9f7e22df7bf2d300e00b2	Mitchell P Marcus	Mary Ann Marcinkiewicz	Beatrice Santorini
e2370116eb930fdb2d0dad3c961938a386021b85	Janyce Wiebe
cfa2bba908c93b6975827cffde4850fc20e48c06	Keith Vander Linden	James H Martin
46f13e76f2b673aaad013b92c9289d93e09221c5	Barbara J Grosz	Scott Weinstein	Aravind K Joshi
110443841ae2a5466d5cdb3e417491573c0e1151	Mark Johnson
fdc10c3694c6e4c9fd4b82e14945f652ec0db99d	Jen Nan Chen	Jason S Chang
0a5cba700b430f676dc83c83412e4d60879fba22	Jurgen Wedekind
711525b09091b3f2c4bc9a44331cacb6f48559b4	Hang Li	Naoki Abe
f72fc3de9c493dd8de5dcd852a8eaccbdd482094	Michael Strube	Udo Hahn
f95bcacf2bb0a66f4f95227d5771de5b123f43c4	Hans van Halteren	Walter Daelemans	Jakub Zavrel
ed6ae9a1af4a8d92b0223b526d67a902d947b7a8	Anand Venkataraman
a0c894005adbee250788ab47c3224502c7ab7a46	Bozena Henisz Thompson
8279fe474e25ee954d71f34f310a6dfdc09e5438	Ronald M Kaplan
2098470b7d21724fd9d9d828e8c3cc0b399576a0	Jerry R Hobbs
259918795730b7d7b041582ca038e241b9a26ffe	Douglas E Appelt
b78b881dec3334abf5b8c6390c40a2d93a177294	Stuart M Shieber
546d0dd34c42b862fc5f07a129bb466948206a45	Madeleine Bates
ec27735be771c85ad5c46cb8175b88bd5a3d8acd	Graeme D Ritchie
842d01a781669143ba8b0b20fa40a81ca9f04901	Kenji Sugiyama	Masayuki Kameda	Kouji Akiyama
1dfae23c8825e5afcf1c422bbad950d4b9f6fbcd	Daniel P Flickinger	Carl J Pollard	Thomas Wasow
13f235c1a14e3843bf880ff8b59ba6a8adf015b6	Yutaka Ohyama	Toshikazu Fukushima	Tomoki Shutoh	Masamichi Shutoh
1781f7ce9fbe8bbc1840b35d0754d8d225b1f54d	Kent Wittenburg
f271d25ad85f2b05bf6e5e5931c7e8aacc479a37	James Pustejovsky
e556f546574f82d06bb159aec3ac2f862a1485cd	Eduard Hovy
8f7737359a20babdee1f3b383a31585b4bf65ce1	Robert J P Ingria	David G Stallard
09b93e5ac95647dabd3397b1883dacb4469352d3	Lynn Lambert
d30e9330bf14776baa7557c6ca50861c39d2bd4a	Kathleen F McCoy	K Vijay Shanker	Gijoo Yang
7e0adc74ad2e9b5e29c42c53c15646946a398c91	Bonnie Lynn Webber	Breck Baldwin
92881ec2d0bad824c4eaad0360c6f2749c3a09c6	Ehud Reiter	Chris S Mellish
a04b4aab78f1b8a3c2e9420167c12c293dd1b1ef	Beryl Hoffman
8450e793c41e20e1e5cdc202b7124c924bfeb70e	Nava A Shaked
e1e3ce99f3230901339bd528ada5f9b7bc887f23	David R Traum	James F Allen
63c49d77bca937c2ca94b3d5ad1443599dac280d	Daniel Gildea	Daniel Jurafsky
f828dec15b45d0c03b2fc3081673ea67c532deb2	Lauri Karttunen
ca20f8146adf21294f048121f234c449299ef67e	Diane J Litman	Rebecca J Passonneau
e9c1f510bcf5933d3cf8ec8108a04a9ba601a843	Scott Miller	David G Stallard	Robert J Bobrow	Richard M Schwartz
c32f3e0d9de121417319440239d9401a14c02cff	Giorgio Satta	Eric Brill
b650f7472ac2444066ac57cdeeb198d08ee52e7d	Joachim Niehren	Manfred Pinkal	Peter Ruhrberg
d3e5c17d9a45b00d1923d256f3fd607553ce0231	Radu Florian	David Yarowsky
657fa0e42afe60847af6b9dd5b5d14632e8793f8	Don Blaheta	Eugene Charniak
5968067c696653fec60325633fb676f9134bd1db	Steven Abney	David McAllester	Fernando Pereira
6d8c40ace9cb9d79680815950144bee7a0555a02	Endong Xun	Changning Huang	Ming Zhou
f0f0489f8b51cfcd55f69d285e4792628a596d08	Ann Copestake	Alex Lascarides	Daniel P Flickinger
1ed03e95cc2041a18b80415eea1b410af7f0f9c1	Simon H Corston Oliver	Michael Gamon	Chris Brockett
324731791726745ca1b9005b53291b8d3d740256	Sandra Kübler	Erhard W Hinrichs
c778ed6a6b4fec4a4baaf7815db60b88fc31cb44	Sabine Schulte Im Walde	Chris Brew
cd9a9d8ae816fbd2404e886d9d88f91f81d5218d	Cong Li	Hang Li
a102aea32498d0a6589d6b4c512c4996236ef26a	Berthold Crysmann	Anette Frank	Bernd Kiefer	Stefan Müller	Günter Neumann	Jakub Piskorski	Ulrich Schäfer	Melanie Siegel	Hans Uszkoreit	Feiyu Xu	Markus Becker	Hans Ulrich Krieger
6fddbed091394a6ef4360efdab1f746a67230e1b	Tadashi Nomoto	Yuji Matsumoto
54547b5b16d20d6db338b8983964be1931c60af6	Anna Korhonen	Yuval Krymolowski	Zvika Marx
660117e7c89692376f2cf7513386ff6026c794eb	Hai Leong Chieu	Hwee Tou Ng	Yoong Keok Lee
727522fd728d15403ab49e42abff5416447c5ca2	Philipp Koehn	Kevin Knight
c865c7e5d815fba08a69dc4fee327d63646df009	William Gregory Sakas
1aac9a51700b4f548ed4d406d3987c8008876521	Diana McCarthy	Rob Koeling	Julie Weeds	John Carroll
9e05bbfd8b36ec5d5122c78d7e415bbfaa4d0e3e	Aoife Cahill	Michael Burke	Ruth ODonovan	Josef van Genabith	Andy Way
2b4dd276f4a8c1b0ba2670331364f7b4885322b9	Takaaki Hasegawa	Satoshi Sekine	Ralph Grishman
9b78a72bdd20befea393dd3a7fa0055c5da5ec3b	Stephan Kanthak	Hermann Ney
0678c73ff855c93f238538735fcecc1ee6bc8379	Rada Mihalcea
b86f68f8eefefb8224064e0756b1850f8871415a	Trevor Cohn	Andrew E Smith	Miles Osborne
9e7a0cc841b3851e1135b2ebeb12982f1eb340ed	Barbara Di Eugenio	Davide Fossati	Dan Yu	Susan M Haller	Michael Glass
16a2920fa4d6a0d3ab2b5c8c3a08d1008cdcfeb3	Hiroya Takamura	Takashi Inui	Manabu Okumura
f896acb9f7f09ac3eb3f0d58cb885d2f7f9d8ab1	Ciprian Chelba	Alex Acero
2719f7bb6512f647cfdf5258a3795edc55995de4	Gideon S Mann	David Yarowsky
5262cf9a11c5ecb2215d8107528f5faf07e051de	Paul Deane
a6b58646dacdde04c6d5594a986d2241cc60d11f	Inge M R De Bleecker
bf3b2f8aaa92e44244659030cd304723e2f4c2a9	Minoru Yoshida	Hiroshi Nakagawa
8fab7603c7fafde03fc3e98e88322b6d5c43b6b0	Yee Seng Chan	Hwee Tou Ng
41bf66717feeaca005a9e579652b870d1c8da99d	Samuel Brody	Roberto Navigli	Mirella Lapata
d9da9be266b1739dea7691302dc7eb4d33677802	James Clarke	Mirella Lapata
99645cd35f328ec79355617788498eb38d556d1f	Qing Li	Sung Hyon Myaeng	Yun Jin	Bo Yeong Kang
bad935dd6f10d038e462bea42b5d5f9dd0ffcf19	Le Quan Ha	Philip Hanna	D W Stewart	Francis J Smith
5869a922845b680fa08ac2f6883188196e5c595b	Radu Soricut	Daniel Marcu
0c30f1d33af6cb7046397b31d411a93c69512771	A Iivonen
79b5d358d65251fd8aceecfecac8e4834855d3aa	Jacques Courtin
7b87b82cfb042854e6a98d63c699f6b32d9f40d3	David W Packard
cf7737993356b9d077e6fb297579e77d80b802ba	Kosho Shudo	Toshiko Narahara	Sho Yoshida
2c3411a5ce97d58e3a94667b4d9b7f1b42d982bc	Ivan I Oubine	Boris D Tikhomirov
8640e3ff4f7e0422ad0e6e58a5b004a804b05c1f	Barbara Lewandowska Tomaszyk
958b97764dcfe3dfec2483c2cfe443b0d9cc769e	Hans Uszkoreit
e0a199194e88f93acd5bbd6297a8faff4eb82f9e	Masahiro Abe	Yoshimitsu Ooshima	Katsuhiko Yuura	Nobuyuki Takeichi
6c01844baa06d087f8f60b64122a2195628e2ded	Mark Johnson	Ewan Klein
c9f347143e43ff7273f32e7695cf566e023f4b4f	Guenther Goerz	Dietrich Paulus
a1c9da674d8efd88b650ece67bfbf1143f81780c	Eric Werner
68a1e6ef7f44c7771cca21da15f914573e61cbcf	Gertjan van Noord
edcf1571e4dcd2259d76a179b9f3d7de3d74c7bf	Peter Norvig	Robert Wilensky
a877ccea302725880a0eee16d0f9f27e045c7b5d	James R Cowie	Joe A Guthrie	Louise Guthrie
cf61727c5e5c8441bbaac2fbcd954a4ea140d5c2	Ralf Kese	Friedrich Dudda	Marianne Kugler
2c8f45bd0578ef07cb9bcaf0fc997885dd69a048	Beate Firzlaff	Karin Haenelt
1267879e1caf9627271dcdcf428eac4555b800b7	Liang Jyh Wang	Wei Chuan Li	Chao Huang Chang
5c130a0dfd4d7a267560a811f2dc739cad6be042	Francis Bond	Kentaro Ogura	Satoru Ikehara
78293ddc35876972f788caf7add2a032f67faf56	Rieks op den Akker	Hugo Ter Doest
0880935a8eaf7f86102810ba4d87e4ba912f133e	Sophia Ananiadou
84f338d11c957ddd1487280fc27ef4a4713c2bdf	Ezra W Black	Stephen Eubank	Hideki Kashioka	David M Magerman	Roger Garside	Geoffrey Leech
a22d01199587fcac4c96df5b6e68f0156f643737	Adam Meyers	Roman Yangarber	Ralph Grishman
d0ddb4cbdc56a40b3b318958d31e383079a6418e	Catherine Macleod	Adam Meyers	Ralph Grishman
3d5b2bf6944104756b78fcfc94264e80d0ab1874	Toru Hisamitsu	Yoshihiko Nitta
bfbedc68f63ccc66c1b2979c71f95748f8d745f5	Kristiina Jokinen
1e025c119bb760c5bd80f792b598028e5da9a304	Virach Sornlertlamvanich	Hozumi Tanaka
a5503271a21c590a35df4d87876e839fedf4163f	Branimir K Boguraev	Mary S Neff
f760d1987c63d747326cc77ee2fcb6028781c888	António H Branco
24a2f50147a3722b99384bd983d902969a8b6bad	Stephen Clark	David Weir
ba30ce81d5e35babea68ce223a12b560d5785a36	Renate Henschel	Hua Cheng	Massimo Poesio
101063158fbdc03c72767f52904b245808212147	Gary Kacmarcik	Chris Brockett	Hisami Suzuki
738899099f59856122eb5131069ad9b459f2d9b5	Hisami Suzuki	Chris Brockett	Gary Kacmarcik
071da05dfa9850ab985af282633a051831023224	Alexander M Franz	Keiko Horiguchi	Lei Duan	Doris Ecker	Eugene Koontz	Kazami Uchida
7c3a4683d604ce7932c0719391b0ff2a26f05253	Satoshi Sekine	Yoshio Eriguchi
ecdc95111b0cb8b095ad531b4c3ad34d74c96651	Tz Liang Kueng	Keh Yih Su
b974323ecf97239f5edbb65c7c2384e602c71bb7	James Shaw
8092749db5df2373f1c531aa3ab4a9b6cbe65840	Hiroyuki Kaji	Yasutsugu Morimoto
eb427e4f1de261d3a4404c3808a671a74827baf9	Ales Horak	Pavel Smrz
8a0086ee084cdde70ff23834122edf238af84400	Jean Marie Balfourier	Philippe Blache	Tristan Van Rullen
c08453625b0dc78ddebe78be50b7d86a7d58247a	Toru Hisamitsu	Yoshiki Niwa
61fbdf613c3ba58c6ee849391ad678bd902d288c	Stephan Oepen	Kristina Toutanova	Stuart M Shieber	Christopher D Manning	Daniel P Flickinger	Thorsten Brants
c27d5d8ee71273313233799d9e48d79d23605695	Wojciech Skut
e5b5c820e870c25543f5a5e85c0375c35b54c2e6	John Beavers
8abb1cbb1b701140e247070a47625f42d91f0615	Helmut Schmid
09da9e659de5f458277ace00529950f77f2986e7	John Blatz	Erin Fitzgerald	George Foster	Simona Gandrabur	Cyril Goutte	Alex Kulesza	Alberto Sanchis	Nicola Ueffing
02e2b6bcf6a87fef41f029b9170ab84656774896	Bing Zhao	Matthias Eck	Stephan Vogel
f0360572458265266c1257b2cf47dd619e57ecee	Grzegorz Kondrak	Bonnie Jean Dorr
265bf67fd0e221dae35d7d994d3a849e8bfea785	Christian Biemann	Saim Shin	Key Sun Choi
3d7d3706154cf4ac2363a369354fd3e53843f30e	Stephen G Pulman
91dc119d10a4260c7a18b2abcc3483789eb6a3d5	Timothy J Gillott
9a403a8ae15010e1292e10f04ed9cab853014bec	Lyn Pemberton
9b0ac12c8db71ac501dffcdbdbe129f96c7285de	Mats Wiren
bb40a5dc46670721a50e91f7cf5b04cab3efba97	Ronald M Kaplan	Klaus Netter	Jurgen Wedekind	Annie Zaenen
45310c0d674f7b63b56e83ce466af1164b4c07b4	Nils Dahlback	Arne Jönsson
9725a56f4578462f96cc3ec54c4577ba476f0aad	Louisa Sadler	Henry S Thompson
f88deef9ad93bdfbcf4c157402121823eb65a359	Yves Schabes	Michael Roth	Randy Osborne
d698d6e8bce2193e8814ef815f1c5b8e4a541d23	Kemal Oflazer
d8a38c82bb8da9d4428886fc9acdae67c40615d1	Gábor Prószéky	László Tihanyi
4e9aaafc373e0e3b324355abf2425f4813803472	David Tugwell
e672186ff80682e97fb0882fc5aa85e8c9997d23	Donna K Byron	Joel R Tetreault
3b60e57ec6b3a68864b36854f0698af63216d219	Judita Preiss
54335adc6cf304887ef9bc036927acc8499fecfd	Paul Piwek
6b5b6ea5b2b56c769095f2e98c44cc5a6aac4ddf	Thierry Poibeau
376517ab5522d53b82fd3c418dc2d5c07b11d0ab	Bogdan Sacaleanu	Paul Buitelaar	Martin Volk
a8b6a53b46125483891d27ca6e2ad2f353b6a26e	Mei Yang	Katrin Kirchhoff
8d1d98807843fad7de1734629edb0c873015c14a	Ryan McDonald	Fernando Pereira
c181afc58808beecf18ad9ee23f2fa48f13c1ed7	Chris Callison Burch	Miles Osborne	Philipp Koehn
0410fcb3ab956b19641127d9905dc34762e45fa4	Pei Yun Hsueh	Johanna D Moore	Steve Renals
7307a189565aa6fb98e532da61fecc23f2d3cb93	Joel R Tetreault	Diane J Litman
5b266962454dbf1072f98c217f73568e75458f58	Albert Gatt
2f39ea8457f3c8ef100f314a8fa580cd4108a984	Lorenza Romano	Milen Kouylekov	Idan Szpektor	Ido Dagan	Alberto Lavelli
e01dfd49ab3ac9f2dceb51257baed27d36bc5d29	Arjun Karande
f5a3942474213079898eecde038100a8ed5627da	Sanda M Harabagiu	Razvan C Bunescu	Steven J Maiorano
4aa186b9ba521ede47aa3f023b2a16c4ada6418a	Eric Villemonte De La Clergerie
035cdcfc139b541ca132093674a513f2fc434adb	Manny Rayner	Genevieve Gorrell	Beth Ann Hockey	John Dowding	Johan Boye
b510b3778d7f9c500042d04a9fd5c8800e944734	Masayuki Asahara	Yuji Matsumoto
7f7e2354ff234d408855dd0ec5bd75f9c12d7bee	Dan Klein	Christopher D Manning
1dfe2507b3dee6c1462fcff9b549fc53c219b9c1	Shankar Kumar	William Byrne
5b31e43f8b0490779d8013e0705ae4df8f0488c9	Fei Sha	Fernando Pereira
9a767631ad0e4477765daa5e81335fcec78a5d30	Kristina Toutanova	Dan Klein	Christopher D Manning	Yoram Singer
e55ea57a4d6fa1991b5eb95a0785d63c7b859203	Dekang Lin	Colin Cherry
9b681baed6755ee4af0d8e27a8fd75bf8ebded7a	Kiyoshi Sudo	Satoshi Sekine	Ralph Grishman
8b6e063ea1d8ee1f742de144fa67ab2f5542e9f0	Ronald M Kaplan	Stefan Riezler	Tracy Holloway King	John T Maxwell III	Alexander Vasserman	Richard Crouch
42e085ce92ffe63313690439a71fd52752eccc24	Jonathan Graehl	Kevin Knight
c860429b2553536ecdeec21ca2192d861561540a	Sameer S Pradhan	Wayne H Ward	Kadri Hacioglu	James H Martin	Daniel Jurafsky
50bbdf10e0eee6ee9652deaf72380b3fc8bcf307	Jimmy Lin
64887b841f12d71e1385bc792fa4126a7b97db91	John Lee
257f0184a7f2be67e066c9bd57c9c10ee5ff4494	Gang Ji	Jeff A Bilmes
7741f75cea98342020059d5f964560f3e6ef07ef	Sameer S Pradhan	Honglin Sun	Wayne H Ward	James H Martin	Daniel Jurafsky
d18248c0b6fd887b795be11ff53a8265bb29d62e	Kadri Hacioglu
74594d099b81bfaef5a267d5df2f8da253cd3341	Donghui Feng	Erin Shaw	Jihie Kim	Eduard Hovy
fef2b30e20c613a233011a4306362e61c082c475	Yusuke Shinyama	Satoshi Sekine
f94161fe0672a74e5088d8f67491af28b2949e9f	Yuk Wah Wong	Raymond J Mooney
9a9cfb645f150868f17ab401dc04490c9420928a	Jaime Arguello	Carolyn Penstein Rosé
5cf9c507b342108f256ec3492344339a1821123c	Gabriele Musillo	Paola Merlo
6ffbfc01fd25546093d1f1953522d782d4e7fa8d	Kenji Sagae	Alon Lavie
262a44f2bd54ca75bb95359f90ce60410b1f67bf	Manami Saito	Kazuhide Yamamoto	Satoshi Sekine
d7fd48b4b028ff6243354ee60636dfd7a71cec9b	Xiaojun Yuan
6fd398dcb4c0a20de0d10c7a30b36fa8e1b24ead	George R Krupka
570df39ba9c448d481946b3c9c9e80a37516cf65	Stephen D Richardson	Lisa C Braden Harder
af4b7781cfa6d0aadf2993202fa9b31fe5b5e846	Naoto Katoh	Teruaki Aizawa
275425e11f51483697fd1e6593a241fa185df08b	David M Carter
51289ae4a00edb40bb4830e56483ed386c0c0997	Philip R Cohen	Michael Johnston	David R McGee	Sharon L Oviatt	James A Pittman	Ira Smith	Liang Chen	Josh Clow
b8db880b8b534c1e022915c9e568933ca9e689bf	Yue Shi Lee	Hsin Hsi Chen
19b27d9433e52da20e0b9b347f96ae59641b6671	Dragomir R Radev	Kathleen R McKeown
235e2a54ad7dcb802a9ac39d9a8d710c633ecbb6	SRA International
2fc7071017c24ad34f0bae77117ee734d90f97a5	Sharon Flank
66087769e3379f06aa0eef1f5d06a7ef6e9fc7a7	Michael S Fulkerson	Alan W Biermann
a09b27d687f33833418738bd8219b4d4d7fe0f0e	Patrick Pantel	Dekang Lin
6dc34b3e1b54d71ee61bd8cd12081f4ebb324e1a	William C Mann	Sandra A Thompson
13fdafac4063e1e053f9886a189721eb0d435594	Robert T Kasper	Eduard Hovy
eaecb287f1b44bf243b3067793871f5ecfc3e2e0	Charles T Hemphill	John J Godfrey	George R Doddington
2d30aa623fd96da99a16c0c3bde73f50c92a5c42	William A Gale	Kenneth Ward Church
bf0fc4a7a5ccf51aff40630c297db61d3fb0b50d	Paul S Jacobs	George R Krupka	Susan W McRoy	Lisa F Rau	Norman K Sondheimer	Uri Zernik
f5b236ee44aa00efa5dd43057b25f93fbde08fbc	Susan Armstrong
5051e54af8c0d6b84f8459c57d55bd19be9f0cee	William A Gale	Kenneth Ward Church
798b8661018dd7d0652e46e1b3c813e892187e23	Robert C Moore	John Dowding
bd04d5799a6e6aa7a7bd4474f30d30443f36cdb0	George A Miller	Daniel A Teibel
571596a4075c408e3738e858d9b781847825fe5c	Ezra W Black	Frederick Jelinek	John D Lafferty	David M Magerman	Robert L Mercer	Salim Roukos
26058fda4537d38ee87c1bb4707bda54533ced5b	Clifford J Weinstein
18d67be0211180dbfe79241d26635e3955fa5076	Owen Kimball	Mari Ostendorf
bd484e3f62dbd7d8247359a6c817dbaf0fa07148	Michael C McCord
a3df63bd6b16615b0858dbcaad0cb7336fb42214	Alan W Biermann	Curry I Guinn	D Richard Hipp	Ronnie W Smith
18db48e76ee138d340de75c944a343052b577a80	Kim E A Silverman
c2dda9481c9b8c4731e79501b2febf7957efcb05	Tomek Strzalkowski
de937372b5e0f96e783ae4c7437ef5005b77b882	John S White	Theresa A OConnell
b699604777b437dde71fbd427c4e177e9ca1029b	Scott Prevost	Mark Steedman
c0e2e16aae101561680b392acb3a5cf27bf2b00b	Mari Ostendorf	Patti J Price	S Shattuck Hufnagel
31e43eb5d49824963434b4c4c9047cf8e37e2b5c	Ying Zhang	Ralf D Brown	Robert E Frederking
24eb97792a7e2c7cdffa01db3c1414667833b52d	Vikash Khandelwal	Rahul Gupta	James Allan
2a0e0629dbca2592084955fd809ebe18ad1ce105	Paul Heisterkamp
6ea36d17c8ecacbc35e2161a2c28a59b09c7ebb7	Gina Anne Levow	Douglas W Oard	Philip Resnik
1c121673845b9e95d9f58a14a160fa6fc6b97158	Regina Barzilay	Noémie Elhadad	Kathleen R McKeown
c578f1823e7d7fb95d3e5c69fe4fab36d5a384e3	Heng Ji	David Westbrook	Ralph Grishman
3a70bda2ea5764774f89ab5432e82a2e03f07a00	Junichi Kazama	Kentaro Torisawa
f08634e6b3117e3c44c79782181a9e4c9af62662	Shankar Kumar	William Byrne
a56240a477e7920ee6c7696af3fc120882e61ed3	Marta Tatu	Dan Moldovan
56a6af937507bf1e8a4d4089c01272c73698c8ea	Katrin Erk	Sebastian Padó
9ac03bd95ee68eaf9951195368d3e7d8fa55514d	Kristy Hollingshead	Seeger Fisher	Brian Roark
15c1f61aa9ce9e5ec425c81a1794e43fe850c36c	Veselin Stoyanov	Claire Cardie	Janyce Wiebe
20e2934054ef99b448f3099fc9c5488d30ce1468	Zvika Marx	Ido Dagan	Eli Shamir
6f5eb354097459d211861f24e11b0cca1bef2ac1	Donna Harman
7230405e170e98d0823ac46dfd08597219a1eb12	John Broglio	James P Callan	W Bruce Croft
181ceeab21a6402823a561aad09517069f3f86c6	Marc R Ilgen	David A Rushall
621b34498735b9ca497ab1e0ae4219708b8370ae	Steven J Maiorano
c2b3936844c0d340502836b47aa4a6c11c133d29	Scott Miller	Michael Crystal	Heidi J Fox	Lance A Ramshaw	Richard M Schwartz	Rebecca Stone	Ralph M Weischedel
b87b89e95e14388ec04db38250a81011a33d9782	Kathleen F McCoy	K Vijay Shanker	Gijoo Yang
dd2c59f6b8a99cd7b0d593b9af0e889ec23f6312	Peter Gerstl
240f279000e08202212b2fa21aa8bb3ff398b225	Pascale Fung
132bb9dd928749af370a87ecb939bbb0b05d7aff	Xiang Tong	David A Evans
886d4ead88671dc6919831a8a0cce558aab9db08	Tung Hui Chiang	Keh Yih Su
c0fe849601a791656398f022237604af2390d511	Mikio Yamamoto
103f2878d3570fcefaafb7eba91c3b7a7f2918d0	Xuanyin Xia	Dekai Wu
5629efbf95298d2ee5a6fe697491445940f332f2	Michael ODonnell
782d19b7b07c8cdab8174a0c9b2b0a7e28917d6f	John B Lowe	Collin F Baker	Charles J Fillmore
4d06669b8b13ad35a6cdadcb981c6c0f70a6fa26	Paul Buitelaar
a955ef76b29922441c67ce1278c36d50a9d52be5	Janyce Wiebe
5fb28a8a145c7d2205a55353393e7323d2d571f6	Adwait Ratnaparkhi
d77cbdd35d3981c4293c107f5eeb46c08f47b07e	Mark Seligman
86b3caccfd94fad5a6f984b6d31667f2b6552e98	Toshihiko Itoh	Akihiro Denda	Satoru Kogure	Seiichi Nakagawa
09e941ab733b2c6c26261cb85f00f145d9063b0b	Eduard Hovy	Chin Yew Lin
0f2d98a088d555c3f4fd480fee86e214174ed0be	Chinatsu Aone	Mary Ellen Okurowski	James Gorlinsky	Bjornar Larsen
aa0ca646a3f2cbf94bb4085f8c8c28c660232d73	Hiromi Nakaiwa
10f0215d3270075bab7f53b569861f9797ce378f	Eric V Siegel
59b64737a1888fe622e7f80d93cb1e530503e8fc	Peter Stubley
145472a4b1143a7a96c813991a3fa7d7325a4904	John Carroll	Guido Minnen	Ted Briscoe
6ebf5edb5a43ef197c4e3646ba4c3f22dee7be34	Masao Utiyama	Koiti Hasida
2c23db397ee3295d976a7b1ea5c773645f3630dd	Ana Fernandez	M Antònia Martí	Gloria Vazquez	Irene Castellón
ad46b42a7f7a709ed8f4d2dd86902260d3e75195	Amon Seagull	Lenhart K Schubert
ac0f1b39452bef430b044434b91f8b0078941b1d	Beáta Megyesi
7184db4238779908a890c71f2444c7037df79ce0	Martin Cook
8860f4458387f6dc5a51ac6241369f6156483714	Hyopil Shin	Jerrold F Stach
c19b7eb573b1259cc335f567baa56d28cd5fdfa4	Laurent Blin	Laurent Miclet
5b7fb20aa098fe67d468726f317227409efc3585	Jose Luis Verdu Mas	Jorge Calera Rubio	Rafael C Carrasco
0222b108dd18431daccec3f4e1b038fac8f0cddb	Mona Diab
c18f7e91ffcaae7ac2b57a8d4779ed5c19e59dad	Daniel M Bikel	David Chiang
92abe8c520ab5b1d9ad99cd7be5af6a0e040c84f	Hsin Hsi Chen	Chi Ching Lin
2ae47a1578d57d49f66fee6cc2bc5b7734bcd8b8	John J Kovarik
9a66167f0ec32ecec86eb1021be12ea611aa3d46	Simone Teufel	Marc Moens
2b4b852dba463878235f13529248d2efd25902f7	Giuseppe Carenini
61a3085c79be280354e6e9c8c29e378812ae3600	Kees van Deemter
d4d14920554b9899a7bc2a32c774274098d8bfca	Hai Doan Nguyen
17ea4e556449bf78e7714f0a0d1bcf4195774b32	Wenjie Li	Kam Fai Wong	Chunfa Yuan
941859fbe315c85cd13fa00667f4a83f7f836797	Fabio Pianesi
07a78850c0c2ff11acf21fccca40bfcb79da282b	Lynn Carlson	Daniel Marcu	Mary Ellen Okurowski
6c61f738c6e2b8b27e9979b9952270879561a992	Detmar Meurers	Gerald Penn	Frank Richter
3f65195f380bc556c3c8224c39773faf07d4c552	Olivier Bodenreider	Thomas C Rindflesch	Anita Burgun
fabaddd152d047cac54f004d9103b5662bb843e3	Ted Pedersen
67fcff21f14b0fb87b40a37c4f9fac6225ad35de	Bo Pang	Lillian Lee	Shivakumar Vaithyanathan
4263524239c86acee08d35136d4f14639b911e85	Noah A Smith
3760a79b260505aa34c4d63b8daca348e8c8a100	Thierry Poibeau	Dominique Dutoit
7a7b61b5bbaea74f499c93e07c21f172c5598261	Dinh Dien
e8f87361638e60af85c7a513d832ac052cf1051f	Claire Grover	Ewan Klein	Mirella Lapata	Alex Lascarides
382dba2e3d900f94b3b3b73222467cb0393a7af3	Taku Kudo	Yuji Matsumoto
aa7bfdc7638d93607d0f881b9196cd8f489b39d2	Ian Densham	James Reid
0c307ef6930fc80c14199fdea46b269aa329dd1f	Libin Shen	Anoop Sarkar	Aravind K Joshi
b8b267ec584d60140247dfd313bc57a134a5367b	Key Sun Choi	Jae Ho Kim	Masaru Miyazaki	Jun Goto	Yeun Bae Kim
3aead3586252eb53754204662f219a033dfe6969	Youzheng Wu	Zhao Jun	Bo Xu
3c70a4ef38b71d2b406bf5e61b3d55748088cdf1	Guodong Zhou	Jian Su
4794a0009bdf58a18f8a3b9910093cc9f5d7e144	Aitao Chen
385cfb178c86c1aad425777fce81b66b4909d4d2	Scott C Stoness	Joel R Tetreault	James F Allen
bea44eadbc3e380835df1701251c6aa89d03fe0c	Yun Niu	Graeme Hirst
799432c55bc6a22d13943defb3810bba334fc60f	Jung Jae Kim	Jong C Park
4fe3339321a29d3f175e7586290398f9a55f4310	Benjamin Snyder	Martha Palmer
bc0176c5dcdeb1b1ee2680e69eb52afee3b0b4f0	Peter D Turney
38d9600c4bfd2acc89f6c3df73997fb1c9d8ca13	Sonia Vázquez	Rafael Romero	Armando Suárez	Andrés Montoyo	Manuel Garcia Vega	Maria Teresa Martin Valdivia	M Angel Garcia	L Alfonso Urena Lopez
9cd3bf0bdb27b7b58cbd27e456b58eab26a16986	Gina Anne Levow
09e5678aae479eafcdf1e005a3273245894c638b	Jia Xu	Richard Zens	Hermann Ney
c60aebdba919d75c37e8a0fcade6be82f7244d13	Sampo Pyysalo	Filip Ginter	Tapio Pahikkala	Jorma Boberg	Jouni Jarvinen	Tapio Salakoski	Jeppe Koivula
5dee9c97286916ebaeed2c35eac02f8c33fbf959	Sarmad Hussain
13391bba69162b7062ca070bb2a509505c3ca724	G Antoniadis	S Echinard	Olivier Kraif	T Lebarbe	M Loiseau	C Ponton
ad9e7b2ee6936ccc31e6c56121f60d73b4d30b61	David Schlangen
927ece71d6bfa0789ba1eea2c215c9afb90f0dac	Dan Roth	Scott Wen Tau Yih
ed4a7e7a45dae98461fef443a32a5fed56c92d89	Rie Kubota Ando
6282976d5df937826e5add9429ca459be32586cf	Ulrike Baldewein	Katrin Erk	Sebastian Padó	Detlef Prescher
ad2d4ae7b81851242a91475d958793c8809205c5	Robert W Means	Syrus C Nemat Nasser	Adrian T Fan	Robert Hecht Nielsen
0d1d0b69ab17b8a781904f42a6987dc99c12f123	Marcelo Fiszman	Thomas C Rindflesch	Halil Kilicoglu
58b542df8059e682a70c95da9265a50981d35666	Sulene Pilon	Gerhard B van Huyssteen	Bertus Van Rooy
653c289b204db3749beb1d5d5f36a26978a266cf	Christian F Hempelmann	Vasile Rus	Arthur C Graesser	Danielle S McNamara
071d4270ec6b098477cac4e0939860f4c67a8858	Frederique Segond	Thibault Parmentier	Roberta Stock	Ran Rosner	Mariola Usteran Muela
eb46ac0f13f8c911588459b4eb7da2538376873f	Nicolas Stroppa	François Yvon
177bfa5b71e3e4fff964c4c96f08d971885b41a9	Philippe Langlais	Guihong Cao	Fabrizio Gotti
0c9427a9c339b7c11a03d196d8c4035b84d6747f	Ding Liu	Daniel Gildea
c0e81dc20135416d05d0c396c9fc95bd953fe8d8	Rebecca Green	Bonnie Jean Dorr
37a0db4cde26750ea0b062112eb83ed8b8822626	Martin Jansche
e0a043fdc032f92041876fbccdbbdcc074d78ab7	Robert J Gaizauskas	Mark Hepple	Horacio Saggion	Mark A Greenwood	Kevin Humphreys
bf316e912f7971e8d4bce2cc2eb01c96ea2fe1ec	Deirdre Hogan
cebed30094945d9cce87c50e769d979e297da39c	Yaohong Jin
efe92f3a8ffe91845d296ee9346c34bd012ba78c	Yu Zou	Min Hou	Yudong Chen	Fengguo Hu	Li Fu
95142bdec8661c374aa0c1082fa560d323cea177	Gaël Dias	Claudia Santos	Guillaume Cleuziou
0086dec25dc30ea54b8d1a9fe877a586e14bc882	Paul Cook	Suzanne Stevenson
cb89c54521605a9957c5df86b113625c4c43bfc9	Renata Vieira	Eckhard Bick	Jorge Coelho	Vinicius Muller	Sandra Collovini	Jose Souza	Lucia Helena Machado Rino
7fd3ee0929f310cfe80b321e62737a3a7e4ce3f1	Jing Lin
1b5ede36a88469f43ba690895315385281731bef	Ehud Reiter	Anja Belz
8418f8a21b9e8299b097564013f6f65d6ae3e29c	David Chiang
bfc4d37a491f0aabccf83c0a85c390c127c37c02	Chunghye Han	Nancy Hedberg
36dee4594ab935092d8ee96bf99e025a9c148ac2	Sylvain Salvati
cb59fada125478c0302c6874aa13a83ab0ac62f1	Daniel Marcu	Wei Wang	Abdessamad Echihabi	Kevin Knight
2c1788e31e0cc9c2528f2f9f398a9f1547320cf8	Liang Zhou	Chin Yew Lin	Eduard Hovy
ca63d82f9f6bf5be67827b6385026c9001161ace	Philip Bramsen	Pawan Deshpande	Yoong Keok Lee	Regina Barzilay
34ad5ea056d9a74646be0880d84c26325b68cef4	Cristina Nicolae	Gabriel Nicolae
55ad34fbac347503004d15ced039751b22334a51	Ellen Riloff	Siddharth Patwardhan	Janyce Wiebe
146b3649b693ae591c8953c0aae5264512c26ea3	Jenny Rose Finkel	Christopher D Manning	Andrew Y Ng
c033c647b47c06792cc951f2c902b01112ea5313	Teruko Mitamura	Mengqiu Wang	Hideki Shima	Frank Lin
80f304efbb6beeb9e7ca9d5945aa3cece9c7383a	Sudip Kumar Naskar	Sivaji Bandyopadhyay
f2f5f11771b31a20de7cce70980df3d104fa8775	Ana Maria Giuglea	Alessandro Moschitti
d6bf67fac447ce6e7c1ec546ca56af30a4060040	David A Smith	Jason M Eisner
363f92f95c86d0ee6cd5cfd26f1f542e311aab6d	Gaja E Jarosz
6552aca640ec970d232b55142a1ba49186c1467e	Anders Søgaard
28a83e50b206512ef5712508ab020078fd1a144d	Irina Matveeva	Gina Anne Levow
82bbd5b59f8f1dfa339668de16e1207f7ca85ddc	Vivi Nastase	Stan Szpakowicz
f5e8d00fcef8fbcc4e2abffb1b545984416bff9c	Laurent Nepveu	Guy Lapalme	Philippe Langlais	George Foster
fc120f3cb5c65928392a1f05d3ae97d708a70ca7	Abduelbaset Goweder	Massimo Poesio	Anne N De Roeck	Jeff Reynolds
57a2a5be0cd72cc00f5def2e1e67ed4f2bf63fe7	Robert C Moore
2e5b428cc51d93201ac74afc6a645dd9133bf26f	Elaine Marsh	Dennis Perzanowski
837c2bf28887fc1a00e1b1148e5df748809da242	Martha Palmer	Daniel Gildea	Paul Kingsbury
5ff938ef23c7a395993f309dffe43ecba4ecdec9	Jason Williams
9c6618a83c16567e5e949b22fae48d36269108e8	Alessio Plebe	Vivian De La Cruz	Marco Mazzone
0a0dba86c980d4ba5f881aea0239fa689084e6c5	George Foster	Roland Kuhn
c03c806d3e38c4ef0450920deb3f17d3905cbd91	Michel Simard	Nicola Ueffing	Pierre Isabelle	Roland Kuhn
3c58cb9527ae19f8f9ded5f0e3a2921e970a327e	Walid Magdy	Kareem Darwish	Ossama Emam	Hany Hassan
12cec5b797d262eff9b4d17c6f272cd02d81e5c5	Haibin Liu	Christian Blouin	Vlado Keselj
1b294f3ce78a9fd65b288cda2d0d9f939ad1cf9e	Marcelo Fiszman	Dina Demner Fushman	Francois Michel Lang	Philip Goetz	Thomas C Rindflesch
6281343019aa47e308f03483c651bc2d6d296015	John E Miller	Manabu Torii	K Vijay Shanker
fbd5e013ba99b7ee6d2cf95201471bbe48f0aac2	Dolors Catala	Jorge Baptista
56e650efe9a15002488cb393bc0ff956fd00adbf	Yi Zhang	Valia Kordoni	Erin Fitzgerald
0cecabba86326f925e9834acedfc8a18b33762d4	Hermann Moisl
c9a2b4d3e6111cbcf8422574c260878c820c7887	Andrew Hickl	Jeremy Bensley
b71e020c4c0ee896174d11a9a87d8941750dad22	Ruifeng Xu	Qin Lu	Kam Fai Wong	Wenjie Li
1c05ee24a7c80cfe0fe7153dd498eaf61b2686fc	Mary Ellen Foster
aa9b321c64aabdf4ec97b9a8571860c95c9f9a68	Beatriz Lopez	Alvaro Hernandez	David Daz	Luis A Hernández Gomez	Doroteo Torre
a2b48df03588b72d8b3b7ba9e8ce6bcb0df5f2f7	Congmin Min	Munirathnam Srikanth	Abraham Fowler
5b8dae5d145232e4b1234d4dd020f0e285a79476	David Martinez	Su Nam Kim	Timothy Baldwin
58de2e457b0f664e6b2205614350fb2a987e74c5	Horacio Saggion
3f40a9564c3b45930a5f6b6db89d02ff1b8cf4cf	Rob Koeling	Diana McCarthy
ba786c46373892554b98df42df7af6f5da343c9d	Thorsten Brants	Ashok C Popat	Peng Xu	Franz Josef Och	Jeffrey Dean
ebff2e4bf235e2633a1bafbefd5e611f67eb7f2e	Keith Hall	Jiri Havelka	David A Smith
7139b94b39d225946e02c32eda05af4c7e29741c	Junfu Cai	Wee Sun Lee	Yee Whye Teh
23c8d01e1d1488f91683f1e95988091ba6bcd68f	Michael Schiehlen	Kristina Spranger
8ec29aecd2dbe3ae1d1a8fec3e1aad48a45fb285	Aron Culotta	Michael Wick	Andrew McCallum
1c9f2beef42f4023911f62311c53ed43d77948bb	Mark Johnson	Thomas L Griffiths	Sharon Goldwater
f951f8490fc7ee15b85cf89e1a7a6b8dd08071ba	Joel R Tetreault	Dan Bohus	Diane J Litman
b5c15f2685fd5dc95b9a638d5e7f271fd61ed180	Bing Zhao	Nguyen Bach	Ian Lane	Stephan Vogel
37798b65b083c4d134a1a154a5fa1f17cf954375	Fei Xia	William H Lewis
2f0ba3763db6159da2a3186dbedf7a48d4df53b0	Hrafn Loftsson
50061de29dda21608176f3977fa270e072a6a90a	Zhongmin Shi	Anoop Sarkar	Fred Popowich
ecbebc40b4eba1b3660c951ea99376dcfcb8b22a	Stephanie Seneff	Chao Wang	Chih Yu Chao
1d27da6f431d57a59f60a2be12594c876989f52c	Haizhou Li	Khe Chai Sim	Jin Shea Kuo	Minghui Dong
2e7865b74bb9dd6637e3d14b7bb31715d685904f	Srinivas Bangalore	Patrick Haffner	Stephan Kanthak
bb51be4a096abc42fe00e89d97691c0ec17fa7a3	Jing Jiang	ChengXiang Zhai
bcd6bcc366afb3ae98d4ccb3566eceb216c145c1	Hany Hassan	Khalil Simaan	Andy Way
b2fb57acc544352677ac083d01f2e78c4cfc20f8	Rens Bod
d895647b4a80861703851ef55930a2627fe19492	John Blitzer	Mark Dredze	Fernando Pereira
8297a2bd752836fbbf2029fa6686f2f03b89dfe2	David Talbot	Miles Osborne
7d99ad3a64a78199c2d4090c735943f1a5cf2522	Masatoshi Tsuchiya	Ayu Purwarianti	Toshiyuki Wakita	Seiichi Nakagawa
718163af9b535aeaf38568ceb55f75d4de55acc9	Andrea Mulloni
a730de25ab201c3e3355d2e7bcffba44e9c69e10	Yves Scherrer
804001113f90f7b88a97e4f65d19bf99e351ab36	Michael Fleischman	Deb Roy
9929112a67eb37a9e68a835fd192268e88b82c0e	Philip Blunsom	Trevor Cohn	Miles Osborne
f98ebc10ce8c48020d21cca041de2a3346ce31d9	Heng Ji	Ralph Grishman
a8ff6cd4336b8613e2a38bdf4d873533153031c1	David Vadas	James R Curran
173f01d68298ad95e969bdf38824809728bae1ef	Yoav Goldberg	Meni Adler	Michael Elhadad
8fa35211be0e45446476b06bcf3913ba4bfbbc3e	Kallirroi Georgila	Maria Wolters	Johanna D Moore
3e6b5ce2203feef292783b3bfc2bf1011a796ffb	Yolanda McMillian	Juan Gilbert
a614dce63eb4e7799c20ad8cded57cf074f250ee	Jennifer Foster	Joachim Wagner	Josef van Genabith
9a4f294f2740d5e1e8a67e0097d284575a1c6660	Jason Williams
7a79847e0218d9bab6bd1b1f8c76c8c13e577534	Shuya Abe	Kentaro Inui	Yuji Matsumoto
9f742271cfd4711585da26c82053051fa4923913	John M Conroy	Hoa Trang Dang
a4d32e742db4fe7a04408428c3e5f3bee7f7f3d6	Claire Gardent
c33ca9fe5b5ac308cfbdfd65ea8b6e8bb7db82d9	Zhongjun He	Qun Liu	Shouxun Lin
510d7e821e55e86a1b0c3bb79907eaabc3cb9910	Kevin Lerman	Ari Gilder	Mark Dredze	Fernando Pereira
88b112ef2ceedbff9d28c01f30ee734ecde9172e	Ryohei Sasano	Daisuke Kawahara	Sadao Kurohashi
8c5aff386f1a29c4298f555db92d3215083f33e8	Andreas Zollmann	Ashish Venugopal	Franz Josef Och	Jay Ponte
590957df2a37c8dd3876b06f6bd31acff33a6f1d	Arantza Díaz de Ilarraza	Koldo Gojenola	Maite Oronoz
0644abb773c422eea42561bc8b9b5de19ef44f83	Fabio Massimo Zanzotto	Lorenzo DellArciprete
50a4f82ea66183c68ba5fcaf37240c860966e519	Cem Akkaya	Janyce Wiebe	Rada Mihalcea
378d8752535f9361db73c713eda2b91a05a8b42b	Dmitry Davidov	Ari Rappoport
e585e55ab28bfedbbaffcf8c5bce4cabad164e7e	Tong Xiao	Mu Li	Dongdong Zhang	Jingbo Zhu	Ming Zhou
8873a91e758bd76e530325a230cc51b1e3b7db2d	Saif Mohammad	Cody Dunne	Bonnie Jean Dorr
535ef87eaf180cb1feee95e3c17dbe0ea54151ae	Tagyoung Chung	Daniel Gildea
abba83b5747e98d10ab982df9ae94cc799668f16	Aria Haghighi	Dan Klein
ff682d0cb5dd6e85458203096c2b5c9d9cac390a	Naoki Yoshinaga	Masaru Kitsuregawa
31fd675529208d75d8241329905ec8aa86e7a6ca	Hui Zhang	Min Zhang	Chew Lim Tan	Haizhou Li
b7e918806d84412e791a479eb7df05ed1b06ba76	Apoorv Agarwal	Fadi Biadsy	Kathleen R McKeown
799ecca00f5c84c179d9d05b83f726591535e522	Bruno Cartoni
b92309d04f439ca3625feb3bca38db57596f6948	Alessandro Moschitti
6df7e80d9df96d8bb1acba776e9e7e3f0ea5a781	 Pascedil	Marius ca
8c33c90083c9bd32db350b1910a616f9e52d7d16	Raghavendra Udupa	Saravanan K 	A Kumaran	Jagadeesh Jagarlamudi
4513ade434ac24913852d4fd74e31b91920f8029	Aurélie Herbelot
748eb923d2c384d2b3af82af58d2e6692ef57aa1	Rada Mihalcea
370702b927a78128c390e10ab92a8149dd8b1ca4	Dennis Reidsma	Jean Carletta
43e416b627d896b866051bbd01fdcc26ad1780e5	James B Henderson	Oliver Lemon	Kallirroi Georgila
217f56a75f5484884f5f1fe3fd24cabab3c6926a	Afsaneh Fazly	Paul Cook	Suzanne Stevenson
67fc65e8957dcd949141ad75ef19c10ae5fd8609	John D Kelleher	Fintan J Costello
226966243877f186d346be01047cf71cee1b5ec4	Percy Liang	Dan Klein
42adab10d34e359087b0b0e86b92f13d23db183b	Brian Roark	Kristy Hollingshead
2c0257f3781bb00d76e0eafe8cc9a6964b106b00	Andrew Rosenberg	Julia Hirschberg
08c90e7d935af30f6f60edb987e99ab073998712	Heather Pon Barry	Stuart M Shieber
347d58f011efd9d6dd375e1840341ec37e68f55a	Seokhwan Kim	Minwoo Jeong	Gary Geunbae Lee
2bb76e612925b56ff2e62070a43f530490996d1f	Michael Paul	Hirohumi Yamamoto	Eiichiro Sumita	Satoshi Nakamura
301f8346f5a5bfe34cad24caf2e480b54b1e0e32	Huayan Zhong	Amanda J Stent
c516a0af72b9d524c36f7ee09589a252297b2df2	Bhuvana Ramabhadran	Abhinav Sethy	Jonathan Mamou	Brian Kingsbury	Upendra Chaudhari
7a6e35233481f78d828c8cefb585567e3b089a23	Gholamreza Haffari	Anoop Sarkar
124f442cac7748c1182a2187f5eb233f54a50fa6	Katsumasa Yoshikawa	Sebastian Riedel	Masayuki Asahara	Yuji Matsumoto
f5b59454dc8c76ee3531e29df26d041dff5dab03	Tomohiro Ohno	Masaki Murata	Shigeki Matsubara
5209c6fb3efee27cddcf0203628c41776e42fe4c	Xiaodan Zhu	Gerald Penn	Frank Rudzicz
46e06cf27255dedcd40a99751dbc14d7fd44f80e	Philip Blunsom	Trevor Cohn	Chris Dyer	Miles Osborne
f671eb22a3af916fa580dbe370ec1aa752fcefb9	Isaac Persing	Vincent Ng
9704a31928ae64e337a0fb6726221f2602f69c2d	Luke Zettlemoyer	Michael John Collins
5c6344b7a38672ddeb570e07e7a4befb2801b6ec	John DeNero	Adam Pauls	Dan Klein
e0458637181e8fb342b6bd19870c3254b5faa64e	Seon Yang	Youngjoong Ko
de8c1d3664a1f97d272139784f50d7b6102d6226	Christoph Tillmann
163396f0fcf123f0c6528130dcb54817df028b7d	Gina Anne Levow
5a354340b87a33973b6928f0c77e7e2a86c274d5	Philip Blunsom	Trevor Cohn	Sharon Goldwater	Mark Johnson
c2587d65304d8d4836a4c2a1a287968005ee7eed	Prashant Gupta	Heng Ji
e654bf95adf4feacffec0c986ddc3b87f6fd7f03	Elijah Mayfield
0525bbe83d45e9e34f5b607bc7480f58d795041b	Zhifei Li	Chris Callison Burch	Chris Dyer	Juri Ganitkevitch	Sanjeev P Khudanpur	Lane Schwartz	Wren N G Thornton	Jonathan Weese	Omar F Zaidan
c54d225fa41fe4c86f4c96d391b5d8485dc7f1a2	Petr Homola	Vladislav Kuboň	Pavel Pecina
5cbd8381f1cb1358d9ce599e9f1383747839e712	Kenneth Heafield	Greg Hanneman	Alon Lavie
97581d3160730105e5dd48551d893085eb3816dc	Philipp Koehn	Barry Haddow
d8e397a77f12b627685e86460df4463ecc032b7f	Michael Alvarez Pereyre
33aa559a8836e2df65aaed698760182e9965f27f	Philipp Spanger	Masaaki Yasuhara	Ryu Iida	Takenobu Tokunaga
7c844ec8705797ed63d9d5c98ba71df1e680b936	Jakob Elming	Nizar Habash
f55bf60fa2ffe82395e859fb9e2e89015da349c8	Shane Bergsma	Dekang Lin	Randy Goebel
edc5e6f85dca2dd16feed457c87ff6b83bf16508	Anders Björkelund	Love Hafdell	Pierre Nugues
7deebdcda579836a29572aee2f066a12e6c8df41	Lee Christensen	Henk Harkema	Peter Haug	Jeannie Irwin	Wendy Chapman
02c6edb92d9e177ed74eac0afe675b97efb2b7c5	He Tan	Patrick Lambrix
f315462e88faa4c625646393865b22a4045cebf3	Mark Stevenson	Yikun Guo	Abdulaziz Alamri	Robert J Gaizauskas
69672bd4dd4dc0155f9deb0e48e555fc42b7c744	Kaarel Kaljurand	Gerold Schneider	Fabio Rinaldi
34607b4ecec2c7c20fa9d7a7fd2c90ab0ca9083f	K Bretonnel Cohen	Karin Verspoor	Helen L Johnson	Chris Roeder	Philip V Ogren	William A Baumgartner Jr 	Elizabeth White	Lawrence Hunter
0ae8819c1468177265f502265fddd77ae6c4820e	Xiaodan Zhuang	Jui Ting Huang	Mark Hasegawa Johnson
7171a67ca2f538ac8b8fb62f10eff8b9e4b1684f	Lonneke van der Plas
107c0ab149ed8c34424463fddb1bce40f65f4405	Irene Langkilde Geary
bde018c35d1a797380701840fdd365483458ba92	Nick Montfort
8ae3e7c94bb2737a5ce806f887b8b62780c7ff29	Andrew B Goldberg	Xiaojin Zhu
c5710531ebeed0e9d261450f5a4eedd1569a3bdf	Iris Hendrickx	Walter Daelemans	Erwin Marsi	Emiel Krahmer
6a547d8629589c21ba85ff9182f255fdd6933e67	Stephanie Schuldes	Michael Roth	Anette Frank	Michael Strube
1f5dc1b42cfcca0c15cedc8d4789cd17c4575f75	Anja Belz	Eric Kow	Jette Viethen
335dee2515f0eae9775475e9f10764ea6d84729e	Su Nam Kim	Min Yen Kan
4352bbd2cb56e659e3fcc148d998976a5e933f35	Barbora Hladká	Zdeňka Urešová
0f1970214a41413ee1638c40fc0584bc98bef6ea	Collin F Baker	Christiane Fellbaum
236abcdf756ad683fb563df22e0a45459758f25a	Umangi Oza	Rashmi Prasad	Sudheer Kolachina	Dipti Misra Sharma	Aravind K Joshi
3e9148d8c6724ad5d66d247b14fa3b0ad19c3b34	Valia Kordoni	Yi Zhang
ad78490de7a38121efbec732de3640bb60896fa3	Jesse Kirchner	Justin Nuger	Yi Zhang
db5940ba776f5acf30fb8f58b498885131246ca0	Lorraine Goeuriot	Emmanuel Morin	Béatrice Daille
47fbc70a58e0ee760a49241f0649101a63d909c0	Chao Lin Liu	Kan Wen Tien	Min Hua Lai	Yi Hsuan Chuang	Shih Hung Wu
a4ebc3ebed13c30b6729690f220a6ad6cdc88b61	Masood Ghayoomi	Bruno Guillaume
292a4ece480bcfcddfc9dc625f57f9672daffb81	Rachel Edita O Roxas	Charibeth Cheng	Nathalie Rose Lim
25f1fafe6e2840cf77ccf8ced2ddbaa6d0b00414	Martin Jansche	Richard W Sproat
07e8cae9c12b2d692c0767e04254e3793765d8bb	Eiji Aramaki	Takeshi Abekawa
e156e6a2804b2d41e64f74d413a5058c252e83a0	Amitava Das	Asif Ekbal	Tapabrata Mondal	Sivaji Bandyopadhyay
3127d3b1245a85def0f1fa9b8b2bbf4653cea2f1	Mitesh M Khapra	Pushpak Bhattacharyya
1b060664a53d8feec11ce494b424f47315bb3130	M G Abbas Malik	Laurent Besacier	Christian Boitet	Pushpak Bhattacharyya
a5282f729c3b018d5b3326fa8e56ac2421bfe172	Stephen Merity	Tara Murphy	James R Curran
8f03655ce0c0ea7f640be886807f525f0c9f1a50	Johan Bos
89dbb817c06ff29bfc2bc9790b1a7af23374aa11	Jennifer Spenader	Anna Lobanova
f981ec0efe639c2eedfd59771fb024f233bdbc24	Joseph Le Roux
6d3e1c2db206d54c91e15f83f46b07a6601fcae6	Djamé Seddah	Marieluísio Sandra Candito	Benoît Crabbé
075942d047d2e2b549f58cfb82b621ff6febba3f	Guillaume Bonfante	Bruno Guillaume	Mathieu Morey
e4738c8b41a45845f3c34f2f73b2fba45d5532f2	Jason Williams	Suhrid Balakrishnan
df26102fa53dba696838a801506cd0181c8b3d15	Jun Hu	Rebecca J Passonneau	Owen Rambow
56dd47ee5d7d6072e970aee05018f504c8c5fbf7	Diana McCarthy	Rob Koeling	Julie Weeds	John Carroll
c6db8225161eebc2f2f8c7f5c82a1a12efe48ce3	Wai Lok Tam	Yo Sato	Yusuke Miyao	Junichi Tsujii
3e771b09dba09603bf416bb67ccd57644e56b25b	Svetlana Stoyanchev	Young Chol Song	William Lahti
4df1de025f9e93b676182cac8db9fc0d41ad0de1	Luiz Augusto Pizzato	Diego Molla Aliod
fe3cb0c53c526567e18569dd3c9fb3e66f93ed85	Delip Rao	David Yarowsky	Chris Callison Burch
5ff9026c254d26c4c66c3eebe793680c2e3e8921	Xavier Carreras	Michael John Collins	Terry Koo
d7ae13ad4d1383d4af3ba2feb54bdda1a00ac861	Rohit J Kate
bef495a72a7fcfbbfdf8316253b39d15c3e8bc7c	Hemant Misra	Olivier Cappé	François Yvon
bcb6776fe81d5edf45c24a4ad1ed640e174275fa	Michael Connor	Yael Gertner	Cynthia Fisher	Dan Roth
2d0fe2c6ca588323d1be4466d1114882ff5b6ee1	Hansen A Schwartz	Fernando Gomez
9aa5f1ab2639547063190ade80fc52407c3f62a8	Thai Phuong Nguyen	Akira Shimazu	Tu Bao Ho	Minh Le Nguyen	Vinh Van Nguyen
6d42e405d9b7270079eb33e228141de9d57bded7	Katja Filippova	Michael Strube
f909024c2fa4545a6214e8aeadcd3dc90cfa061b	John D Kelleher	Brian Mac Namee
600c28e993851971fef612e37e9eb93c0b7492c9	Dimitrios Galanis	George Karakatsiotis	Gerasimos Lampouras	Ion Androutsopoulos
d9b25549ed06a399b5707808a32387b81b318a15	Mans Hulden
f5e47cf3c84b8e1614d063d19d28e1d4a405a620	Eleni Miltsakaki
38a24b5978f49e3696bfbc35ffe1d7752a9afd06	David Sankofl
547f23597f9ec8a93f66cedaa6fbfb73960426b1	Collin F Baker	Charles J Fillmore	John B Lowe
3fd6bd972712425bec0db99c67f624791240317c	Caroline Brun
5c3547fc46664dfeb021a844dc1f1a457c7e5cd8	Mohammad Ali Elmi	Martha W Evens
13e22d15451a25ec753bb5706d8851316f3ff878	Roger Evans	David Weir
87f09ba5b9fc91b2f0ec90406b41fdd26359b812	Janet Hitzeman	Massimo Poesio
4ff4c46e9dec9e58ab2a775d1f5c46006c5b9eda	Hongyan Jing	Kathleen R McKeown
64ea6b4fcc048e128b2aa8794ee2be379c0c415d	Michael Johnston
28fe44e8fbadfda7e225e0fa67b30fbb2119e5c8	Sylvain Kahane	Alexis Nasr	Owen Rambow
cafc8836c3ed6e511cfb81e7cf9c0c018237838e	Mehryar Mohri	Fernando Pereira
e694fff394731ffa762d4678723c574cc09ea698	Mikio Nakano	Akira Shimazu
fce3f58fd20877ff5c42738818631ad0ec26a7ee	Andrei Popescu Belis	Isabelle Robba	Gerard Sabah
28ac8f68df97220c7078c1caedfe2f330397bb12	Michael Strube
08f543031da43edbf0f3fe91cb6b5461a788e85b	Karsten L Worm
9dccaf6ea0fa19772cf8067295b16df3eb7b4dda	Slav Petrov
980ffba18d4f7ee642697351f2488bdc818be522	Adam Pauls	Dan Klein	David Chiang	Kevin Knight
794e03473140760db0681fda938fad93e6d159bd	Michael Gamon
4ea4f6200a919451d36363fb6f5c6cbc9b555195	Arun Ahuja	Doug Downey
b9c20eeb97baa7776f60cba2708a5ad4111c53c4	Fangzhong Su	Katja Markert
ddeab6770134141415e36d3f0427aea11bc62697	Beata Beigman Klebanov	Eyal Beigman
f8783de1f6831bc29cd273f1f1468f21ac94e954	Shay B Cohen	David M Blei	Noah A Smith
fb37fd9120fde7cc03cfd05a422bf59c97a27bd1	Zornitsa Kozareva	Eduard Hovy
5910ed62028ae8e1958a3325c6a057cd70423649	Amr El Desoky	Ralf Schlüter	Hermann Ney
fdc61e4429d74821230f71dac257f83e41c8ab43	Spence Green	Michel Galley	Christopher D Manning
488c9fafea979de353df82a68cb41d82494b4cae	Hakan Ceylan	Rada Mihalcea	Umut Özertem	Elena Lloret	Manuel Palomar
c108531fbf3218787cc9d779d3c06ec9e92c0e10	John DeNero	Shankar Kumar	Ciprian Chelba	Franz Josef Och
fcf00320b3fda525968307efa08d2a6882d4ceb5	David Goss Grubbs
a2723c779af606521398d5a47e46b415f7179c06	Eugenie Giesbrecht
be4f6e467cff26d848ab7698187b0a694000f6d7	Daphna Shezaf	Ari Rappoport
af9c5653efb9e2d08c23cb26c7af5e5dd1f50e4c	Danilo Croce	Cristina Giannone	Paolo Annesi	Roberto Basili
f54b729eb1c4e30c46efde4f7fe9a6f54918ba2f	Junichi Kazama	Stijn De Saeger	Kow Kuroda	Masaki Murata	Kentaro Torisawa
581cfcdcc17eb87125226997cd2b4e067218c577	Asli Celikyilmaz	Dilek Hakkani Tür
4376c9712bae2979b7f338e76d3135eb5142bda9	Jeffrey Heinz
e4493e77bec26bb5a36e940895dec1960369dca6	Elif Yamangil	Stuart M Shieber
5cfe9bb78fa50955be5a99e6966dd5ba5b4d4f80	Stephen Wu	Asaf Bachrach	Carlos Cardenas	William Schuler
a6109618caa42b7318884b5418cec4c8c06a96fd	Mark Sammons	V G Vinod Vydiswaran	Dan Roth
f21d4c1ce87e0d4c304166bc46cce98678e789e8	Shachar Mirkin	Ido Dagan	Sebastian Padó
e143cb6d6619bc56cb9c4b70467d7d8e68186821	Jesús González Rubio	Daniel Ortiz Martínez	Francisco Casacuberta
ace4eeebb008eca2671a1c50121106f5debcda32	Decong Li	Sujian Li	Wenjie Li	Wei Wang	Weiguang Qu
c004bf7ba0e03ea0fe8c71f82ad24be6cf83504f	Yun Cheng Ju	Tim Paek
f25d19ba09f9fe942e4e9458d54176caf9842994	David Vickrey	Oscar Kipersztok	Daphne Koller
d13807bffb74f898c7d8b1860002d2cb0449f68d	Zhongguo Li	Maosong Sun
3cb58c4c5e79b6465d1709687b282138a1d463fd	Ziqi Wang	Gu Xu	Hang Li	Ming Zhang
835571388c1415ae2d039ce34a9ddc30acde340f	Alexander M Rush	Michael John Collins
fee85729f6edfca382ce747b877bda307b6145e9	Kosho Shudo	Akira Kurahone	Toshifumi Tanabe
457c6047e2710feba5ac901de97a458e64ce4b92	Myle Ott	Yejin Choi	Claire Cardie	Jeffrey T Hancock
aea11378ac0d9a85e5278bc92bfd39a682eb0613	Edward Benson	Aria Haghighi	Regina Barzilay
1a6c5a1d99ddd1de0ff0681e13fd73f9771cd2fc	Ang Sun	Ralph Grishman	Satoshi Sekine
d48edf9e81653f4c3da716b037b0b50d54c5b034	Raphael Hoffmann	Congle Zhang	Xiao Ling	Luke Zettlemoyer	Daniel S Weld
d82bf4ff133d5d991de7df4e7b32440d9903cdb5	Miao Chen	Klaus Zechner
c64333c7c770dac91682aefcc58a432ee5bc2d95	Altaf Rahman	Vincent Ng
71b4a16fb6978ebefebde80cc7fc198f2a12ad28	Zhanyi Liu	Haifeng Wang	Hua Wu	Ting Liu	Sheng Li
38a3225d83685937c60a3b4d80804f5a5c718bf4	Jenny Liu	Aria Haghighi
4c0f871bb4c19ec525cd895e2144a4a232aa69a9	Taro Watanabe	Eiichiro Sumita
57720f21645856af306da3cb94238fe296574896	Klaus Macherey	Andrew Dai	David Talbot	Ashok C Popat	Franz Josef Och
49ee14e1ccb0cda702f200ad006ccdd5a7b41111	Dirk Hovy	Chunliang Zhang	Eduard Hovy	Anselmo Peñas
c0b353701dacd7869bdd42809635f068acd6f50c	Guangyou Zhou	Zhao Jun	Kang Liu	Li Cai
28a418253205fa24ac8d16dca0ef9c8ebac3beb4	Zornitsa Kozareva	Eduard Hovy
fdf4895f4c7a4df1823de277632c4ebea9f50f4d	Tetsuo Kiso	Masashi Shimbo	Mamoru Komachi	Yuji Matsumoto
c16eb0cbd2caa1d9c85bb365d7ec3aca9dc6332f	André Bittar	Pascal Amsili	Pascal Denis	Laurence Danlos
e20dd4d92c7fa6a289da47464048c728c5c9dd56	Jonathan H Clark	Chris Dyer	Alon Lavie	Noah A Smith
bd6f885032e5324fa64b488a10e468d583b3f1fb	Naushad UzZaman	James F Allen
c384adddcad3a017f8dad14c9847dae0e6dde323	Daniel Hewlett	Paul Cohen
7476d0013408d70106e65b39a42df4f71ff557f0	Xipeng Qiu	Xuanjing Huang	Zhao Liu	Jinlong Zhou
b3e3552caca4a621ea16273e94d48d4abde43503	Jun Suzuki	Hideki Isozaki	Masaaki Nagata
a72cadf290d5779bc9838ae1dde25e4cb76a0566	Yves Petinot	Kathleen R McKeown	Kapil Thadani
b891549fa7274ebc33dc2e0b52de920675b3c9d7	Danuta Ploch
63d8f9aa61138c2225e51d7360c2a1b4feac5831	Gisle Ytrestl
09ed02b87e6219ceab87d1b75fde6c8f7f2994e3	Heather Friedberg
2e0264c4a6b31f1032a4079b7f259d07d13cf4d9	Ulrich Schäfer	Bernd Kiefer	Christian Spurk	Jörg Steffen	Rui Wang
92266ad5bf1aba1257053d805df40a599fe99205	Hiyan Alshawi	Pi Chuan Chang	Michael Ringgaard
62b3b3c1036f15a88c3ef04daf69997a4c7eb625	Andreas Vlachos	Mark Craven
c407adc375a5df2975f88e8c6658acacbe08a97c	Shilpa Arora	Eric H Nyberg
a03d2f53cd9938c595776dd41a62c515bd3dc060	Thomas Schoenemann
d63525f3a4be235fcf28e071c8a518749e385c1e	Cyril Grouin	Sophie Rosset	Pierre Zweigenbaum	Karën Fort	Olivier Galibert	Ludovic Quintard
a12e9956603de945071f18fe5dedf0648fc0783f	Rebecca Mason	Eugene Charniak
ad890a3ac524282d54cfde9f2fb1fe37e7912ba7	Kelly Peterson	Matt Hohensee	Fei Xia
8e3fd10c08c36a930abe54218d78f20d2a87e888	William Schuler	Aravind K Joshi
d7a753b3b733cd098ec29869a09032b637096af6	Berthold Crysmann
055e8f573d32ed3eca74015de4d0825abf86486e	Adam Meyers	Michiko Kosaka	Shasha Liao	Nianwen Xue
1d358588e5cccd75d9290dd8ab669e85b43441b5	Kevin Knight
d4080401492905275e6faa12ef3adafaccd29203	Kevin Dela Rosa	Maxine Eskenazi
cdf7f68cf677be0045123a87329115f4b765c288	Chung chi Huang	Mei hua Chen	Shih ting Huang	Hsien Chin Liou	Jason S Chang
67ab6b7017264f5e5ec68d2a3c185aac70eeeb5c	Andrew Olney	Whitney L Cade	Claire Williams
feb081390cd35b662357b9129c600e01e548f8cd	Arthur Ward	Diane J Litman	Maxine Eskenazi
922786cedd9756cc598bf6569a455564e1a3dddf	David McClosky	Mihai Surdeanu	Christopher D Manning
ad571941a8f66e10bfba87439e52646ebd43b8ab	Huiwei Zhou	Yao Li	Degen Huang	Yan Zhang	Chunlong Wu	Yuansheng Yang
a13743237e9d8b320baebba1daa6010f82991ea4	Alex Lascarides
404a7bb70a535de4ac3edf79543f00293523d486	David DeVault	Anton Leuski	Kenji Sagae
f6e976d662d69f37e2fbb642db0b5952f0abd940	Timo Baumann	David Schlangen
56fca48ea274d1569c3c46198064b4cd7a3c2076	Kristian Woodsend	Mirella Lapata
c51592b839bb73317b16014919f62c675428e654	Emily Pitler	Sampath Kannan	Mitchell Marcus
a563c6f1564b1e6d1a643c544379abf5069f8000	Daniel Dahlmeier	Hwee Tou Ng
3b527be9f9b7ac29f18f32a8f9e9ff4fa5231df0	Rada Mihalcea	Carlo Strapparava
4dede6ead7ba5c85c6ce8d6a0bc53a8f9738a782	Jonathan K Kummerfeld	David Hall	James R Curran	Dan Klein
eb29b0ade1984b8d8bc605f506a8f6dc49893f94	Sameer Singh	Michael Wick	Andrew McCallum
7db5baf284deb1d71bc1934add9aeb25874036e2	Simon Carter	Marc Dymetman	Guillaume Bouchard
e55e5df3dd48e913d9c2a1704a5c1bf6d8e5ba1d	Kewei Tu	Vasant Honavar
595e36d16e25c0c04d0eacfe6ec0402721fe1b81	Roberto Navigli	Simone Paolo Ponzetto
6390ae400a61ff367e4f4778a1cc7bea3e24561a	Stephen Roller	Michael Speriosu	Sarat Rallapalli	Benjamin Wing	Jason Baldridge
26b673b827d52fe38a65792d1967d50b9f1b8382	Reut Tsarfaty	Joakim Nivre	Evelina Andersson
253e28922dcface478c43fee9e33ea1137fdcabf	Michael Kaisser
b630e74c399b4b4217529b5aace43c627ce918da	Alexandre Klementiev	Ann Irvine	Chris Callison Burch	David Yarowsky
a0ed80f553f3a77a5b17542507bfc062eaf2c900	Marco Dinarelli	Sophie Rosset
261149f149bbb812632402c33b29f9b01cf794b8	Ruben Sipos	Pannaga Shivaswamy	Thorsten Joachims
df2d81a27743af801c8e8c69fa68b9a610a7e0c0	Jesús González Rubio	Daniel Ortiz Martínez	Francisco Casacuberta
aec878ecba20af946a61f4d3bc4193338d35887e	Ruihong Huang	Ellen Riloff
a6349582257d500a6b07be09a1ecc5b5ff9ed06a	Md Faisal Mahbub Chowdhury	Alberto Lavelli
c73cd47ff738d39520703ede9f5cc2969f4f4bc2	Rico Sennrich
58fdacf0d40ddcb304536992a04fa2000022d8de	Sarah Alkuhlani	Nizar Habash
1a48d77b45824cc1982abfa7750f84f3079e930b	Oliver Ferschke	Iryna Gurevych	Yevgen Chebotar
a6bbb67a4993d0aae9bcceb5de461196314b79e6	Cédric Lopez	Violaine Prince	Mathieu Roche
55022b6104ab31ef655441f1670b902ecca2f361	Harald Hammarström	Lars Borin
2ad0f706990031a5955e7c641e351d1eb6ea0c93	Mihai Surdeanu	Massimiliano Ciaramita	Hugo Zaragoza
8dd8442b68228a0c23af40e5319f0ea43c58b52f	Petra Saskia Bayerl	Karsten Ingmar Paul
62c946a9df271854460c26d1a2ff05919bab2690	Gennadi Lembersky	Noam Ordan	Shuly Wintner
511052cc578daf30219bed58a8ebac795c0fcbaf	Shane Bergsma	Matt Post	David Yarowsky
6235605746267788fa3635fe55856b2d81d1c4ee	Yun Nung Chen	Florian Metze
e95353d65cdad3ca73e6e70634f1964bb14e31de	Gabor Angeli	Christopher Manning	Daniel Jurafsky
89ec29aea244e5f81f7316c5f8d565bd61429374	Oscar Täckström	Ryan McDonald	Jakob Uszkoreit
3c1d61591b8d1b80e6126f3f2e286f5162471156	Jason Riesa	Daniel Marcu
86031fe45c9908e1a951456c33ff4462e22a5039	Saif Mohammad
cf42f1c29cd54269f9e38cd281d510bae11fa111	Wen tau Yih	Vahed Qazvinian
53951c899c0aadd726f79c1b98706f958a199ea7	Steinar Vittersø Kaldager
671b32aa85cbf15b36ca05cdc7516549b043b168	Kevin Duh	Katsuhito Sudoh	Xianchao Wu	Hajime Tsukada	Masaaki Nagata
cfdee3124ebcac0173bb429ab8f7a029c9570dbf	Amjad Abu Jbara	Pradeep Dasigi	Mona Diab	Dragomir Radev
75ff8108db27cb43460c23de4deb3423a875a4f8	Rui Yan	Mirella Lapata	Xiaoming Li
066f11467e857bdf546d7fa4e0f9153fa8fb5dee	Emily Pitler
1d96469fd34319bf5ef7761fdd8cd7f9a8c7dcbb	Yaqin Yang	Nianwen Xue
b2b49a4c32774d03ee1f7a49ea8b2fd5e7508bfe	Deyi Xiong	Min Zhang	Haizhou Li
e4adb6ce787ffbab561bad6484130e7d0b3b3797	Sam Sahakian	Benjamin Snyder
33f3eb3a143447dadeb98914c74f1d9bb88a62bd	Weiwei Guo	Mona Diab
bdc4301e74f69395434dbb35137c554822a6fc21	Igor Labutov	Hod Lipson
26b8d6c1fe77c4b259eaaa03ac55657ca0ec378c	Jennifer Williams	Graham Katz
a89c14364fc184d735601e620348d366869640c3	Hui Zhang	David Chiang
3aa02a820ac94bb9387ab1cb6e00ce9aef53aa2b	Marco Lui	Timothy Baldwin
c2f6dffa87b43b83caab964c620d36c77ddc7b86	MeiHua Chen	ShihTing Huang	HungTing Hsieh	TingHui Kao	Jason S Chang
2ad7d42ab5c3b442ff8cdb61e5db9b5ed046f9a5	Alessandro Moschitti
17ef972818a3a6e95f07334f4fa30cc8f093b82d	Bert Baumgaertner	Raquel Fernandez	Matthew Stone
1712a1fe73876f43b3637ef6490b57fae98e7b54	Juri Ganitkevitch	Benjamin Van Durme	Chris Callison Burch
5afe9a3e3a7bd1f863c96fb3df00b8af95d2a4fe	Artem Sokolov
37ec39e39cbb705a8c9ea78f0957ac329d4ca1a7	Demetrios Glinos
20c4d88b1b3bbeb382985166b8fa267440197ff8	Danilo Croce	Paolo Annesi	Valerio Storch	Roberto Basili
692cfa0b89d015587fe9b7820b70325b8f82ea31	Georgiana Dinu	Stefan Thater
0236eb203e050eb4883a7918d27ffb03e6986fca	Sneha Jha	Hansen A Schwartz	Lyle Ungar
1fcd3ae8340d3eafe059d7018290f3c47d6f9a0b	Christian Federmann
6e83aee94515eb435b4f29d55c12c8c0087c289e	Thomas Mayer	Michael Cysouw
7f287b5798a86e7a2194bde6611a884cc179c25e	Johann Mattis List
bba3d23669dfd15c24c3094ce52daba3e55fd427	Valerie Hauch	Iris Blandón Gitlin	Jaume Masip	Siegfried Ludwig Sporer
73fd51efd897b86f405bcbc07d10cbfbec54fb8b	Tommaso Fornaciari	Massimo Poesio
b30a3ddc69814ba1459e8dc4f62c968b620e4a0f	Liviu P Dinu	Vlad Niculae	Maria Octavia Sulea
9076183dcdb28ebb3e547f7ffd3f9d5d0faec531	Muhammad Usman Ghani Khan	Yoshihiko Gotoh
b40818bdd90b7f51cb74e065a1fb0972e94406b2	Richard E Leibbrandt	David MW Powers
b4f230a88e09bd1d577dee8a225d1d3863d99a3b	Adam Purtee	Lenhart Schubert
c7063aa2791132b9d2d65d75cb83257b75d32e74	Neil Ashton
59bf62f4634768845a556cd420c93ed5d093649a	T Mark Ellison	Luisa Miceli
f0196323951558f251a36479d8a0a310658eac4d	Mark Michael Hall	Oier Lopez de Lacalle	Aitor Soroa Etxabe	Paul Clough	Eneko Agirre
e70c43609f6fc78acf5c981bcefda2dab1576b6e	Dominique Boutet	Karine Martel	Marion Blondel
5d97c0de30832d5e828c4b779f99b0d3f180727d	François Lefebvre Albaret	Jérémie Segouat
b3d24934b4f7facd35a506475561a0f1e185ef82	Matilde Gonzales Preciado
9a37345e292097a3acb223748b6aa478ffc400b4	Denys Duchier	Brunelle Magnana Ekoukou	Yannick Parmentier	Simon Petitjean	Emmanuel Schang
a2095e95a828759311f1fb16409ebb95cd73b272	Benjamin Lecouteux	Michel Vacher	François Portet
38049109d8f6ecb93d5137191d6d5178f7de50b2	Frédéric Aman	Michel Vacher	Solange Rossato	François Portet
b444082f5253ed489e2ce1f905971f6bb413cf0e	Tod Allman	Stephen Beale	Richard Denton
8c14c4ad39f3e006fbcdab8031ebcea808ded8b8	Alessandra Zarcone	Jason Utt	Sebastian Padó
9b1f2e408885ebc3b1f9790d94ae0bc9c71535e2	Aida Nematzadeh	Afsaneh Fazly	Suzanne Stevenson
a471fbbd8638258f127bac07bf17f1ada0e3d01d	Douwe Gelling	Trevor Cohn	Phil Blunsom	Joao Graca
72bdee81abf5ca5f88ff66e009ee38af866ca2dc	Daniel Dahlmeier	Hwee Tou Ng	Eric Jun Feng Ng
0e429a43ecc59535aa0c447361c6b0ef0b9f2bdb	Alla Rozovskaya	Mark Sammons	Dan Roth
f0cce550a3729bb78a82bb8466feef796fd0d3c4	Ruey Cheng Chen	Chiung Min Tsai	Jieh Hsiang
18a77f81a98a811159e09c127b82c68921ffa2d8	Brett South	Shuying Shen	Jianwei Leng	Tyler Forbush	Scott DuVall	Wendy Chapman
6d512066d8359880c675fbf6d0f48692d4bc9ae2	Antonio Roque
dd63999e0a6c141a438d0158c2a0df28c11af31c	Anthony McCallum	Cosmin Munteanu	Gerald Penn	Xiaodan Zhu
cf28169234e32311d6a90ec39908e3dcbb54f62f	Eleftherios Avramidis
ae946b252bf1d58a906935f2f4a8bb7fb9e441f2	Christian Buck
685577ccc5677d651eacdea0cdf6ef2b51e64766	Erwan Moreau	Carl Vogel
996b9bb9b42d044c328d96718dd78568238bed02	Ondřej Bojar	Bushra Jawaid	Amir Kamran
5d0a82523347629f9f65a539deee4c7af7329381	Michael Denkowski	Greg Hanneman	Alon Lavie
ee5af3ea5cc91c966b8ef55f81f2d9f27600ad87	Yanchuan Sim	Noah A Smith	David A Smith
604078ad2a6a97a80d0de641e6ae90cc33f8ce82	Chunyong Luo	Yangsheng Ji	Xinyu Dai	Jiajun Chen
da039dbc849c4e2ec1b0f2b324adb38dc45989dc	Martin Riedl	Chris Biemann
86a0c081b11275806cd675759d6876ac7972f489	Raphael Cohen	Yoav Goldberg	Michael Elhadad
fa151b76fcc02467ae3f0492f8d6c4b5f96ee577	Szymon Acedański	Adam Slaski	Adam Przepiórkowski
b2e761fc32c610f3bfb6579e385e2b2e2ecbd0b5	Phillip Smith	Mark Lee
e55a4a1bde215726969313368afcdc1d57777034	Kevin Reschke	Pranav Anand
c2a6dc38bfef3eec09378d4f1daf52860f7d79b8	Omer Farukhan Gunes	Tim Furche	Christian Schallhart	Jens Lehmann	Axel Cyrille Ngonga Ngomo
ab7d5452f8169e28fa61c001f47417bdd96bbafa	Kiem Hieu Nguyen	Cheol Young Ock
1a5929e0f044592ec382c32d82e1fcc9c5d771b5	Mihael Arcan	Christian Federmann	Paul Buitelaar
f1144e7f31b876453c73012b20843b92be818205	Chan Hung Kuo	Shih Hung Liu	Mike Tian Jian Jiang	Cheng Wei Lee	Wen Lian Hsu
3740a511523e460d4038c14e3ee94a0f6fdcbe45	Desislava Zhekova	Sandra Kübler	Joshua Bonner	Marwa Ragheb	Yu Yin Hsu
3f7f6a5a990fc10a5b78d19b4967751ea1a7bbe6	Josef R Novak	Nobuaki Minematsu	Keikichi Hirose
8e216434ac6310f63c0e58515dd637c598b60042	Alina Maria Ciobanu	Anca Dinu	Liviu Dinu	Vlad Niculae	Octavia Maria Sulea
d0eed670a33bbdfd21baab0209e5e1d5f4f49742	Sander Wubben	Emiel Krahmer	Antal Bosch
a7102ea0bbf675d18d6a6bdac261e0199b7f7274	Xuchen Yao	Benjamin Van Durme	Chris Callison Burch	Peter Clark
8637c71189002623f96b7527d1f1dcde9c7c4dc4	Arda Çelebi	Murat Saraçlar
1195bd0c86c7758a73aa0c7112e1405a12868028	Asad Sayeed
de7bdbf80c80831c9df8b8f82dd002fb91bb439d	Judita Preiss	Mark Stevenson
1e83c2798e87b9d84a8281cc3e9750c948d62cb3	Chris Dyer	Victor Chahuneau	Noah A Smith
082bcec29d021ef844736565277cfc3a0c9c3c43	Ann Irvine	Chris Callison Burch
073baf7436b91607356bdf62fcfe7aa627331777	Shay B Cohen	Giorgio Satta	Michael Collins
9261047210c8a5e9c89b36accca3ba21c6b122cf	Wei Yun Ma	Kathleen McKeown
24ca4716b49f4dfd76eb8d5fd660fcb0d0da7f06	Kai Zhao	Liang Huang
471986880bdc1ce94e6e8120cb81403c2b3fca18	Mohammad Sadegh Rasooli	Manouchehr Kouhestani	Amirsaeid Moloodi
b2f8b50b06a2d9f5f468b80338f32ba0ec43fb02	Peleira Nicholas Zulu
4a19612cc1e5a56796749b8beaad7be4d66d3af9	Maider Lehr	Izhak Shafran	Emily Prudhommeaux	Brian Roark
27cf5a830dcd2e105cb3babbff192043c8f5e1cf	Shay B Cohen	Karl Stratos	Michael Collins	Dean P Foster	Lyle Ungar
93eb4f5317f946b7691dab7ef1af43882716f812	Nadir Durrani	Alexander Fraser	Helmut Schmid
cb783b86593baf30cd30fe054f557194e760eb47	Michael Matuschek	Iryna Gurevych
21b3007f967d39e1346bc91e0fc8b3f16121300c	Michaela Regneri	Marcus Rohrbach	Dominikus Wetzel	Stefan Thater	Bernt Schiele	Manfred Pinkal
fc28ffe7d7aa203abb958bfde59cb03968a5b32a	Yoav Goldberg	Michael Elhadad
b0eee2a6aa644b7a38152e58c897f71680e3ea67	Christiane Fellbaum
aae01fd0efab4ec60d92eb7233d10bd573ef67e8	Merley Conrado	Thiago Pardo	Solange Rezende
a877c6ce4daec0721e0d2f226ebe8e27355835da	Justin Snyder	Rebecca Knowles	Mark Dredze	Matthew Gormley	Travis Wolfe
6d9c315f716f3527b0e09c94bfb7870328a91ef6	Lushan Han	Abhay L Kashyap	Tim Finin	James Mayfield	Jonathan Weese
e1dc116a0d89e0f638ca21e64ab3cfe34102a62b	Alberto Barrón Cedeño	Lluís Màrquez	Maria Fuentes	Horacio Rodriguez	Jordi Turmo
305e36058fdd758981e566739446625f2a5ed1b7	Bahar Salehi	Paul Cook
7b51c183da0e7de6757a269d83dd9afad695ac3d	Jannik Strötgen	Julian Zell	Michael Gertz
dfd0b255bcf31014b1702ac4973eb11ff4cfa441	Anup Kumar Kolya	Amitava Kundu	Rajdeep Gupta	Asif Ekbal	Sivaji Bandyopadhyay
5c1c6c06f95944b819651e62042c6c1be953c580	Nate Chambers
09311fef1c773ee0df5f02d11473018f21187177	Tim Van de Cruys	Stergos Afantenos	Philippe Muller
a628d782e39ef5ce2d546b36d386abc9e5a5e064	Myroslava Dzikovska	Rodney Nielsen	Chris Brew	Claudia Leacock	Danilo Giampiccolo	Luisa Bentivogli	Peter Clark	Ido Dagan	Hoa Trang Dang
e6aef043a873d32106129b65ad3a180cd8a5fda2	Hilke Reckman	Cheyanne Baird	Jean Crawford	Richard Crowell	Linnea Micciulla	Saratendu Sethi	Fruzsina Veress
aa1438dcaa61b4600c41d02ffa07d51f37473abe	Niels Ott	Ramon Ziai	Michael Hahn	Detmar Meurers
1c5fe949b0e172608c90a62f54cc57c2e99a6148	Laurent Prévot	Brigitte Bigi	Roxane Bertrand
6045b079fbe2c97d394214b50059c61895639204	Svetlana Stoyanchev	Alex Liu	Julia Hirschberg
ee2f956b0e5bd55b8b4bf696aa50a585668b4906	Helen Hastie	Marie Aude Aufaure	Panos Alexopoulos	Heriberto Cuayáhuitl	Nina Dethlefs	Milica Gasic	James Henderson	Oliver Lemon	Xingkun Liu	Peter Mika	Nesrine Ben Mustapha	Verena Rieser	Blaise Thomson	Pirros Tsiakoulis	Yves Vanrompay
c6bc065d25abf8342cf7367c5f885e6543e03319	Eun Ha	Christopher Mitchell	Kristy Boyer	James Lester
a2276bf62123481d6b208564abe62e1d4157a08c	Shweta Bhargava	Srinivasan Janarthanam	Helen Hastie	Amol Deshmukh	Ruth Aylett	Lee Corrigan	Ginevra Castellano
fbeba04040946f0201f74055b57148913d21eb03	Takashi Yamauchi	Mikio Nakano	Kotaro Funakoshi
c624f625c0f717928e52fe75ebd2060334364203	Raveesh Meena	Gabriel Skantze	Joakim Gustafson
ec13adebe90a879a3d4e4c9c029042ade5653640	Eva Banik	Eric Kow	Vinay Chaudhri
35aa29cd9183fca6ccd7d509500083c7fc3a54cf	David Howcroft	Crystal Nakatsu	Michael White
74305a6fb4b73f4faa7e6ba12f6b64b7581e79d7	Albert Gatt	Patrizia Paggio
3839fb041c3698dc93cb93803235dc6d05c81bcb	Guy Lapalme
bff5f0785ac1daa2b36d4a77fb8fa1963e97ac92	Manex Agirrezabal	Bertol Arrieta	Aitzol Astigarraga	Mans Hulden
e1e8ec02bfca20ebe030f61dd94ca340ac5b0c67	Pierre Luc Vaudry	Guy Lapalme
12cbf917b9ff1d6927555f74203c9b656e841d1e	Ondrej Bojar	Rudolf Rosa	Aleš Tamchyna
04ade8d0f5d563126f446b558dd4d1e7388eaf2f	Stéphane Huet	Elena Manishina	Fabrice Lefèvre
09bd7a01202263a130bc2562452feb31b92d8389	Raphael Rubino	Joachim Wagner	Jennifer Foster	Johann Roturier	Rasoul Samad Zadeh Kaljahi	Fred Hollowood
fbfbee5fd3bbb5e1295bf04e2139f38c27c7f782	Arne Skjærholt
aa3085f92a9b20a30fe9a07d7193ff46b6b02da0	Rafal Rak	Sophia Ananiadou
b034eccb6dbf2dbac266840dba2e5b3246867ce7	Raphael Cohen	Michael Elhadad
bd8bac63151edcb4ba44cee5f87423c382e43d66	Alex Rudnick	Michael Gasser
dffcba6e7cf2f680bc39430461bc188338690514	Martin Berglund	Henrik Björklund	Frank Drewes
6199a1997612f92ef8727f97a7c44b282c2cd124	Jeffrey Heinz	Regine Lai
21525b2f4db1219b1f2256c964f5baceeab6dffd	Mark Johnson
c4ba4a4bc313a93850091b0b17ac27e2fbae569e	Lei Li	Corina Forascu	Mahmoud El Haj	George Giannakopoulos
9dda3b1ec5088d1d2f88be09587ff9aae0dc9682	Henning Sperr	Jan Niehues	Alex Waibel
adaeaf18fc9da2dd49695059755bc959342c2325	Hans Moen	Erwin Marsi	Björn Gambäck
15781aa355315f5b088fb58a2447ccc426f7b01b	Stephane Clinchant	Florent Perronnin
cd96a6e0b6bb099c515be8770764d2fd18e7b878	Nal Kalchbrenner	Phil Blunsom
07d4fb5ef7555b20cdeae37b6a6c51b0852e5846	Liane Guillou
ca7430b99b10f5d0a9434918eb65505f5c53d473	Matej Korvas	Vojtech Diatka
01fa67ac73e0e1de98b5ad22cb88c48bc9d8cc9f	Luheng He	Jennifer Gillenwater	Ben Taskar
019933f4b4b78346f9256849cbee4c30387f8174	Jiaping Zheng	Luke Vilnis	Sameer Singh	Jinho D Choi	Andrew McCallum
139e73218407a31b62cd008e4e819a4ff7d6d700	Pengyu Wang	Phil Blunsom
f8f92f791d67883f77525c5aecdb7b10b3488b29	Hwee Tou Ng	Siew Mei Wu	Yuanbin Wu	Christian Hadiwinoto	Joel Tetreault
6ec09ec28e3519975f2868bc5191b84342e18870	Zhongye Jia	Peilu Wang	Hai Zhao
f1e832d7cdb2c9a33e25752bee84771457eadde4	Anoop Kunchukuttan	Ritesh Shah	Pushpak Bhattacharyya
f18eb72bbde7c657095310200d5a928b29712e0b	Levi King	Markus Dickinson
6cae60d69ebc0d7feb6b50fa83f23f6a300b0c6d	Vidas Daudaravicius
3fcf5ec992c50ccd27d04a5e0fb5d804de1f8da7	Beata Beigman Klebanov	Michael Flor
c27c93b036feece6d0fb070228007b7a912654f1	Michael Mohler	David Bracewell	Marc Tomlinson	David Hinote
7449d140d482ded6ad2825d461aa8933d9331dd4	Tomek Strzalkowski	George Aaron Broadwell	Sarah Taylor	Laurie Feldman	Samira Shaikh	Ting Liu	Boris Yamrom	Kit Cho	Umit Boz	Ignacio Cases	Kyle Elliot
b7971672c12f60063923bda798833bcbf3f6801a	Antonio Moreno Ortiz	Chantal Perez Hernandez	Maria Del Olmo
0e68fc0acd86e47e7882416c63bdedc323907517	Stephen Roller	Sabine Schulte im Walde	Silke Scheible
b7c230cd358c2de4944c575c85ec334df4d5292c	Jacob Eisenstein
56a59cdda81bc697ea933cccb727accc58577a56	Lucy Vanderwende	Fei Xia	Meliha Yetisgen Yildiz
2a78bfc096470d4e68a8e221b9285f427797d991	Julian Brooke	Graeme Hirst	Adam Hammond
77727365299413c51d85a0a7848bbcbbcce824d4	Jill Burstein	John Sabatini	Jane Shore	Brad Moulder	Jennifer Lentini
db22ce6894d2319132dd9a465262bd65f99c71af	Hugo Jair Escalante	Esaú Villatoro Tello	Antonio Juárez	Manuel Montes y Gómez	Luis Villaseñor
cad50bc232c4f1577c52cb06ebc7109892da02a6	Camille Guinaudeau	Michael Strube
739015190852b999a44b346663ec22e523526c9a	Meishan Zhang	Yue Zhang	Wanxiang Che	Ting Liu
df7fe4c5d1a375bd3dc5b62d9bdd6ae10f6a6f6d	Weiwei Guo	Hao Li	Heng Ji	Mona Diab
c1d009cae25b0d5fd0e0c2268df00006b9450df0	Yuan Zhang	Regina Barzilay	Amir Globerson
74e2e86c669ca0e4273cefd7f79d0879f163dd19	Stephen Tratz	Eduard Hovy
f487c68b1970cedfdd53a534830fa2c85ad2ed07	Flavio De Benedictis	Stefano Faralli	Roberto Navigli
65e15aa9ad61e568a54857c9a7362ee0bc7b6d88	Xiaojun Quan	Chunyu Kit	Yan Song
6a6cecd75818f15e9814ea7bf137897638dc7139	Tiberiu Boros	Radu Ion	Dan Tufis
78f8901f907e1b2a6ceff139aabeca5a438a12b4	Karl Moritz Hermann	Phil Blunsom
e8fe08c7965921c1f0b9f17921f4a0e996f36401	Christian Scheible	Hinrich Schütze
257cedcbbd78a9bf281d758a3761f897a7a73f1c	Kai Liu	Yajuan Lü	Wenbin Jiang	Qun Liu
7ed8b27291103b782fb735a685335f2d4a39931f	Beata Beigman Klebanov	Michael Flor
e3a77b604cc714df59c506b26d3fd2224d346be7	Congle Zhang	Tyler Baldwin	Howard Ho	Benny Kimelfeld	Yunyao Li
7c09296d1e4f2956d0b86af83c41cabf5b0a4980	Oren Melamud	Jonathan Berant	Ido Dagan	Jacob Goldberger	Idan Szpektor
5d6b2844c17c4f2e7d4c24411eb619073223db15	Marta Recasens	Cristian Danescu Niculescu Mizil	Dan Jurafsky
ff4157222432c0f566a528a1425648673e9057db	Wen tau Yih	Ming Wei Chang	Christopher Meek	Andrzej Pastusiak
d1fea990f5af8f97b7ac652327284be8bfa27013	Hassan Sajjad	Kareem Darwish	Yonatan Belinkov
10ce58375314f90f83ca3bb88840cbc67bf8050f	Zhengyan He	Shujie Liu	Mu Li	Ming Zhou	Longkai Zhang	Houfeng Wang
5026e6e570a62ed0244742306b24ce9276b0ee19	Nathan Gilbert	Ellen Riloff
e3859aa606f27a31e61c85273862e77c2d07624f	Masato Hagiwara	Satoshi Sekine
91162f5a4ffe7227d1649c823d7c1120e550f51e	Pavel Braslavski	Alexander Beloborodov	Maxim Khalilov	Serge Sharoff
33a43c9534418a4e0fbd8fea80b33c43883759a7	Ziqi Zhang	Anna Lisa Gentile	Isabelle Augenstein	Eva Blomqvist	Fabio Ciravegna
a8c036b8fe854cc08b6931a8e8c43c0bc2d2abe6	Marzieh Bazrafshan	Daniel Gildea
debae263811ca372354533a6ba7913061148f4c9	Nadi Tomeh	Nizar Habash	Ryan Roth	Noura Farra	Pradeep Dasigi	Mona Diab
e3704086f57bdda37723a49a70a28ee4dbf701b6	Kevin Duh	Graham Neubig	Katsuhito Sudoh	Hajime Tsukada
26d061ba705b850bcb7e857c549f21d6badf1f42	Dhouha Bouamor	Nasredine Semmar	Pierre Zweigenbaum
9b7696b69fb61994daa83e9e089b60fcefdbb234	Burak Kerim Akkuş	Ruket Cakici
f1b4e9ccea901e3256f0e45c831ec856ecbc969c	Yukari Ogura	Ichiro Kobayashi
cb9bb57578d6759fcbbef7e436581ea45f08c367	Volkan Cirik
cc48491d5526eccf81e6883090961e8004bbd289	Ondrej Dušek	Filip Jurčíček
08d8ea305a3a7dc084f1bf30f8e0a5168aadf650	Andreas Lamprecht	Annette Hautli	Christian Rohrdantz	Tina Bögel
f9a0cd1e0bff75507f0290b196c8e3eff5c3d675	Christian Hardmeier	Sara Stymne	Jörg Tiedemann	Joakim Nivre
7a5b3d20b437c73fca5d6a2cd3c29f0aa7cec710	Mohammad Sadegh Rasooli	Joel Tetreault
5cb655df520c00746a3d44fe3b3be48014b0baac	Uri Lerner	Slav Petrov
8de4164931eea9c4ebea42091e31e334e9acef11	Yufang Hou	Katja Markert	Michael Strube
4d47cc69c22a703cc0c3660db3273b123cf6db84	Masatsugu Hangyo	Daisuke Kawahara	Sadao Kurohashi
2e174c368e4c58d3cf9e792c1c778621ede39a09	Mikhail Ageev	Dmitry Lagun	Eugene Agichtein
167ad306d84cca2455bc50eb833454de9f2dcd02	Michael Auli	Michel Galley	Chris Quirk	Geoffrey Zweig
368633557ebc054bbfb44046a571fa6fc22de43a	Shize Xu	Shanshan Wang	Yan Zhang
c9eba6cb547421b5c40a0fd97fde409cacf8ed46	Jinpeng Wang	Wayne Xin Zhao	Haitian Wei	Hongfei Yan	Xiaoming Li
4f5cd4c2d81db5c52f952589a8d52bba16962707	Jason Weston	Antoine Bordes	Oksana Yakhnenko	Nicolas Usunier
f44cbb22fe79a4cf74b91ede038bd60e24c8567b	Min Xiao	Yuhong Guo
317f2c306eb616ec20e3c52773ac2ce94bb54806	Baichuan Li	Jing Liu	Chin Yew Lin	Irwin King	Michael R Lyu
9fb7b89164276b5804eb013309a899fcb0c635df	Zhiyuan Chen	Arjun Mukherjee	Bing Liu	Meichun Hsu	Malu Castellanos	Riddhiman Ghosh
51c8fd070a479df71132b43768d541159f80a2b0	Artem Sokokov	Laura Jehl	Felix Hieber	Stefan Riezler
91e4ba886ce779a6e80a3292ed70c5386c5e86d6	Niranjan Balasubramanian	Stephen Soderland	 Mausam	Oren Etzioni
cf76c1da776ac22c1a55c41ee472fe3d1e1e2b37	Prateek Jindal	Dan Roth
34cd587d1e7c871eb0cd11437629ce62cb4ffd94	Thomas Scholz	Stefan Conrad
93a3f13500aef890fd2e97a91c314d588fef9630	Shruti Bhosale	Heath Vinicombe	Raymond Mooney
0032594cad315f9d42dca406f6c03b78f6185cc5	Miguel Ballesteros
1bd1b8e5d21727377ff07fd751d9fc8c22abf2b3	Umut Sulubacak	Gülsen Eryigit
