a00cdaba2eb99a324284ba9f915572b6279cfdb3	rush	sontag	collins	jaakkola
acd9c5d7e4e0fb20690644fb5e8e18b0581f2c20	huang	cmejrek	zhou
4e2acbda150068debb30df1da54b50b0820355ad	blanco	moldovan
9f576b2f26b85467606e1f6ade9335b5db4d8ec5	chatterjee	cancedda
67164daab7e6e01c378979acacc41f94d9492de8	eidelman	huang	harper
1cf53c62906a48b9d607f94468bf777855199a28	chiticariu	krishnamurthy	li	reiss	vaithyanathan
4d135641931a6efce82bd9c1d69d86e08d3cd28d	jakob	gurevych
bf9ac5bb2de6f49b5cf076cd51bd687fbf690f19	chang	clark
41c65388fc3adea3dc51f7c2997fa1d1586649bb	malakasiotis	androutsopoulos
ff34eda45c123782708a564d5fbb232b192ef937	mimno	wallach	talley	leenders	mccallum
a541b231e8d88d701beb1608353209fd82eefdc7	axelrod	he	gao
df80f15ad8f6d5871b9ecb7b4d8279b29ae340ac	rink	harabagiu
8a80724ba549af1b239206955954ef7f452c6b98	yogatama	heilman	oconnor	dyer	routledge	smith
0fa6cc19d13bf442e6b9469b737ba47d3888d62c	farkas
b902df1d983809b47e137618d6a1146848a95c54	monz
efbb059570f42bbe8e42d34d02048cc80f0be881	gesmundo	henderson
87ffac5812e93588fd322e928296b5874052dbf3	sun	korhonen
74a300cb4fd909f32d82e75ec21fea30b1159fa8	chaudhari	damani	laxman
e315a1bdc58a74a0b6dc4cc0a05a7215345ff22a	rahman	ng
45d5102e328281c668574e25b6195f1eed72767b	feng	bose	choi
3b56693f6fe6b82092c4adc756f20fb9b7710ac5	xu	gunawardana	khudanpur
edfbf28993ca31aca6a31e3f213594dc3e80cf07	xu	tetreault	chodorow	grishman	zhao
22dba0ff2f3221ccd03e92de9c306fc44dfee182	wong	dras
24e40ccd96a54126ba544b2afe93df7294168608	mcdonald	nivre
1136dc552ac2314b4d5fc0ffc82cbcbeac3f66c2	ruiz	federico
047f3461da44ca79fd9c362a0a2665f3dee92eda	bojar	tamchyna
cd6cf1c604b8aac99b96be0f1541218897af6ab4	freitag	leusch	wuebker	peitz	ney	herrmann	niehues	waibel	allauzen	adda	crego	buschbeck wolf	wandmacher	senellart
e1f142703524dd8e4575bff242adfc02b34cd3a4	hardmeier	tiedemann	saers	federico	mathur
ab63e9432581d634835d180af994cc5cfb1a92e5	marecek	rosa	galusccaron	akova	bojar
56e650eee11956c2d95db454c0b1ce04837a9f3f	weese	ganitkevitch	callison burch	post	lopez
3c12e099d7c69e6b0cb0456dcd2b49eb9d72cd32	fernando
56769bc41e6bcc04d8195256b03ad7bf8652b1d6	chen	wu
c806a347a16c389b35534ddb2d8ac8826d4bd258	crego	max	yvon
25d2151c57a7ce5b1a615d49014a2ab6d7320886	gao	li	micol	quirk	sun
ccca3c78f8b8e011fd328bd40116014b1065fa5f	genzel
546de45c614bee7626a00ab18c7ff68a5d77d6fd	he	zhou	zong	wang
37ded3193329e89229529ced271034d15ca04d4c	kim	baldwin	kan
f29dbbcba81529cb93f59ab48eaaefb296584864	sun	poibeau	korhonen	messiant
3b472466fa64d59d0a92fbf6ba89c83707884cc4	uszkoreit	ponte	popat	dubiner
c8c5eacc0c2c2d95ae3c6d43ed1dc90e7af369a3	xu	meng	wang
3eb6684de116233ebecf0aa59be5654621313a49	zanzotto	korkontzelos	fallucchi	manandhar
823a397b29bf596e2734d3dff7ab5abec2f60ac9	brooke	wang	hirst
fb5da2771062b203fd79682154f2a3293897aded	dinu	lapata
f462960630f19d836c74127a849ecc681c617b2e	huang	lu
b9e52692d981607475368f68a304f9de420eb74a	kiss	keßelmeier	muller	roch	stadtfeld	strunk
83e5c5ba6371e0ca152aa0df13cfbf640385c9d7	sayeed	nguyen	meyer	weinberg
83dc3d673da9e2a488a09452b3b2d41e0d558dd6	zhao	jin	yue
8403eb9b80cf4ea275473c7f11b79b45f61a1dd3	wu	hsieh
3953a2c27e140ae7e20a10089cd0dd68c9c794df	aziz	specia
f190e98a00ce05acbfc6520e4084e94fa12f0b06	ng	constable	honnibal	curran
b51f7b859b1583bfaddb0dc55863fa29d4daa43f	strotgen	gertz
f25a31a8fdd1e614d03aa2936faa9c655cc49613	korkontzelos	manandhar
2a2fa21ef65b82b77ea2ffb1a4e042fa36b9b5df	soroa	agirre	lopez de lacalle	bosma	vossen	monachini	lo	hsieh
335445ed2e42b35f7b4eba592e68fcc22d139d64	ramanand	bhavsar	pedanekar
b4153c8429d8f24095a291c9e659d923aca9341f	puniyani	eisenstein	cohen	xing
92bc4b2ff16c8ca7e5b7a3053191602b0e5a1097	hassanali	hatzivassiloglou
cf4362da2bd293cc9f92db3544d9c4c302ad07ee	denkowski	lavie
400d655c146e5452d1776c468781d009cf7a3c1d	akkaya	conrad	wiebe	mihalcea
957ba9a5696b048decad630126242b1a3415fc5a	buzek	resnik	bederson
940d4df05a90c0b7b376f61b483c123600d39629	poon	christensen	domingos	etzioni	hoffmann	kiddon	lin	ling	mausam	ritter	schoenmackers	soderland	weld	wu	zhang
bc39d073f922d56d89b26c6a5f7827094a8207df	perry	shan
f11be60b2a822e1e20d3d2224245c4222f5ce176	lu	huenerfauth
c57f5103ab0268278f5cb1e62a9c7ad8ed2f4e93	marton	habash	rambow
261dd4cdd47123fdfb48d79fa1e4607c41977ab1	ambati	husain	nivre	sangal
e087da86cc4856cf8120349308c435bd83faf744	goyal	jagarlamudi	daume	iii	venkatasubramanian
fa4858eb7413cab99aeb653665a53b5eebec1e7e	pardo	gasperin	caseli	nunes
960597a6ac49a48ec493442de2027b0f389ebedd	castillo
abe4a8f0c287ff2e8aa2df8cb658a769f0557626	phillips
cce113d0438c69bd03f5788dfded9bf9b39d0784	bisazza	federico
b647fe7b6505fb3c1e007bd0c7f838d9a8b75d54	barrault
0b025b96ee557d10cd43415740058ac751cbddbf	rosti	zhang	matsoukas	schwartz
9fc06a669eba2dafd4e3603de6e441ca9825d44d	dickinson	samuelsson
14ff2dfebb886455afb061868be947e12d072f30	herbelot	copestake
d89ca6df26fb377d89acc815675acd18b158549b	voyer	nygaard	fitzgerald	copperman
ce311f35e7446d185a79e9a4ced85dcbdeeb6a95	plank	van noord
31cc2401fd72b8c88ca932111160a0660f15f01e	prokic	van de cruys
89f477a6464c6230eb638a95a5681c49e880ffff	shaw	gafos
a8c74d482809ca8da4c406068d2f3d466ffba730	darwish
40b336a9bc3f8418e18dc6ea74118b4e8ac02292	p v s	parikh
b3e9742953dc84eeffe4c5eedd78467f5a7f5374	riaz
f16c0699a873b0209a370e8e6301b0189785c614	vlachos	ghahramani	briscoe
6b923033b0ad4de06c54b44d30c5c588c092907d	lin	he	everson
78cb5d37ae40afa70bf76089196ff35eb2fbdc7d	begum	sharma
861a2707071b219fdbc8754ef34cc5abbefa2980	pal	naskar	pecina	bandyopadhyay	way
336791de77be89c9b653ec28cd88a71775c03596	venkatapathy	sangal	joshi	gali
d60d3a56e44a96293f7bcaceb917ff65b317adba	harashima	kurohashi
d53308443199de889a6c4ee9c266d4e4e93dbffe	vachhani	chinnakotla	khapra	bhattacharyya
935c83c4d9ca351fd5fa89a01d4afd8b868018a6	yang	hou
47f5f99242a57491d5b34f5df6606ca6bd5c0fc6	zhang	chen	hu
67d34db34ea0201c4c24ca13b3e6226a97647bbe	wu	yang	lee
5af106bb70fba129d2d5511a192003e9da2b56f4	sun
f08bb0e4abf9cd758730a248e45136daec1df8d3	chen	jin	li	huang
9eddfa02e821d664c0d9b5afc4c1889d2b0ca40a	siddharthan
0e5f268a5145c3b6bbb9ecb1423c21bac4262df7	dannells
1aacfbd5dfbdfbd65fe5ac1a7c2a5203ead032fd	zender	koppermann	greeve	kruijff
a224e8d1073cf8485d8d48276ad8cf5a5a22589d	koller	striegnitz	gargett	byron	cassell	dale	moore	oberlander
29641f9854f7fea354cdea35075ed7c9d90eaf60	egg
437c00d6b4e947dbd9a65458f5b86ec1e418a48f	funakoshi	nakano	kobayashi	komatsu	yamada
52a490e3d767e424a77b03fe9e327ba86c26accb	griol	callejas	lopez cozar
b9681cd07ce0590aaaa8bb0f0d417413a0cede9c	kazantseva	szpakowicz
3c446205d80d7ec3db88c3a94bf78c7348f1126f	bethard	corvey	klingenstein	martin
5dca2add5635d000560bf2cf7c840a90600a860b	widdows	ferraro
c7801a6e44c1184937f8f72e128cad553c5fe6d6	sloetjes	wittenburg
7d6df94c5ce1a5db365dca5725844e90add55587	poibeau	messiant
f7a82e75f8842621b07380756bd9354a9b913c16	lin	hauptmann
89e7b978bfa643380360ece500969a34f686b71e	banea	mihalcea	wiebe
a28c6d792e7b97eb74e8f5fa146343bfa7e46fc8	boguraev	neff
b75f401d4dd8b51cb09c4ae8045c3eec61161da0	passonneau	lippincott	yano	klavans
e60e0f402a6c0f275477a8c83636d76fae069b56	heylen	peirsman	geeraerts	speelman
c208b576558a62ed54648453726037ced8a488d9	yankova	saggion	cunningham
35cf49870c9a564aba4ae6f69c1f2ac8878f1f8f	shinnou	sasaki
65096adaeaa121025b4b5cba021e65b31f3c96b7	finthammer	cramer
eb60b7573762dca3f0f1427ff0c546e5a57de6aa	hamon	mostefa
36b2c7c4b8392fb0346bb48fcac978375b0b7718	broeder	nathan	stromqvist	veenendaal
27dcf7a76c66dc985c509f943d937cb238b917f2	ivanova	kubler
8b80391c5ab216bf904d4f015493c180db440f40	tonelli	delmonte	bristot
72480e08d220a68a4d9667a2f6ed254eba08c916	pollak	volin	skarnitzl
3cb825672b893790dcb52dcb61824e43926cc2d0	chou	huang	hong
923a3d4d0fa329bec60c153bc0bb7c788564c52a	dias da silva	felippo	nunes
20e26166dd4449846d74c09ac92e80ec6e44b908	callison burch
4ec9b9888e6af6a9188e1b8bfc2fb04febc94f98	chiang	marton	resnik
74cc22ca9eeee2997b0ecf2883b57d1a81842299	ding	chang
94a9af119df61f501980cf095700f35c2a7762a3	huang	thint	qin
60f0bdc214d3d8f9ae5590d6e8eddaf193dd2144	fukumoto	yamaji
ee0488ab9599529ca12d66598522d14e2ef585cc	qu	grefenstette	evans
b4943e859d7189933f8ec5dd6d219fe538a3f895	choi	park
30a2865292fe1c058dd6730bc7fc23e43a440495	ye	zhang
6b1e751720599a562ec99e112193c5880cb3aefe	chang
ad493769d37e41bb5d4ac1e04095a5abd14419b9	ramirez	asahara	matsumoto
419c3ff142fb0a4066b02754a52718927b62fb4d	xiong	zhang	aw	mi	liu	lin
d3c020502c446e8b87d8e4a1384b59cf00146996	sun	korhonen	krymolowski
6f46bb1360a4f682cf71a50596cade486bdaf038	che	zhang	aw	tan	liu	li
64b1110fa97c099b1c8c0784013c79f1ade490a0	lita	yu	niculescu	bi
be47225edcf09a38166aa5308c030ff87e9f3f82	kuo	li	lin
6ae2191a3d4736781c087a1fde68dec6f5845658	bandyopadhyay
b3677f2e9526c47f647b6ebef76d3fa0fe536be1	wutiwiwatchai	supnithi	kosawat
b37d4304484d0763adc28609c9c1636c1c7245d0	riza	riandi
c1285095e8fe8f29df08c8fba97dc2f1b07aaccb	miller	hristea
eea153a25d849bcc3bccbcda189b448b500cf445	inkpen	hirst
62fe8d3e79a3f0f3df7a5d33ce1af9164c933cee	ringlstetter	schulz	mihov
3f9009500065dc965f198fb3cafe06abdf079fed	litman	swerts	hirschberg
93ec9e1875fbf48bbc69d81ff2ccb4c3da7d8886	hennoste	koit	raabis	strandson	valdisoo	vutt
d6d89b2e7cc31108ddc9cf90132a3c3f58f98268	nairn	condoravdi	karttunen
3a3b3925f2ce7a8ab311f89f07d5bd96742a4f4c	raux	eskenazi
af30894cdb9fcd6b43e41268a946735a5b67a558	bohus	li	nguyen	zweig
7003d7252358bf82c8767d6416ef70cb422a82d1	bird	klein	loper	baldridge
7517b34c903ff244057c70e0b2aedcc8d13352fc	fossum	knight	abney
09afab1132644ad76a3afe379362bbc8a7a62216	segura bedmar	martinez	samy
37aa36f45cb9156213aa37225379ee3ecf50f3e2	chester
a43f90d59941e914da63999910c99f4966dc4bd5	dailey
8e6f113139d2956b43e973d508f5dbecb5a31fdf	russell	carroll	ballim	armstrong
a502b02abf257612d15fbc635b59d526afb9b738	brent
4d8279d1a4a9e892c1b9f7e22df7bf2d300e00b2	marcus	marcinkiewicz	santorini
e2370116eb930fdb2d0dad3c961938a386021b85	wiebe
cfa2bba908c93b6975827cffde4850fc20e48c06	vander linden	martin
46f13e76f2b673aaad013b92c9289d93e09221c5	grosz	weinstein	joshi
110443841ae2a5466d5cdb3e417491573c0e1151	johnson
fdc10c3694c6e4c9fd4b82e14945f652ec0db99d	chen	chang
0a5cba700b430f676dc83c83412e4d60879fba22	wedekind
711525b09091b3f2c4bc9a44331cacb6f48559b4	li	abe
f72fc3de9c493dd8de5dcd852a8eaccbdd482094	strube	hahn
f95bcacf2bb0a66f4f95227d5771de5b123f43c4	van halteren	daelemans	zavrel
ed6ae9a1af4a8d92b0223b526d67a902d947b7a8	venkataraman
a0c894005adbee250788ab47c3224502c7ab7a46	thompson
8279fe474e25ee954d71f34f310a6dfdc09e5438	kaplan
2098470b7d21724fd9d9d828e8c3cc0b399576a0	hobbs
259918795730b7d7b041582ca038e241b9a26ffe	appelt
b78b881dec3334abf5b8c6390c40a2d93a177294	shieber
546d0dd34c42b862fc5f07a129bb466948206a45	bates
ec27735be771c85ad5c46cb8175b88bd5a3d8acd	ritchie
842d01a781669143ba8b0b20fa40a81ca9f04901	sugiyama	kameda	akiyama
1dfae23c8825e5afcf1c422bbad950d4b9f6fbcd	flickinger	pollard	wasow
13f235c1a14e3843bf880ff8b59ba6a8adf015b6	ohyama	fukushima	shutoh	shutoh
1781f7ce9fbe8bbc1840b35d0754d8d225b1f54d	wittenburg
f271d25ad85f2b05bf6e5e5931c7e8aacc479a37	pustejovsky
e556f546574f82d06bb159aec3ac2f862a1485cd	hovy
8f7737359a20babdee1f3b383a31585b4bf65ce1	ingria	stallard
09b93e5ac95647dabd3397b1883dacb4469352d3	lambert
d30e9330bf14776baa7557c6ca50861c39d2bd4a	mccoy	vijay shanker	yang
7e0adc74ad2e9b5e29c42c53c15646946a398c91	webber	baldwin
92881ec2d0bad824c4eaad0360c6f2749c3a09c6	reiter	mellish
a04b4aab78f1b8a3c2e9420167c12c293dd1b1ef	hoffman
8450e793c41e20e1e5cdc202b7124c924bfeb70e	shaked
e1e3ce99f3230901339bd528ada5f9b7bc887f23	traum	allen
63c49d77bca937c2ca94b3d5ad1443599dac280d	gildea	jurafsky
f828dec15b45d0c03b2fc3081673ea67c532deb2	karttunen
ca20f8146adf21294f048121f234c449299ef67e	litman	passonneau
e9c1f510bcf5933d3cf8ec8108a04a9ba601a843	miller	stallard	bobrow	schwartz
c32f3e0d9de121417319440239d9401a14c02cff	satta	brill
b650f7472ac2444066ac57cdeeb198d08ee52e7d	niehren	pinkal	ruhrberg
d3e5c17d9a45b00d1923d256f3fd607553ce0231	florian	yarowsky
657fa0e42afe60847af6b9dd5b5d14632e8793f8	blaheta	charniak
5968067c696653fec60325633fb676f9134bd1db	abney	mcallester	pereira
6d8c40ace9cb9d79680815950144bee7a0555a02	xun	huang	zhou
f0f0489f8b51cfcd55f69d285e4792628a596d08	copestake	lascarides	flickinger
1ed03e95cc2041a18b80415eea1b410af7f0f9c1	corston oliver	gamon	brockett
324731791726745ca1b9005b53291b8d3d740256	kubler	hinrichs
c778ed6a6b4fec4a4baaf7815db60b88fc31cb44	schulte im walde	brew
cd9a9d8ae816fbd2404e886d9d88f91f81d5218d	li	li
a102aea32498d0a6589d6b4c512c4996236ef26a	crysmann	frank	kiefer	muller	neumann	piskorski	schafer	siegel	uszkoreit	xu	becker	krieger
6fddbed091394a6ef4360efdab1f746a67230e1b	nomoto	matsumoto
54547b5b16d20d6db338b8983964be1931c60af6	korhonen	krymolowski	marx
660117e7c89692376f2cf7513386ff6026c794eb	chieu	ng	lee
727522fd728d15403ab49e42abff5416447c5ca2	koehn	knight
c865c7e5d815fba08a69dc4fee327d63646df009	sakas
1aac9a51700b4f548ed4d406d3987c8008876521	mccarthy	koeling	weeds	carroll
9e05bbfd8b36ec5d5122c78d7e415bbfaa4d0e3e	cahill	burke	odonovan	van genabith	way
2b4dd276f4a8c1b0ba2670331364f7b4885322b9	hasegawa	sekine	grishman
9b78a72bdd20befea393dd3a7fa0055c5da5ec3b	kanthak	ney
0678c73ff855c93f238538735fcecc1ee6bc8379	mihalcea
b86f68f8eefefb8224064e0756b1850f8871415a	cohn	smith	osborne
9e7a0cc841b3851e1135b2ebeb12982f1eb340ed	eugenio	fossati	yu	haller	glass
16a2920fa4d6a0d3ab2b5c8c3a08d1008cdcfeb3	takamura	inui	okumura
f896acb9f7f09ac3eb3f0d58cb885d2f7f9d8ab1	chelba	acero
2719f7bb6512f647cfdf5258a3795edc55995de4	mann	yarowsky
5262cf9a11c5ecb2215d8107528f5faf07e051de	deane
a6b58646dacdde04c6d5594a986d2241cc60d11f	de bleecker
bf3b2f8aaa92e44244659030cd304723e2f4c2a9	yoshida	nakagawa
8fab7603c7fafde03fc3e98e88322b6d5c43b6b0	chan	ng
41bf66717feeaca005a9e579652b870d1c8da99d	brody	navigli	lapata
d9da9be266b1739dea7691302dc7eb4d33677802	clarke	lapata
99645cd35f328ec79355617788498eb38d556d1f	li	myaeng	jin	kang
bad935dd6f10d038e462bea42b5d5f9dd0ffcf19	ha	hanna	stewart	smith
5869a922845b680fa08ac2f6883188196e5c595b	soricut	marcu
0c30f1d33af6cb7046397b31d411a93c69512771	iivonen
79b5d358d65251fd8aceecfecac8e4834855d3aa	courtin
7b87b82cfb042854e6a98d63c699f6b32d9f40d3	packard
cf7737993356b9d077e6fb297579e77d80b802ba	shudo	narahara	yoshida
2c3411a5ce97d58e3a94667b4d9b7f1b42d982bc	oubine	tikhomirov
8640e3ff4f7e0422ad0e6e58a5b004a804b05c1f	lewandowska tomaszyk
958b97764dcfe3dfec2483c2cfe443b0d9cc769e	uszkoreit
e0a199194e88f93acd5bbd6297a8faff4eb82f9e	abe	ooshima	yuura	takeichi
6c01844baa06d087f8f60b64122a2195628e2ded	johnson	klein
c9f347143e43ff7273f32e7695cf566e023f4b4f	goerz	paulus
a1c9da674d8efd88b650ece67bfbf1143f81780c	werner
68a1e6ef7f44c7771cca21da15f914573e61cbcf	van noord
edcf1571e4dcd2259d76a179b9f3d7de3d74c7bf	norvig	wilensky
a877ccea302725880a0eee16d0f9f27e045c7b5d	cowie	guthrie	guthrie
cf61727c5e5c8441bbaac2fbcd954a4ea140d5c2	kese	dudda	kugler
2c8f45bd0578ef07cb9bcaf0fc997885dd69a048	firzlaff	haenelt
1267879e1caf9627271dcdcf428eac4555b800b7	wang	li	chang
5c130a0dfd4d7a267560a811f2dc739cad6be042	bond	ogura	ikehara
78293ddc35876972f788caf7add2a032f67faf56	op den akker	ter doest
0880935a8eaf7f86102810ba4d87e4ba912f133e	ananiadou
84f338d11c957ddd1487280fc27ef4a4713c2bdf	black	eubank	kashioka	magerman	garside	leech
a22d01199587fcac4c96df5b6e68f0156f643737	meyers	yangarber	grishman
d0ddb4cbdc56a40b3b318958d31e383079a6418e	macleod	meyers	grishman
3d5b2bf6944104756b78fcfc94264e80d0ab1874	hisamitsu	nitta
bfbedc68f63ccc66c1b2979c71f95748f8d745f5	jokinen
1e025c119bb760c5bd80f792b598028e5da9a304	sornlertlamvanich	tanaka
a5503271a21c590a35df4d87876e839fedf4163f	boguraev	neff
f760d1987c63d747326cc77ee2fcb6028781c888	branco
24a2f50147a3722b99384bd983d902969a8b6bad	clark	weir
ba30ce81d5e35babea68ce223a12b560d5785a36	henschel	cheng	poesio
101063158fbdc03c72767f52904b245808212147	kacmarcik	brockett	suzuki
738899099f59856122eb5131069ad9b459f2d9b5	suzuki	brockett	kacmarcik
071da05dfa9850ab985af282633a051831023224	franz	horiguchi	duan	ecker	koontz	uchida
7c3a4683d604ce7932c0719391b0ff2a26f05253	sekine	eriguchi
ecdc95111b0cb8b095ad531b4c3ad34d74c96651	kueng	su
b974323ecf97239f5edbb65c7c2384e602c71bb7	shaw
8092749db5df2373f1c531aa3ab4a9b6cbe65840	kaji	morimoto
eb427e4f1de261d3a4404c3808a671a74827baf9	horak	smrz
8a0086ee084cdde70ff23834122edf238af84400	balfourier	blache	van rullen
c08453625b0dc78ddebe78be50b7d86a7d58247a	hisamitsu	niwa
61fbdf613c3ba58c6ee849391ad678bd902d288c	oepen	toutanova	shieber	manning	flickinger	brants
c27d5d8ee71273313233799d9e48d79d23605695	skut
e5b5c820e870c25543f5a5e85c0375c35b54c2e6	beavers
8abb1cbb1b701140e247070a47625f42d91f0615	schmid
09da9e659de5f458277ace00529950f77f2986e7	blatz	fitzgerald	foster	gandrabur	goutte	kulesza	sanchis	ueffing
02e2b6bcf6a87fef41f029b9170ab84656774896	zhao	eck	vogel
f0360572458265266c1257b2cf47dd619e57ecee	kondrak	dorr
265bf67fd0e221dae35d7d994d3a849e8bfea785	biemann	shin	choi
3d7d3706154cf4ac2363a369354fd3e53843f30e	pulman
91dc119d10a4260c7a18b2abcc3483789eb6a3d5	gillott
9a403a8ae15010e1292e10f04ed9cab853014bec	pemberton
9b0ac12c8db71ac501dffcdbdbe129f96c7285de	wiren
bb40a5dc46670721a50e91f7cf5b04cab3efba97	kaplan	netter	wedekind	zaenen
45310c0d674f7b63b56e83ce466af1164b4c07b4	dahlback	jonsson
9725a56f4578462f96cc3ec54c4577ba476f0aad	sadler	thompson
f88deef9ad93bdfbcf4c157402121823eb65a359	schabes	roth	osborne
d698d6e8bce2193e8814ef815f1c5b8e4a541d23	oflazer
d8a38c82bb8da9d4428886fc9acdae67c40615d1	proszeky	tihanyi
4e9aaafc373e0e3b324355abf2425f4813803472	tugwell
e672186ff80682e97fb0882fc5aa85e8c9997d23	byron	tetreault
3b60e57ec6b3a68864b36854f0698af63216d219	preiss
54335adc6cf304887ef9bc036927acc8499fecfd	piwek
6b5b6ea5b2b56c769095f2e98c44cc5a6aac4ddf	poibeau
376517ab5522d53b82fd3c418dc2d5c07b11d0ab	sacaleanu	buitelaar	volk
a8b6a53b46125483891d27ca6e2ad2f353b6a26e	yang	kirchhoff
8d1d98807843fad7de1734629edb0c873015c14a	mcdonald	pereira
c181afc58808beecf18ad9ee23f2fa48f13c1ed7	callison burch	osborne	koehn
0410fcb3ab956b19641127d9905dc34762e45fa4	hsueh	moore	renals
7307a189565aa6fb98e532da61fecc23f2d3cb93	tetreault	litman
5b266962454dbf1072f98c217f73568e75458f58	gatt
2f39ea8457f3c8ef100f314a8fa580cd4108a984	romano	kouylekov	szpektor	dagan	lavelli
e01dfd49ab3ac9f2dceb51257baed27d36bc5d29	karande
f5a3942474213079898eecde038100a8ed5627da	harabagiu	bunescu	maiorano
4aa186b9ba521ede47aa3f023b2a16c4ada6418a	de la clergerie
035cdcfc139b541ca132093674a513f2fc434adb	rayner	gorrell	hockey	dowding	boye
b510b3778d7f9c500042d04a9fd5c8800e944734	asahara	matsumoto
7f7e2354ff234d408855dd0ec5bd75f9c12d7bee	klein	manning
1dfe2507b3dee6c1462fcff9b549fc53c219b9c1	kumar	byrne
5b31e43f8b0490779d8013e0705ae4df8f0488c9	sha	pereira
9a767631ad0e4477765daa5e81335fcec78a5d30	toutanova	klein	manning	singer
e55ea57a4d6fa1991b5eb95a0785d63c7b859203	lin	cherry
9b681baed6755ee4af0d8e27a8fd75bf8ebded7a	sudo	sekine	grishman
8b6e063ea1d8ee1f742de144fa67ab2f5542e9f0	kaplan	riezler	king	maxwell iii	vasserman	crouch
42e085ce92ffe63313690439a71fd52752eccc24	graehl	knight
c860429b2553536ecdeec21ca2192d861561540a	pradhan	ward	hacioglu	martin	jurafsky
50bbdf10e0eee6ee9652deaf72380b3fc8bcf307	lin
64887b841f12d71e1385bc792fa4126a7b97db91	lee
257f0184a7f2be67e066c9bd57c9c10ee5ff4494	ji	bilmes
7741f75cea98342020059d5f964560f3e6ef07ef	pradhan	sun	ward	martin	jurafsky
d18248c0b6fd887b795be11ff53a8265bb29d62e	hacioglu
74594d099b81bfaef5a267d5df2f8da253cd3341	feng	shaw	kim	hovy
fef2b30e20c613a233011a4306362e61c082c475	shinyama	sekine
f94161fe0672a74e5088d8f67491af28b2949e9f	wong	mooney
9a9cfb645f150868f17ab401dc04490c9420928a	arguello	rose
5cf9c507b342108f256ec3492344339a1821123c	musillo	merlo
6ffbfc01fd25546093d1f1953522d782d4e7fa8d	sagae	lavie
262a44f2bd54ca75bb95359f90ce60410b1f67bf	saito	yamamoto	sekine
d7fd48b4b028ff6243354ee60636dfd7a71cec9b	yuan
6fd398dcb4c0a20de0d10c7a30b36fa8e1b24ead	krupka
570df39ba9c448d481946b3c9c9e80a37516cf65	richardson	braden harder
af4b7781cfa6d0aadf2993202fa9b31fe5b5e846	katoh	aizawa
275425e11f51483697fd1e6593a241fa185df08b	carter
51289ae4a00edb40bb4830e56483ed386c0c0997	cohen	johnston	mcgee	oviatt	pittman	smith	chen	clow
b8db880b8b534c1e022915c9e568933ca9e689bf	lee	chen
19b27d9433e52da20e0b9b347f96ae59641b6671	radev	mckeown
235e2a54ad7dcb802a9ac39d9a8d710c633ecbb6	international
2fc7071017c24ad34f0bae77117ee734d90f97a5	flank
66087769e3379f06aa0eef1f5d06a7ef6e9fc7a7	fulkerson	biermann
a09b27d687f33833418738bd8219b4d4d7fe0f0e	pantel	lin
6dc34b3e1b54d71ee61bd8cd12081f4ebb324e1a	mann	thompson
13fdafac4063e1e053f9886a189721eb0d435594	kasper	hovy
eaecb287f1b44bf243b3067793871f5ecfc3e2e0	hemphill	godfrey	doddington
2d30aa623fd96da99a16c0c3bde73f50c92a5c42	gale	church
bf0fc4a7a5ccf51aff40630c297db61d3fb0b50d	jacobs	krupka	mcroy	rau	sondheimer	zernik
f5b236ee44aa00efa5dd43057b25f93fbde08fbc	armstrong
5051e54af8c0d6b84f8459c57d55bd19be9f0cee	gale	church
798b8661018dd7d0652e46e1b3c813e892187e23	moore	dowding
bd04d5799a6e6aa7a7bd4474f30d30443f36cdb0	miller	teibel
571596a4075c408e3738e858d9b781847825fe5c	black	jelinek	lafferty	magerman	mercer	roukos
26058fda4537d38ee87c1bb4707bda54533ced5b	weinstein
18d67be0211180dbfe79241d26635e3955fa5076	kimball	ostendorf
bd484e3f62dbd7d8247359a6c817dbaf0fa07148	mccord
a3df63bd6b16615b0858dbcaad0cb7336fb42214	biermann	guinn	hipp	smith
18db48e76ee138d340de75c944a343052b577a80	silverman
c2dda9481c9b8c4731e79501b2febf7957efcb05	strzalkowski
de937372b5e0f96e783ae4c7437ef5005b77b882	white	oconnell
b699604777b437dde71fbd427c4e177e9ca1029b	prevost	steedman
c0e2e16aae101561680b392acb3a5cf27bf2b00b	ostendorf	price	hufnagel
31e43eb5d49824963434b4c4c9047cf8e37e2b5c	zhang	brown	frederking
24eb97792a7e2c7cdffa01db3c1414667833b52d	khandelwal	gupta	allan
2a0e0629dbca2592084955fd809ebe18ad1ce105	heisterkamp
6ea36d17c8ecacbc35e2161a2c28a59b09c7ebb7	levow	oard	resnik
1c121673845b9e95d9f58a14a160fa6fc6b97158	barzilay	elhadad	mckeown
c578f1823e7d7fb95d3e5c69fe4fab36d5a384e3	ji	westbrook	grishman
3a70bda2ea5764774f89ab5432e82a2e03f07a00	kazama	torisawa
f08634e6b3117e3c44c79782181a9e4c9af62662	kumar	byrne
a56240a477e7920ee6c7696af3fc120882e61ed3	tatu	moldovan
56a6af937507bf1e8a4d4089c01272c73698c8ea	erk	pado
9ac03bd95ee68eaf9951195368d3e7d8fa55514d	hollingshead	fisher	roark
15c1f61aa9ce9e5ec425c81a1794e43fe850c36c	stoyanov	cardie	wiebe
20e2934054ef99b448f3099fc9c5488d30ce1468	marx	dagan	shamir
6f5eb354097459d211861f24e11b0cca1bef2ac1	harman
7230405e170e98d0823ac46dfd08597219a1eb12	broglio	callan	croft
181ceeab21a6402823a561aad09517069f3f86c6	ilgen	rushall
621b34498735b9ca497ab1e0ae4219708b8370ae	maiorano
c2b3936844c0d340502836b47aa4a6c11c133d29	miller	crystal	fox	ramshaw	schwartz	stone	weischedel
b87b89e95e14388ec04db38250a81011a33d9782	mccoy	vijay shanker	yang
dd2c59f6b8a99cd7b0d593b9af0e889ec23f6312	gerstl
240f279000e08202212b2fa21aa8bb3ff398b225	fung
132bb9dd928749af370a87ecb939bbb0b05d7aff	tong	evans
886d4ead88671dc6919831a8a0cce558aab9db08	chiang	su
c0fe849601a791656398f022237604af2390d511	yamamoto
103f2878d3570fcefaafb7eba91c3b7a7f2918d0	xia	wu
5629efbf95298d2ee5a6fe697491445940f332f2	odonnell
782d19b7b07c8cdab8174a0c9b2b0a7e28917d6f	lowe	baker	fillmore
4d06669b8b13ad35a6cdadcb981c6c0f70a6fa26	buitelaar
a955ef76b29922441c67ce1278c36d50a9d52be5	wiebe
5fb28a8a145c7d2205a55353393e7323d2d571f6	ratnaparkhi
d77cbdd35d3981c4293c107f5eeb46c08f47b07e	seligman
86b3caccfd94fad5a6f984b6d31667f2b6552e98	itoh	denda	kogure	nakagawa
09e941ab733b2c6c26261cb85f00f145d9063b0b	hovy	lin
0f2d98a088d555c3f4fd480fee86e214174ed0be	aone	okurowski	gorlinsky	larsen
aa0ca646a3f2cbf94bb4085f8c8c28c660232d73	nakaiwa
10f0215d3270075bab7f53b569861f9797ce378f	siegel
59b64737a1888fe622e7f80d93cb1e530503e8fc	stubley
145472a4b1143a7a96c813991a3fa7d7325a4904	carroll	minnen	briscoe
6ebf5edb5a43ef197c4e3646ba4c3f22dee7be34	utiyama	hasida
2c23db397ee3295d976a7b1ea5c773645f3630dd	fernandez	marti	vazquez	castellon
ad46b42a7f7a709ed8f4d2dd86902260d3e75195	seagull	schubert
ac0f1b39452bef430b044434b91f8b0078941b1d	megyesi
7184db4238779908a890c71f2444c7037df79ce0	cook
8860f4458387f6dc5a51ac6241369f6156483714	shin	stach
c19b7eb573b1259cc335f567baa56d28cd5fdfa4	blin	miclet
5b7fb20aa098fe67d468726f317227409efc3585	verdu mas	calera rubio	carrasco
0222b108dd18431daccec3f4e1b038fac8f0cddb	diab
c18f7e91ffcaae7ac2b57a8d4779ed5c19e59dad	bikel	chiang
92abe8c520ab5b1d9ad99cd7be5af6a0e040c84f	chen	lin
2ae47a1578d57d49f66fee6cc2bc5b7734bcd8b8	kovarik
9a66167f0ec32ecec86eb1021be12ea611aa3d46	teufel	moens
2b4b852dba463878235f13529248d2efd25902f7	carenini
61a3085c79be280354e6e9c8c29e378812ae3600	van deemter
d4d14920554b9899a7bc2a32c774274098d8bfca	doan nguyen
17ea4e556449bf78e7714f0a0d1bcf4195774b32	li	wong	yuan
941859fbe315c85cd13fa00667f4a83f7f836797	pianesi
07a78850c0c2ff11acf21fccca40bfcb79da282b	carlson	marcu	okurowski
6c61f738c6e2b8b27e9979b9952270879561a992	meurers	penn	richter
3f65195f380bc556c3c8224c39773faf07d4c552	bodenreider	rindflesch	burgun
fabaddd152d047cac54f004d9103b5662bb843e3	pedersen
67fcff21f14b0fb87b40a37c4f9fac6225ad35de	pang	lee	vaithyanathan
4263524239c86acee08d35136d4f14639b911e85	smith
3760a79b260505aa34c4d63b8daca348e8c8a100	poibeau	dutoit
7a7b61b5bbaea74f499c93e07c21f172c5598261	dien
e8f87361638e60af85c7a513d832ac052cf1051f	grover	klein	lapata	lascarides
382dba2e3d900f94b3b3b73222467cb0393a7af3	kudo	matsumoto
aa7bfdc7638d93607d0f881b9196cd8f489b39d2	densham	reid
0c307ef6930fc80c14199fdea46b269aa329dd1f	shen	sarkar	joshi
b8b267ec584d60140247dfd313bc57a134a5367b	choi	kim	miyazaki	goto	kim
3aead3586252eb53754204662f219a033dfe6969	wu	jun	xu
3c70a4ef38b71d2b406bf5e61b3d55748088cdf1	zhou	su
4794a0009bdf58a18f8a3b9910093cc9f5d7e144	chen
385cfb178c86c1aad425777fce81b66b4909d4d2	stoness	tetreault	allen
bea44eadbc3e380835df1701251c6aa89d03fe0c	niu	hirst
799432c55bc6a22d13943defb3810bba334fc60f	kim	park
4fe3339321a29d3f175e7586290398f9a55f4310	snyder	palmer
bc0176c5dcdeb1b1ee2680e69eb52afee3b0b4f0	turney
38d9600c4bfd2acc89f6c3df73997fb1c9d8ca13	vazquez	romero	suarez	montoyo	garcia vega	martin valdivia	garcia	urena lopez
9cd3bf0bdb27b7b58cbd27e456b58eab26a16986	levow
09e5678aae479eafcdf1e005a3273245894c638b	xu	zens	ney
c60aebdba919d75c37e8a0fcade6be82f7244d13	pyysalo	ginter	pahikkala	boberg	jarvinen	salakoski	koivula
5dee9c97286916ebaeed2c35eac02f8c33fbf959	hussain
13391bba69162b7062ca070bb2a509505c3ca724	antoniadis	echinard	kraif	lebarbe	loiseau	ponton
ad9e7b2ee6936ccc31e6c56121f60d73b4d30b61	schlangen
927ece71d6bfa0789ba1eea2c215c9afb90f0dac	roth	yih
ed4a7e7a45dae98461fef443a32a5fed56c92d89	ando
6282976d5df937826e5add9429ca459be32586cf	baldewein	erk	pado	prescher
ad2d4ae7b81851242a91475d958793c8809205c5	means	nemat nasser	fan	hecht nielsen
0d1d0b69ab17b8a781904f42a6987dc99c12f123	fiszman	rindflesch	kilicoglu
58b542df8059e682a70c95da9265a50981d35666	pilon	van huyssteen	van rooy
653c289b204db3749beb1d5d5f36a26978a266cf	hempelmann	rus	graesser	mcnamara
071d4270ec6b098477cac4e0939860f4c67a8858	segond	parmentier	stock	rosner	usteran muela
eb46ac0f13f8c911588459b4eb7da2538376873f	stroppa	yvon
177bfa5b71e3e4fff964c4c96f08d971885b41a9	langlais	cao	gotti
0c9427a9c339b7c11a03d196d8c4035b84d6747f	liu	gildea
c0e81dc20135416d05d0c396c9fc95bd953fe8d8	green	dorr
37a0db4cde26750ea0b062112eb83ed8b8822626	jansche
e0a043fdc032f92041876fbccdbbdcc074d78ab7	gaizauskas	hepple	saggion	greenwood	humphreys
bf316e912f7971e8d4bce2cc2eb01c96ea2fe1ec	hogan
cebed30094945d9cce87c50e769d979e297da39c	jin
efe92f3a8ffe91845d296ee9346c34bd012ba78c	zou	hou	chen	hu	fu
95142bdec8661c374aa0c1082fa560d323cea177	dias	santos	cleuziou
0086dec25dc30ea54b8d1a9fe877a586e14bc882	cook	stevenson
cb89c54521605a9957c5df86b113625c4c43bfc9	vieira	bick	coelho	muller	collovini	souza	machado rino
7fd3ee0929f310cfe80b321e62737a3a7e4ce3f1	lin
1b5ede36a88469f43ba690895315385281731bef	reiter	belz
8418f8a21b9e8299b097564013f6f65d6ae3e29c	chiang
bfc4d37a491f0aabccf83c0a85c390c127c37c02	han	hedberg
36dee4594ab935092d8ee96bf99e025a9c148ac2	salvati
cb59fada125478c0302c6874aa13a83ab0ac62f1	marcu	wang	echihabi	knight
2c1788e31e0cc9c2528f2f9f398a9f1547320cf8	zhou	lin	hovy
ca63d82f9f6bf5be67827b6385026c9001161ace	bramsen	deshpande	lee	barzilay
34ad5ea056d9a74646be0880d84c26325b68cef4	nicolae	nicolae
55ad34fbac347503004d15ced039751b22334a51	riloff	patwardhan	wiebe
146b3649b693ae591c8953c0aae5264512c26ea3	finkel	manning	ng
c033c647b47c06792cc951f2c902b01112ea5313	mitamura	wang	shima	lin
80f304efbb6beeb9e7ca9d5945aa3cece9c7383a	naskar	bandyopadhyay
f2f5f11771b31a20de7cce70980df3d104fa8775	giuglea	moschitti
d6bf67fac447ce6e7c1ec546ca56af30a4060040	smith	eisner
363f92f95c86d0ee6cd5cfd26f1f542e311aab6d	jarosz
6552aca640ec970d232b55142a1ba49186c1467e	søgaard
28a83e50b206512ef5712508ab020078fd1a144d	matveeva	levow
82bbd5b59f8f1dfa339668de16e1207f7ca85ddc	nastase	szpakowicz
f5e8d00fcef8fbcc4e2abffb1b545984416bff9c	nepveu	lapalme	langlais	foster
fc120f3cb5c65928392a1f05d3ae97d708a70ca7	goweder	poesio	de roeck	reynolds
57a2a5be0cd72cc00f5def2e1e67ed4f2bf63fe7	moore
2e5b428cc51d93201ac74afc6a645dd9133bf26f	marsh	perzanowski
837c2bf28887fc1a00e1b1148e5df748809da242	palmer	gildea	kingsbury
5ff938ef23c7a395993f309dffe43ecba4ecdec9	williams
9c6618a83c16567e5e949b22fae48d36269108e8	plebe	de la cruz	mazzone
0a0dba86c980d4ba5f881aea0239fa689084e6c5	foster	kuhn
c03c806d3e38c4ef0450920deb3f17d3905cbd91	simard	ueffing	isabelle	kuhn
3c58cb9527ae19f8f9ded5f0e3a2921e970a327e	magdy	darwish	emam	hassan
12cec5b797d262eff9b4d17c6f272cd02d81e5c5	liu	blouin	keselj
1b294f3ce78a9fd65b288cda2d0d9f939ad1cf9e	fiszman	demner fushman	lang	goetz	rindflesch
6281343019aa47e308f03483c651bc2d6d296015	miller	torii	vijay shanker
fbd5e013ba99b7ee6d2cf95201471bbe48f0aac2	catala	baptista
56e650efe9a15002488cb393bc0ff956fd00adbf	zhang	kordoni	fitzgerald
0cecabba86326f925e9834acedfc8a18b33762d4	moisl
c9a2b4d3e6111cbcf8422574c260878c820c7887	hickl	bensley
b71e020c4c0ee896174d11a9a87d8941750dad22	xu	lu	wong	li
1c05ee24a7c80cfe0fe7153dd498eaf61b2686fc	foster
aa9b321c64aabdf4ec97b9a8571860c95c9f9a68	lopez	hernandez	daz	hernandez gomez	torre
a2b48df03588b72d8b3b7ba9e8ce6bcb0df5f2f7	min	srikanth	fowler
5b8dae5d145232e4b1234d4dd020f0e285a79476	martinez	kim	baldwin
58de2e457b0f664e6b2205614350fb2a987e74c5	saggion
3f40a9564c3b45930a5f6b6db89d02ff1b8cf4cf	koeling	mccarthy
ba786c46373892554b98df42df7af6f5da343c9d	brants	popat	xu	och	dean
ebff2e4bf235e2633a1bafbefd5e611f67eb7f2e	hall	havelka	smith
7139b94b39d225946e02c32eda05af4c7e29741c	cai	lee	teh
23c8d01e1d1488f91683f1e95988091ba6bcd68f	schiehlen	spranger
8ec29aecd2dbe3ae1d1a8fec3e1aad48a45fb285	culotta	wick	mccallum
1c9f2beef42f4023911f62311c53ed43d77948bb	johnson	griffiths	goldwater
f951f8490fc7ee15b85cf89e1a7a6b8dd08071ba	tetreault	bohus	litman
b5c15f2685fd5dc95b9a638d5e7f271fd61ed180	zhao	bach	lane	vogel
37798b65b083c4d134a1a154a5fa1f17cf954375	xia	lewis
2f0ba3763db6159da2a3186dbedf7a48d4df53b0	loftsson
50061de29dda21608176f3977fa270e072a6a90a	shi	sarkar	popowich
ecbebc40b4eba1b3660c951ea99376dcfcb8b22a	seneff	wang	chao
1d27da6f431d57a59f60a2be12594c876989f52c	li	sim	kuo	dong
2e7865b74bb9dd6637e3d14b7bb31715d685904f	bangalore	haffner	kanthak
bb51be4a096abc42fe00e89d97691c0ec17fa7a3	jiang	zhai
bcd6bcc366afb3ae98d4ccb3566eceb216c145c1	hassan	simaan	way
b2fb57acc544352677ac083d01f2e78c4cfc20f8	bod
d895647b4a80861703851ef55930a2627fe19492	blitzer	dredze	pereira
8297a2bd752836fbbf2029fa6686f2f03b89dfe2	talbot	osborne
7d99ad3a64a78199c2d4090c735943f1a5cf2522	tsuchiya	purwarianti	wakita	nakagawa
718163af9b535aeaf38568ceb55f75d4de55acc9	mulloni
a730de25ab201c3e3355d2e7bcffba44e9c69e10	scherrer
804001113f90f7b88a97e4f65d19bf99e351ab36	fleischman	roy
9929112a67eb37a9e68a835fd192268e88b82c0e	blunsom	cohn	osborne
f98ebc10ce8c48020d21cca041de2a3346ce31d9	ji	grishman
a8ff6cd4336b8613e2a38bdf4d873533153031c1	vadas	curran
173f01d68298ad95e969bdf38824809728bae1ef	goldberg	adler	elhadad
8fa35211be0e45446476b06bcf3913ba4bfbbc3e	georgila	wolters	moore
3e6b5ce2203feef292783b3bfc2bf1011a796ffb	mcmillian	gilbert
a614dce63eb4e7799c20ad8cded57cf074f250ee	foster	wagner	van genabith
9a4f294f2740d5e1e8a67e0097d284575a1c6660	williams
7a79847e0218d9bab6bd1b1f8c76c8c13e577534	abe	inui	matsumoto
9f742271cfd4711585da26c82053051fa4923913	conroy	dang
a4d32e742db4fe7a04408428c3e5f3bee7f7f3d6	gardent
c33ca9fe5b5ac308cfbdfd65ea8b6e8bb7db82d9	he	liu	lin
510d7e821e55e86a1b0c3bb79907eaabc3cb9910	lerman	gilder	dredze	pereira
88b112ef2ceedbff9d28c01f30ee734ecde9172e	sasano	kawahara	kurohashi
8c5aff386f1a29c4298f555db92d3215083f33e8	zollmann	venugopal	och	ponte
590957df2a37c8dd3876b06f6bd31acff33a6f1d	diaz de ilarraza	gojenola	oronoz
0644abb773c422eea42561bc8b9b5de19ef44f83	zanzotto	dellarciprete
50a4f82ea66183c68ba5fcaf37240c860966e519	akkaya	wiebe	mihalcea
378d8752535f9361db73c713eda2b91a05a8b42b	davidov	rappoport
e585e55ab28bfedbbaffcf8c5bce4cabad164e7e	xiao	li	zhang	zhu	zhou
8873a91e758bd76e530325a230cc51b1e3b7db2d	mohammad	dunne	dorr
535ef87eaf180cb1feee95e3c17dbe0ea54151ae	chung	gildea
abba83b5747e98d10ab982df9ae94cc799668f16	haghighi	klein
ff682d0cb5dd6e85458203096c2b5c9d9cac390a	yoshinaga	kitsuregawa
31fd675529208d75d8241329905ec8aa86e7a6ca	zhang	zhang	tan	li
b7e918806d84412e791a479eb7df05ed1b06ba76	agarwal	biadsy	mckeown
799ecca00f5c84c179d9d05b83f726591535e522	cartoni
b92309d04f439ca3625feb3bca38db57596f6948	moschitti
6df7e80d9df96d8bb1acba776e9e7e3f0ea5a781	pascedil	ca
8c33c90083c9bd32db350b1910a616f9e52d7d16	udupa	k	kumaran	jagarlamudi
4513ade434ac24913852d4fd74e31b91920f8029	herbelot
748eb923d2c384d2b3af82af58d2e6692ef57aa1	mihalcea
370702b927a78128c390e10ab92a8149dd8b1ca4	reidsma	carletta
43e416b627d896b866051bbd01fdcc26ad1780e5	henderson	lemon	georgila
217f56a75f5484884f5f1fe3fd24cabab3c6926a	fazly	cook	stevenson
67fc65e8957dcd949141ad75ef19c10ae5fd8609	kelleher	costello
226966243877f186d346be01047cf71cee1b5ec4	liang	klein
42adab10d34e359087b0b0e86b92f13d23db183b	roark	hollingshead
2c0257f3781bb00d76e0eafe8cc9a6964b106b00	rosenberg	hirschberg
08c90e7d935af30f6f60edb987e99ab073998712	pon barry	shieber
347d58f011efd9d6dd375e1840341ec37e68f55a	kim	jeong	lee
2bb76e612925b56ff2e62070a43f530490996d1f	paul	yamamoto	sumita	nakamura
301f8346f5a5bfe34cad24caf2e480b54b1e0e32	zhong	stent
c516a0af72b9d524c36f7ee09589a252297b2df2	ramabhadran	sethy	mamou	kingsbury	chaudhari
7a6e35233481f78d828c8cefb585567e3b089a23	haffari	sarkar
124f442cac7748c1182a2187f5eb233f54a50fa6	yoshikawa	riedel	asahara	matsumoto
f5b59454dc8c76ee3531e29df26d041dff5dab03	ohno	murata	matsubara
5209c6fb3efee27cddcf0203628c41776e42fe4c	zhu	penn	rudzicz
46e06cf27255dedcd40a99751dbc14d7fd44f80e	blunsom	cohn	dyer	osborne
f671eb22a3af916fa580dbe370ec1aa752fcefb9	persing	ng
9704a31928ae64e337a0fb6726221f2602f69c2d	zettlemoyer	collins
5c6344b7a38672ddeb570e07e7a4befb2801b6ec	denero	pauls	klein
e0458637181e8fb342b6bd19870c3254b5faa64e	yang	ko
de8c1d3664a1f97d272139784f50d7b6102d6226	tillmann
163396f0fcf123f0c6528130dcb54817df028b7d	levow
5a354340b87a33973b6928f0c77e7e2a86c274d5	blunsom	cohn	goldwater	johnson
c2587d65304d8d4836a4c2a1a287968005ee7eed	gupta	ji
e654bf95adf4feacffec0c986ddc3b87f6fd7f03	mayfield
0525bbe83d45e9e34f5b607bc7480f58d795041b	li	callison burch	dyer	ganitkevitch	khudanpur	schwartz	thornton	weese	zaidan
c54d225fa41fe4c86f4c96d391b5d8485dc7f1a2	homola	kubon	pecina
5cbd8381f1cb1358d9ce599e9f1383747839e712	heafield	hanneman	lavie
97581d3160730105e5dd48551d893085eb3816dc	koehn	haddow
d8e397a77f12b627685e86460df4463ecc032b7f	alvarez pereyre
33aa559a8836e2df65aaed698760182e9965f27f	spanger	yasuhara	iida	tokunaga
7c844ec8705797ed63d9d5c98ba71df1e680b936	elming	habash
f55bf60fa2ffe82395e859fb9e2e89015da349c8	bergsma	lin	goebel
edc5e6f85dca2dd16feed457c87ff6b83bf16508	bjorkelund	hafdell	nugues
7deebdcda579836a29572aee2f066a12e6c8df41	christensen	harkema	haug	irwin	chapman
02c6edb92d9e177ed74eac0afe675b97efb2b7c5	tan	lambrix
f315462e88faa4c625646393865b22a4045cebf3	stevenson	guo	alamri	gaizauskas
69672bd4dd4dc0155f9deb0e48e555fc42b7c744	kaljurand	schneider	rinaldi
34607b4ecec2c7c20fa9d7a7fd2c90ab0ca9083f	cohen	verspoor	johnson	roeder	ogren	baumgartner jr	white	hunter
0ae8819c1468177265f502265fddd77ae6c4820e	zhuang	huang	hasegawa johnson
7171a67ca2f538ac8b8fb62f10eff8b9e4b1684f	van der plas
107c0ab149ed8c34424463fddb1bce40f65f4405	langkilde geary
bde018c35d1a797380701840fdd365483458ba92	montfort
8ae3e7c94bb2737a5ce806f887b8b62780c7ff29	goldberg	zhu
c5710531ebeed0e9d261450f5a4eedd1569a3bdf	hendrickx	daelemans	marsi	krahmer
6a547d8629589c21ba85ff9182f255fdd6933e67	schuldes	roth	frank	strube
1f5dc1b42cfcca0c15cedc8d4789cd17c4575f75	belz	kow	viethen
335dee2515f0eae9775475e9f10764ea6d84729e	kim	kan
4352bbd2cb56e659e3fcc148d998976a5e933f35	hladka	uresova
0f1970214a41413ee1638c40fc0584bc98bef6ea	baker	fellbaum
236abcdf756ad683fb563df22e0a45459758f25a	oza	prasad	kolachina	sharma	joshi
3e9148d8c6724ad5d66d247b14fa3b0ad19c3b34	kordoni	zhang
ad78490de7a38121efbec732de3640bb60896fa3	kirchner	nuger	zhang
db5940ba776f5acf30fb8f58b498885131246ca0	goeuriot	morin	daille
47fbc70a58e0ee760a49241f0649101a63d909c0	liu	tien	lai	chuang	wu
a4ebc3ebed13c30b6729690f220a6ad6cdc88b61	ghayoomi	guillaume
292a4ece480bcfcddfc9dc625f57f9672daffb81	roxas	cheng	lim
25f1fafe6e2840cf77ccf8ced2ddbaa6d0b00414	jansche	sproat
07e8cae9c12b2d692c0767e04254e3793765d8bb	aramaki	abekawa
e156e6a2804b2d41e64f74d413a5058c252e83a0	das	ekbal	mondal	bandyopadhyay
3127d3b1245a85def0f1fa9b8b2bbf4653cea2f1	khapra	bhattacharyya
1b060664a53d8feec11ce494b424f47315bb3130	malik	besacier	boitet	bhattacharyya
a5282f729c3b018d5b3326fa8e56ac2421bfe172	merity	murphy	curran
8f03655ce0c0ea7f640be886807f525f0c9f1a50	bos
89dbb817c06ff29bfc2bc9790b1a7af23374aa11	spenader	lobanova
f981ec0efe639c2eedfd59771fb024f233bdbc24	le roux
6d3e1c2db206d54c91e15f83f46b07a6601fcae6	seddah	candito	crabbe
075942d047d2e2b549f58cfb82b621ff6febba3f	bonfante	guillaume	morey
e4738c8b41a45845f3c34f2f73b2fba45d5532f2	williams	balakrishnan
df26102fa53dba696838a801506cd0181c8b3d15	hu	passonneau	rambow
56dd47ee5d7d6072e970aee05018f504c8c5fbf7	mccarthy	koeling	weeds	carroll
c6db8225161eebc2f2f8c7f5c82a1a12efe48ce3	tam	sato	miyao	tsujii
3e771b09dba09603bf416bb67ccd57644e56b25b	stoyanchev	song	lahti
4df1de025f9e93b676182cac8db9fc0d41ad0de1	pizzato	molla aliod
fe3cb0c53c526567e18569dd3c9fb3e66f93ed85	rao	yarowsky	callison burch
5ff9026c254d26c4c66c3eebe793680c2e3e8921	carreras	collins	koo
d7ae13ad4d1383d4af3ba2feb54bdda1a00ac861	kate
bef495a72a7fcfbbfdf8316253b39d15c3e8bc7c	misra	cappe	yvon
bcb6776fe81d5edf45c24a4ad1ed640e174275fa	connor	gertner	fisher	roth
2d0fe2c6ca588323d1be4466d1114882ff5b6ee1	schwartz	gomez
9aa5f1ab2639547063190ade80fc52407c3f62a8	nguyen	shimazu	ho	nguyen	nguyen
6d42e405d9b7270079eb33e228141de9d57bded7	filippova	strube
f909024c2fa4545a6214e8aeadcd3dc90cfa061b	kelleher	mac namee
600c28e993851971fef612e37e9eb93c0b7492c9	galanis	karakatsiotis	lampouras	androutsopoulos
d9b25549ed06a399b5707808a32387b81b318a15	hulden
f5e47cf3c84b8e1614d063d19d28e1d4a405a620	miltsakaki
38a24b5978f49e3696bfbc35ffe1d7752a9afd06	sankofl
547f23597f9ec8a93f66cedaa6fbfb73960426b1	baker	fillmore	lowe
3fd6bd972712425bec0db99c67f624791240317c	brun
5c3547fc46664dfeb021a844dc1f1a457c7e5cd8	elmi	evens
13e22d15451a25ec753bb5706d8851316f3ff878	evans	weir
87f09ba5b9fc91b2f0ec90406b41fdd26359b812	hitzeman	poesio
4ff4c46e9dec9e58ab2a775d1f5c46006c5b9eda	jing	mckeown
64ea6b4fcc048e128b2aa8794ee2be379c0c415d	johnston
28fe44e8fbadfda7e225e0fa67b30fbb2119e5c8	kahane	nasr	rambow
cafc8836c3ed6e511cfb81e7cf9c0c018237838e	mohri	pereira
e694fff394731ffa762d4678723c574cc09ea698	nakano	shimazu
fce3f58fd20877ff5c42738818631ad0ec26a7ee	popescu belis	robba	sabah
28ac8f68df97220c7078c1caedfe2f330397bb12	strube
08f543031da43edbf0f3fe91cb6b5461a788e85b	worm
9dccaf6ea0fa19772cf8067295b16df3eb7b4dda	petrov
980ffba18d4f7ee642697351f2488bdc818be522	pauls	klein	chiang	knight
794e03473140760db0681fda938fad93e6d159bd	gamon
4ea4f6200a919451d36363fb6f5c6cbc9b555195	ahuja	downey
b9c20eeb97baa7776f60cba2708a5ad4111c53c4	su	markert
ddeab6770134141415e36d3f0427aea11bc62697	beigman klebanov	beigman
f8783de1f6831bc29cd273f1f1468f21ac94e954	cohen	blei	smith
fb37fd9120fde7cc03cfd05a422bf59c97a27bd1	kozareva	hovy
5910ed62028ae8e1958a3325c6a057cd70423649	el desoky	schluter	ney
fdc61e4429d74821230f71dac257f83e41c8ab43	green	galley	manning
488c9fafea979de353df82a68cb41d82494b4cae	ceylan	mihalcea	ozertem	lloret	palomar
c108531fbf3218787cc9d779d3c06ec9e92c0e10	denero	kumar	chelba	och
fcf00320b3fda525968307efa08d2a6882d4ceb5	goss grubbs
a2723c779af606521398d5a47e46b415f7179c06	giesbrecht
be4f6e467cff26d848ab7698187b0a694000f6d7	shezaf	rappoport
af9c5653efb9e2d08c23cb26c7af5e5dd1f50e4c	croce	giannone	annesi	basili
f54b729eb1c4e30c46efde4f7fe9a6f54918ba2f	kazama	de saeger	kuroda	murata	torisawa
581cfcdcc17eb87125226997cd2b4e067218c577	celikyilmaz	hakkani tur
4376c9712bae2979b7f338e76d3135eb5142bda9	heinz
e4493e77bec26bb5a36e940895dec1960369dca6	yamangil	shieber
5cfe9bb78fa50955be5a99e6966dd5ba5b4d4f80	wu	bachrach	cardenas	schuler
a6109618caa42b7318884b5418cec4c8c06a96fd	sammons	vydiswaran	roth
f21d4c1ce87e0d4c304166bc46cce98678e789e8	mirkin	dagan	pado
e143cb6d6619bc56cb9c4b70467d7d8e68186821	gonzalez rubio	ortiz martinez	casacuberta
ace4eeebb008eca2671a1c50121106f5debcda32	li	li	li	wang	qu
c004bf7ba0e03ea0fe8c71f82ad24be6cf83504f	ju	paek
f25d19ba09f9fe942e4e9458d54176caf9842994	vickrey	kipersztok	koller
d13807bffb74f898c7d8b1860002d2cb0449f68d	li	sun
3cb58c4c5e79b6465d1709687b282138a1d463fd	wang	xu	li	zhang
835571388c1415ae2d039ce34a9ddc30acde340f	rush	collins
fee85729f6edfca382ce747b877bda307b6145e9	shudo	kurahone	tanabe
457c6047e2710feba5ac901de97a458e64ce4b92	ott	choi	cardie	hancock
aea11378ac0d9a85e5278bc92bfd39a682eb0613	benson	haghighi	barzilay
1a6c5a1d99ddd1de0ff0681e13fd73f9771cd2fc	sun	grishman	sekine
d48edf9e81653f4c3da716b037b0b50d54c5b034	hoffmann	zhang	ling	zettlemoyer	weld
d82bf4ff133d5d991de7df4e7b32440d9903cdb5	chen	zechner
c64333c7c770dac91682aefcc58a432ee5bc2d95	rahman	ng
71b4a16fb6978ebefebde80cc7fc198f2a12ad28	liu	wang	wu	liu	li
38a3225d83685937c60a3b4d80804f5a5c718bf4	liu	haghighi
4c0f871bb4c19ec525cd895e2144a4a232aa69a9	watanabe	sumita
57720f21645856af306da3cb94238fe296574896	macherey	dai	talbot	popat	och
49ee14e1ccb0cda702f200ad006ccdd5a7b41111	hovy	zhang	hovy	penas
c0b353701dacd7869bdd42809635f068acd6f50c	zhou	jun	liu	cai
28a418253205fa24ac8d16dca0ef9c8ebac3beb4	kozareva	hovy
fdf4895f4c7a4df1823de277632c4ebea9f50f4d	kiso	shimbo	komachi	matsumoto
c16eb0cbd2caa1d9c85bb365d7ec3aca9dc6332f	bittar	amsili	denis	danlos
e20dd4d92c7fa6a289da47464048c728c5c9dd56	clark	dyer	lavie	smith
bd6f885032e5324fa64b488a10e468d583b3f1fb	uzzaman	allen
c384adddcad3a017f8dad14c9847dae0e6dde323	hewlett	cohen
7476d0013408d70106e65b39a42df4f71ff557f0	qiu	huang	liu	zhou
b3e3552caca4a621ea16273e94d48d4abde43503	suzuki	isozaki	nagata
a72cadf290d5779bc9838ae1dde25e4cb76a0566	petinot	mckeown	thadani
b891549fa7274ebc33dc2e0b52de920675b3c9d7	ploch
63d8f9aa61138c2225e51d7360c2a1b4feac5831	ytrestl
09ed02b87e6219ceab87d1b75fde6c8f7f2994e3	friedberg
2e0264c4a6b31f1032a4079b7f259d07d13cf4d9	schafer	kiefer	spurk	steffen	wang
92266ad5bf1aba1257053d805df40a599fe99205	alshawi	chang	ringgaard
62b3b3c1036f15a88c3ef04daf69997a4c7eb625	vlachos	craven
c407adc375a5df2975f88e8c6658acacbe08a97c	arora	nyberg
a03d2f53cd9938c595776dd41a62c515bd3dc060	schoenemann
d63525f3a4be235fcf28e071c8a518749e385c1e	grouin	rosset	zweigenbaum	fort	galibert	quintard
a12e9956603de945071f18fe5dedf0648fc0783f	mason	charniak
ad890a3ac524282d54cfde9f2fb1fe37e7912ba7	peterson	hohensee	xia
8e3fd10c08c36a930abe54218d78f20d2a87e888	schuler	joshi
d7a753b3b733cd098ec29869a09032b637096af6	crysmann
055e8f573d32ed3eca74015de4d0825abf86486e	meyers	kosaka	liao	xue
1d358588e5cccd75d9290dd8ab669e85b43441b5	knight
d4080401492905275e6faa12ef3adafaccd29203	dela rosa	eskenazi
cdf7f68cf677be0045123a87329115f4b765c288	huang	chen	huang	liou	chang
67ab6b7017264f5e5ec68d2a3c185aac70eeeb5c	olney	cade	williams
feb081390cd35b662357b9129c600e01e548f8cd	ward	litman	eskenazi
922786cedd9756cc598bf6569a455564e1a3dddf	mcclosky	surdeanu	manning
ad571941a8f66e10bfba87439e52646ebd43b8ab	zhou	li	huang	zhang	wu	yang
a13743237e9d8b320baebba1daa6010f82991ea4	lascarides
404a7bb70a535de4ac3edf79543f00293523d486	devault	leuski	sagae
f6e976d662d69f37e2fbb642db0b5952f0abd940	baumann	schlangen
56fca48ea274d1569c3c46198064b4cd7a3c2076	woodsend	lapata
c51592b839bb73317b16014919f62c675428e654	pitler	kannan	marcus
a563c6f1564b1e6d1a643c544379abf5069f8000	dahlmeier	ng
3b527be9f9b7ac29f18f32a8f9e9ff4fa5231df0	mihalcea	strapparava
4dede6ead7ba5c85c6ce8d6a0bc53a8f9738a782	kummerfeld	hall	curran	klein
eb29b0ade1984b8d8bc605f506a8f6dc49893f94	singh	wick	mccallum
7db5baf284deb1d71bc1934add9aeb25874036e2	carter	dymetman	bouchard
e55e5df3dd48e913d9c2a1704a5c1bf6d8e5ba1d	tu	honavar
595e36d16e25c0c04d0eacfe6ec0402721fe1b81	navigli	ponzetto
6390ae400a61ff367e4f4778a1cc7bea3e24561a	roller	speriosu	rallapalli	wing	baldridge
26b673b827d52fe38a65792d1967d50b9f1b8382	tsarfaty	nivre	andersson
253e28922dcface478c43fee9e33ea1137fdcabf	kaisser
b630e74c399b4b4217529b5aace43c627ce918da	klementiev	irvine	callison burch	yarowsky
a0ed80f553f3a77a5b17542507bfc062eaf2c900	dinarelli	rosset
261149f149bbb812632402c33b29f9b01cf794b8	sipos	shivaswamy	joachims
df2d81a27743af801c8e8c69fa68b9a610a7e0c0	gonzalez rubio	ortiz martinez	casacuberta
aec878ecba20af946a61f4d3bc4193338d35887e	huang	riloff
a6349582257d500a6b07be09a1ecc5b5ff9ed06a	chowdhury	lavelli
c73cd47ff738d39520703ede9f5cc2969f4f4bc2	sennrich
58fdacf0d40ddcb304536992a04fa2000022d8de	alkuhlani	habash
1a48d77b45824cc1982abfa7750f84f3079e930b	ferschke	gurevych	chebotar
a6bbb67a4993d0aae9bcceb5de461196314b79e6	lopez	prince	roche
55022b6104ab31ef655441f1670b902ecca2f361	hammarstrom	borin
2ad0f706990031a5955e7c641e351d1eb6ea0c93	surdeanu	ciaramita	zaragoza
8dd8442b68228a0c23af40e5319f0ea43c58b52f	bayerl	paul
62c946a9df271854460c26d1a2ff05919bab2690	lembersky	ordan	wintner
511052cc578daf30219bed58a8ebac795c0fcbaf	bergsma	post	yarowsky
6235605746267788fa3635fe55856b2d81d1c4ee	chen	metze
e95353d65cdad3ca73e6e70634f1964bb14e31de	angeli	manning	jurafsky
89ec29aea244e5f81f7316c5f8d565bd61429374	tackstrom	mcdonald	uszkoreit
3c1d61591b8d1b80e6126f3f2e286f5162471156	riesa	marcu
86031fe45c9908e1a951456c33ff4462e22a5039	mohammad
cf42f1c29cd54269f9e38cd281d510bae11fa111	yih	qazvinian
53951c899c0aadd726f79c1b98706f958a199ea7	kaldager
671b32aa85cbf15b36ca05cdc7516549b043b168	duh	sudoh	wu	tsukada	nagata
cfdee3124ebcac0173bb429ab8f7a029c9570dbf	abu jbara	dasigi	diab	radev
75ff8108db27cb43460c23de4deb3423a875a4f8	yan	lapata	li
066f11467e857bdf546d7fa4e0f9153fa8fb5dee	pitler
1d96469fd34319bf5ef7761fdd8cd7f9a8c7dcbb	yang	xue
b2b49a4c32774d03ee1f7a49ea8b2fd5e7508bfe	xiong	zhang	li
e4adb6ce787ffbab561bad6484130e7d0b3b3797	sahakian	snyder
33f3eb3a143447dadeb98914c74f1d9bb88a62bd	guo	diab
bdc4301e74f69395434dbb35137c554822a6fc21	labutov	lipson
26b8d6c1fe77c4b259eaaa03ac55657ca0ec378c	williams	katz
a89c14364fc184d735601e620348d366869640c3	zhang	chiang
3aa02a820ac94bb9387ab1cb6e00ce9aef53aa2b	lui	baldwin
c2f6dffa87b43b83caab964c620d36c77ddc7b86	chen	huang	hsieh	kao	chang
2ad7d42ab5c3b442ff8cdb61e5db9b5ed046f9a5	moschitti
17ef972818a3a6e95f07334f4fa30cc8f093b82d	baumgaertner	fernandez	stone
1712a1fe73876f43b3637ef6490b57fae98e7b54	ganitkevitch	van durme	callison burch
5afe9a3e3a7bd1f863c96fb3df00b8af95d2a4fe	sokolov
37ec39e39cbb705a8c9ea78f0957ac329d4ca1a7	glinos
20c4d88b1b3bbeb382985166b8fa267440197ff8	croce	annesi	storch	basili
692cfa0b89d015587fe9b7820b70325b8f82ea31	dinu	thater
0236eb203e050eb4883a7918d27ffb03e6986fca	jha	a schwartz	ungar
1fcd3ae8340d3eafe059d7018290f3c47d6f9a0b	federmann
6e83aee94515eb435b4f29d55c12c8c0087c289e	mayer	cysouw
7f287b5798a86e7a2194bde6611a884cc179c25e	list
bba3d23669dfd15c24c3094ce52daba3e55fd427	hauch	blandon gitlin	masip	sporer
73fd51efd897b86f405bcbc07d10cbfbec54fb8b	fornaciari	poesio
b30a3ddc69814ba1459e8dc4f62c968b620e4a0f	dinu	niculae	sulea
9076183dcdb28ebb3e547f7ffd3f9d5d0faec531	khan	gotoh
b40818bdd90b7f51cb74e065a1fb0972e94406b2	leibbrandt	powers
b4f230a88e09bd1d577dee8a225d1d3863d99a3b	purtee	schubert
c7063aa2791132b9d2d65d75cb83257b75d32e74	ashton
59bf62f4634768845a556cd420c93ed5d093649a	ellison	miceli
f0196323951558f251a36479d8a0a310658eac4d	hall	lopez de lacalle	soroa etxabe	clough	agirre
e70c43609f6fc78acf5c981bcefda2dab1576b6e	boutet	martel	blondel
5d97c0de30832d5e828c4b779f99b0d3f180727d	lefebvre albaret	segouat
b3d24934b4f7facd35a506475561a0f1e185ef82	gonzales preciado
9a37345e292097a3acb223748b6aa478ffc400b4	duchier	ekoukou	parmentier	petitjean	schang
a2095e95a828759311f1fb16409ebb95cd73b272	lecouteux	vacher	portet
38049109d8f6ecb93d5137191d6d5178f7de50b2	aman	vacher	rossato	portet
b444082f5253ed489e2ce1f905971f6bb413cf0e	allman	beale	denton
8c14c4ad39f3e006fbcdab8031ebcea808ded8b8	zarcone	utt	pado
9b1f2e408885ebc3b1f9790d94ae0bc9c71535e2	nematzadeh	fazly	stevenson
a471fbbd8638258f127bac07bf17f1ada0e3d01d	gelling	cohn	blunsom	graca
72bdee81abf5ca5f88ff66e009ee38af866ca2dc	dahlmeier	ng	ng
0e429a43ecc59535aa0c447361c6b0ef0b9f2bdb	rozovskaya	sammons	roth
f0cce550a3729bb78a82bb8466feef796fd0d3c4	chen	tsai	hsiang
18a77f81a98a811159e09c127b82c68921ffa2d8	south	shen	leng	forbush	duvall	chapman
6d512066d8359880c675fbf6d0f48692d4bc9ae2	roque
dd63999e0a6c141a438d0158c2a0df28c11af31c	mccallum	munteanu	penn	zhu
cf28169234e32311d6a90ec39908e3dcbb54f62f	avramidis
ae946b252bf1d58a906935f2f4a8bb7fb9e441f2	buck
685577ccc5677d651eacdea0cdf6ef2b51e64766	moreau	vogel
996b9bb9b42d044c328d96718dd78568238bed02	bojar	jawaid	kamran
5d0a82523347629f9f65a539deee4c7af7329381	denkowski	hanneman	lavie
ee5af3ea5cc91c966b8ef55f81f2d9f27600ad87	sim	smith	smith
604078ad2a6a97a80d0de641e6ae90cc33f8ce82	luo	ji	dai	chen
da039dbc849c4e2ec1b0f2b324adb38dc45989dc	riedl	biemann
86a0c081b11275806cd675759d6876ac7972f489	cohen	goldberg	elhadad
fa151b76fcc02467ae3f0492f8d6c4b5f96ee577	acedanski	slaski	przepiorkowski
b2e761fc32c610f3bfb6579e385e2b2e2ecbd0b5	smith	lee
e55a4a1bde215726969313368afcdc1d57777034	reschke	anand
c2a6dc38bfef3eec09378d4f1daf52860f7d79b8	gunes	furche	schallhart	lehmann	ngonga ngomo
ab7d5452f8169e28fa61c001f47417bdd96bbafa	nguyen	ock
1a5929e0f044592ec382c32d82e1fcc9c5d771b5	arcan	federmann	buitelaar
f1144e7f31b876453c73012b20843b92be818205	kuo	liu	jiang	lee	hsu
3740a511523e460d4038c14e3ee94a0f6fdcbe45	zhekova	kubler	bonner	ragheb	hsu
3f7f6a5a990fc10a5b78d19b4967751ea1a7bbe6	novak	minematsu	hirose
8e216434ac6310f63c0e58515dd637c598b60042	ciobanu	dinu	dinu	niculae	sulea
d0eed670a33bbdfd21baab0209e5e1d5f4f49742	wubben	krahmer	bosch
a7102ea0bbf675d18d6a6bdac261e0199b7f7274	yao	van durme	callison burch	clark
8637c71189002623f96b7527d1f1dcde9c7c4dc4	celebi	saraclar
1195bd0c86c7758a73aa0c7112e1405a12868028	sayeed
de7bdbf80c80831c9df8b8f82dd002fb91bb439d	preiss	stevenson
1e83c2798e87b9d84a8281cc3e9750c948d62cb3	dyer	chahuneau	smith
082bcec29d021ef844736565277cfc3a0c9c3c43	irvine	callison burch
073baf7436b91607356bdf62fcfe7aa627331777	cohen	satta	collins
9261047210c8a5e9c89b36accca3ba21c6b122cf	ma	mckeown
24ca4716b49f4dfd76eb8d5fd660fcb0d0da7f06	zhao	huang
471986880bdc1ce94e6e8120cb81403c2b3fca18	rasooli	kouhestani	moloodi
b2f8b50b06a2d9f5f468b80338f32ba0ec43fb02	zulu
4a19612cc1e5a56796749b8beaad7be4d66d3af9	lehr	shafran	prudhommeaux	roark
27cf5a830dcd2e105cb3babbff192043c8f5e1cf	cohen	stratos	collins	foster	ungar
93eb4f5317f946b7691dab7ef1af43882716f812	durrani	fraser	schmid
cb783b86593baf30cd30fe054f557194e760eb47	matuschek	gurevych
21b3007f967d39e1346bc91e0fc8b3f16121300c	regneri	rohrbach	wetzel	thater	schiele	pinkal
fc28ffe7d7aa203abb958bfde59cb03968a5b32a	goldberg	elhadad
b0eee2a6aa644b7a38152e58c897f71680e3ea67	fellbaum
aae01fd0efab4ec60d92eb7233d10bd573ef67e8	conrado	pardo	rezende
a877c6ce4daec0721e0d2f226ebe8e27355835da	snyder	knowles	dredze	gormley	wolfe
6d9c315f716f3527b0e09c94bfb7870328a91ef6	han	l kashyap	finin	mayfield	weese
e1dc116a0d89e0f638ca21e64ab3cfe34102a62b	barron cedeno	marquez	fuentes	rodriguez	turmo
305e36058fdd758981e566739446625f2a5ed1b7	salehi	cook
7b51c183da0e7de6757a269d83dd9afad695ac3d	strotgen	zell	gertz
dfd0b255bcf31014b1702ac4973eb11ff4cfa441	kolya	kundu	gupta	ekbal	bandyopadhyay
5c1c6c06f95944b819651e62042c6c1be953c580	chambers
09311fef1c773ee0df5f02d11473018f21187177	van de cruys	afantenos	muller
a628d782e39ef5ce2d546b36d386abc9e5a5e064	dzikovska	nielsen	brew	leacock	giampiccolo	bentivogli	clark	dagan	dang
e6aef043a873d32106129b65ad3a180cd8a5fda2	reckman	baird	crawford	crowell	micciulla	sethi	veress
aa1438dcaa61b4600c41d02ffa07d51f37473abe	ott	ziai	hahn	meurers
1c5fe949b0e172608c90a62f54cc57c2e99a6148	prevot	bigi	bertrand
6045b079fbe2c97d394214b50059c61895639204	stoyanchev	liu	hirschberg
ee2f956b0e5bd55b8b4bf696aa50a585668b4906	hastie	aufaure	alexopoulos	cuayahuitl	dethlefs	gasic	henderson	lemon	liu	mika	ben mustapha	rieser	thomson	tsiakoulis	vanrompay
c6bc065d25abf8342cf7367c5f885e6543e03319	ha	mitchell	boyer	lester
a2276bf62123481d6b208564abe62e1d4157a08c	bhargava	janarthanam	hastie	deshmukh	aylett	corrigan	castellano
fbeba04040946f0201f74055b57148913d21eb03	yamauchi	nakano	funakoshi
c624f625c0f717928e52fe75ebd2060334364203	meena	skantze	gustafson
ec13adebe90a879a3d4e4c9c029042ade5653640	banik	kow	chaudhri
35aa29cd9183fca6ccd7d509500083c7fc3a54cf	howcroft	nakatsu	white
74305a6fb4b73f4faa7e6ba12f6b64b7581e79d7	gatt	paggio
3839fb041c3698dc93cb93803235dc6d05c81bcb	lapalme
bff5f0785ac1daa2b36d4a77fb8fa1963e97ac92	agirrezabal	arrieta	astigarraga	hulden
e1e8ec02bfca20ebe030f61dd94ca340ac5b0c67	vaudry	lapalme
12cbf917b9ff1d6927555f74203c9b656e841d1e	bojar	rosa	tamchyna
04ade8d0f5d563126f446b558dd4d1e7388eaf2f	huet	manishina	lefevre
09bd7a01202263a130bc2562452feb31b92d8389	rubino	wagner	foster	roturier	samad zadeh kaljahi	hollowood
fbfbee5fd3bbb5e1295bf04e2139f38c27c7f782	skjærholt
aa3085f92a9b20a30fe9a07d7193ff46b6b02da0	rak	ananiadou
b034eccb6dbf2dbac266840dba2e5b3246867ce7	cohen	elhadad
bd8bac63151edcb4ba44cee5f87423c382e43d66	rudnick	gasser
dffcba6e7cf2f680bc39430461bc188338690514	berglund	bjorklund	drewes
6199a1997612f92ef8727f97a7c44b282c2cd124	heinz	lai
21525b2f4db1219b1f2256c964f5baceeab6dffd	johnson
c4ba4a4bc313a93850091b0b17ac27e2fbae569e	li	forascu	el haj	giannakopoulos
9dda3b1ec5088d1d2f88be09587ff9aae0dc9682	sperr	niehues	waibel
adaeaf18fc9da2dd49695059755bc959342c2325	moen	marsi	gamback
15781aa355315f5b088fb58a2447ccc426f7b01b	clinchant	perronnin
cd96a6e0b6bb099c515be8770764d2fd18e7b878	kalchbrenner	blunsom
07d4fb5ef7555b20cdeae37b6a6c51b0852e5846	guillou
ca7430b99b10f5d0a9434918eb65505f5c53d473	korvas	diatka
01fa67ac73e0e1de98b5ad22cb88c48bc9d8cc9f	he	gillenwater	taskar
019933f4b4b78346f9256849cbee4c30387f8174	zheng	vilnis	singh	choi	mccallum
139e73218407a31b62cd008e4e819a4ff7d6d700	wang	blunsom
f8f92f791d67883f77525c5aecdb7b10b3488b29	ng	wu	wu	hadiwinoto	tetreault
6ec09ec28e3519975f2868bc5191b84342e18870	jia	wang	zhao
f1e832d7cdb2c9a33e25752bee84771457eadde4	kunchukuttan	shah	bhattacharyya
f18eb72bbde7c657095310200d5a928b29712e0b	king	dickinson
6cae60d69ebc0d7feb6b50fa83f23f6a300b0c6d	daudaravicius
3fcf5ec992c50ccd27d04a5e0fb5d804de1f8da7	beigman klebanov	flor
c27c93b036feece6d0fb070228007b7a912654f1	mohler	bracewell	tomlinson	hinote
7449d140d482ded6ad2825d461aa8933d9331dd4	strzalkowski	broadwell	taylor	feldman	shaikh	liu	yamrom	cho	boz	cases	elliot
b7971672c12f60063923bda798833bcbf3f6801a	moreno ortiz	perez hernandez	del olmo
0e68fc0acd86e47e7882416c63bdedc323907517	roller	schulte im walde	scheible
b7c230cd358c2de4944c575c85ec334df4d5292c	eisenstein
56a59cdda81bc697ea933cccb727accc58577a56	vanderwende	xia	yetisgen yildiz
2a78bfc096470d4e68a8e221b9285f427797d991	brooke	hirst	hammond
77727365299413c51d85a0a7848bbcbbcce824d4	burstein	sabatini	shore	moulder	lentini
db22ce6894d2319132dd9a465262bd65f99c71af	escalante	villatoro tello	juarez	montes y gomez	villasenor
cad50bc232c4f1577c52cb06ebc7109892da02a6	guinaudeau	strube
739015190852b999a44b346663ec22e523526c9a	zhang	zhang	che	liu
df7fe4c5d1a375bd3dc5b62d9bdd6ae10f6a6f6d	guo	li	ji	diab
c1d009cae25b0d5fd0e0c2268df00006b9450df0	zhang	barzilay	globerson
74e2e86c669ca0e4273cefd7f79d0879f163dd19	tratz	hovy
f487c68b1970cedfdd53a534830fa2c85ad2ed07	de benedictis	faralli	navigli
65e15aa9ad61e568a54857c9a7362ee0bc7b6d88	quan	kit	song
6a6cecd75818f15e9814ea7bf137897638dc7139	boros	ion	tufis
78f8901f907e1b2a6ceff139aabeca5a438a12b4	hermann	blunsom
e8fe08c7965921c1f0b9f17921f4a0e996f36401	scheible	schutze
257cedcbbd78a9bf281d758a3761f897a7a73f1c	liu	lu	jiang	liu
7ed8b27291103b782fb735a685335f2d4a39931f	beigman klebanov	flor
e3a77b604cc714df59c506b26d3fd2224d346be7	zhang	baldwin	ho	kimelfeld	li
7c09296d1e4f2956d0b86af83c41cabf5b0a4980	melamud	berant	dagan	goldberger	szpektor
5d6b2844c17c4f2e7d4c24411eb619073223db15	recasens	danescu niculescu mizil	jurafsky
ff4157222432c0f566a528a1425648673e9057db	yih	chang	meek	pastusiak
d1fea990f5af8f97b7ac652327284be8bfa27013	sajjad	darwish	belinkov
10ce58375314f90f83ca3bb88840cbc67bf8050f	he	liu	li	zhou	zhang	wang
5026e6e570a62ed0244742306b24ce9276b0ee19	gilbert	riloff
e3859aa606f27a31e61c85273862e77c2d07624f	hagiwara	sekine
91162f5a4ffe7227d1649c823d7c1120e550f51e	braslavski	beloborodov	khalilov	sharoff
33a43c9534418a4e0fbd8fea80b33c43883759a7	zhang	gentile	augenstein	blomqvist	ciravegna
a8c036b8fe854cc08b6931a8e8c43c0bc2d2abe6	bazrafshan	gildea
debae263811ca372354533a6ba7913061148f4c9	tomeh	habash	roth	farra	dasigi	diab
e3704086f57bdda37723a49a70a28ee4dbf701b6	duh	neubig	sudoh	tsukada
26d061ba705b850bcb7e857c549f21d6badf1f42	bouamor	semmar	zweigenbaum
9b7696b69fb61994daa83e9e089b60fcefdbb234	akkus	cakici
f1b4e9ccea901e3256f0e45c831ec856ecbc969c	ogura	kobayashi
cb9bb57578d6759fcbbef7e436581ea45f08c367	cirik
cc48491d5526eccf81e6883090961e8004bbd289	dusek	jurcicek
08d8ea305a3a7dc084f1bf30f8e0a5168aadf650	lamprecht	hautli	rohrdantz	bogel
f9a0cd1e0bff75507f0290b196c8e3eff5c3d675	hardmeier	stymne	tiedemann	nivre
7a5b3d20b437c73fca5d6a2cd3c29f0aa7cec710	rasooli	tetreault
5cb655df520c00746a3d44fe3b3be48014b0baac	lerner	petrov
8de4164931eea9c4ebea42091e31e334e9acef11	hou	markert	strube
4d47cc69c22a703cc0c3660db3273b123cf6db84	hangyo	kawahara	kurohashi
2e174c368e4c58d3cf9e792c1c778621ede39a09	ageev	lagun	agichtein
167ad306d84cca2455bc50eb833454de9f2dcd02	auli	galley	quirk	zweig
368633557ebc054bbfb44046a571fa6fc22de43a	xu	wang	zhang
c9eba6cb547421b5c40a0fd97fde409cacf8ed46	wang	zhao	wei	yan	li
4f5cd4c2d81db5c52f952589a8d52bba16962707	weston	bordes	yakhnenko	usunier
f44cbb22fe79a4cf74b91ede038bd60e24c8567b	xiao	guo
317f2c306eb616ec20e3c52773ac2ce94bb54806	li	liu	lin	king	lyu
9fb7b89164276b5804eb013309a899fcb0c635df	chen	mukherjee	liu	hsu	castellanos	ghosh
51c8fd070a479df71132b43768d541159f80a2b0	sokokov	jehl	hieber	riezler
91e4ba886ce779a6e80a3292ed70c5386c5e86d6	balasubramanian	soderland	mausam	etzioni
cf76c1da776ac22c1a55c41ee472fe3d1e1e2b37	jindal	roth
34cd587d1e7c871eb0cd11437629ce62cb4ffd94	scholz	conrad
93a3f13500aef890fd2e97a91c314d588fef9630	bhosale	vinicombe	mooney
0032594cad315f9d42dca406f6c03b78f6185cc5	ballesteros
1bd1b8e5d21727377ff07fd751d9fc8c22abf2b3	sulubacak	eryigit
