404a7bb70a535de4ac3edf79543f00293523d486	David DeVault	Anton Leuski	Kenji Sagae
728d0d23921c83644e9994d038a0690244a3373a	Pauli Misikangas	Kimmo E. E. Raatikainen
9d6beacab762d2c177c37d355cebfe6f3abb0187	Nitin Agrawal	Andrea C. Arpaci-Dusseau	Remzi H. Arpaci-Dusseau
fa95c114361d0432da2e09f3c04f147e11a2afe7	Denis Zorin	Peter Schröder	Wim Sweldens
1e118cf0b14ee0b9c30b25b0e7b519f6092f9a83	Meishan Zhang	Yue Zhang	Wanxiang Che	Ting Liu
73e740be3313ea47f870fe2ea72a55853b656dc0	Anthony Lombard	Herbert Buchner	Walter Kellermann
dd4ebceb91e7c19fba7e6db5a2b8f8cd33cb9c23	Vijay S. Pai	Sarita V. Adve
89f99d34f179495a1f42a96c7b540e3d158fa18d	Tanya Roosta	Shridhar M. Mishra	Ali Ghazizadeh
0b8ecf769bfefc5daa0ca2cc2c8b097bf34c90a6	Rong Jin	Jian Zhang 0003
3885c7d8c0155d3905f4a0a3997c0cd28c7a649b	Sylvain Jubertie	Emmanuel Melin	Jérémie Vautard	Arnaud Lallouet
2696009abd88223e8164f8c22bfafbd93531752e	Jun Xie	Yu-Feng Hsu	Rogério Schmidt Feris	Ming-Ting Sun
acd2e3e752258015c367499bb81ce1147e92575b	Partha Dasgupta	Zvi M. Kedem	Michael O. Rabin
027fcf15d4741bde974a127207f28b031536eb1d	Salvatore Ruggieri
d74756a4860efe80314a2146bdff94a37864f06e	Chikara Hashimoto	Sadao Kurohashi
a2d2fee242513c52901ae26486081de08b6ae79a	Daniel D. Suthers
450dcb127df546d73710701560b64d984382fef2	Long Lu	Roberto Perdisci	Wenke Lee
7d2d5bd3d7e2ce9de93f22867f3efd0b0a9f593e	Mitesh M. Khapra	Salil Joshi 0001	Pushpak Bhattacharyya
8120313ccab66b53b9ae2f7b1a2843c6a8f2c4ce	Oliver Marx	Markus Wedler	Dominik Stoffel	Wolfgang Kunz	Alexander Dreyer
b734b6ebc374cadb8d88953e70cec0e1694ecce9	Shunsuke Ono	Isao Yamada
be74bab0aff76812fb76a83314eaf5eef4ae0061	Kalpana Seshadrinathan	Alan C. Bovik
aa69e40b81d280de2d3fafc692b419386d508bcc	Ayrat Khalimov	Swen Jacobs	Roderick Bloem
91ce0278b451047ed286dfc80532bbd06d6efbad	Marco Di Renzo	Fabio Graziosi	Fortunato Santucci
69bd843a037f9d8ed47d1e45b6c458ed836c5154	Can Erdogan	Manuela M. Veloso
a11513ce3256ebea0eec68b38acbd8275723050d	David Price	Ellen Riloff	Joseph L. Zachary	Brandon Harvey
3004e39a7e3139b3094e09c8b3b474a647f270bb	Andrea Cavallaro	Stefan Winkler
ae105483b9f227e92e21bab6002c16775f4dad2d	Shoham Ben-David	Anna Gringauze	Baruch Sterin	Yaron Wolfsthal
2c3b294dbdd5a4b5a913aef37b25147e03d45d91	Fahim Kawsar	Tatsuo Nakajima	Kaori Fujinami
3a765a9a15d58a4b8c7224a8a4ae87fa060d4323	Anupam Gupta	Ravishankar Krishnaswamy	Kirk Pruhs
e1a616674f63dd54b495d06cf1b7bd59f4cb772e	Gurman Gill	Martin Levine
6f62bbee7db5ffe8715ef2bf97cc4731f88c7d72	Patrick Mikulastik	Hellward Broszio	Thorsten Thormählen	Onay Urfalioglu
a14d598f88ff8ae7818354366db056e0a5f606a4	Mathieu Salzmann	Richard I. Hartley	Pascal Fua
29bb026795b5da138dc48d27d170b12d84d491ec	Seyed Mohammad Mahdi Javadi	Michael B. Monagan
a81d4bf2eeda060e01467548147fedc2bc51a193	Krutartha Patel	Sri Parameswaran
1dfcb022f23cae23824032835fde88bd60f65f37	Arash Shokrani	Ioannis Lambadaris	Yannis Viniotis
40dd192739e7c7766f0078ae2f4f726eea98194b	Csaba Szepesvári	William D. Smart
a53420a97172498da72ae47da5e61712e0f55337	Elisa L. A. Baniassad	Gail C. Murphy	Christa Schwanninger
cb790d3f51c8e08809f46dd3450570a6febc53b0	Purushottam Kar	Bharath K. Sriperumbudur	Prateek Jain 0002	Harish Karnick
6f2e2f176f9e69c23ab47875c04e206c7bfaca9c	Morten Fjeld	Hans-Jörg Zuberbühler	Sissel Guttormsen Schär	Fred Voorhorst
0eccc4496649f2c86a6d836c3ced3e36428af5e1	Alexander J. Smola	Vishy Vishwanathan	Eleazar Eskin
a40117bb772c0b1c988a23418212f923ee2b6bd7	Robin Cohen
8c9cda4235012258ad90a3fa3b913e75798d91a7	Sara Silva	Ernesto Costa
8466c5b500969c06ed6db5caa900fd9f700f770c	Ashwin Rao	Yeon-sup Lim	Chadi Barakat	Arnaud Legout	Don Towsley	Walid Dabbous
5e7a4bfca33d4a8c62f429811b2404403f251333	Andrew S. Fast	Lisa Friedland	Marc E. Maier	Brian J. Taylor	David Jensen	Henry G. Goldberg	John Komoroske
628f74fcb2e8644d6900d238bf8e704c9cee7525	Xin Cao	Gao Cong	Christian S. Jensen	Beng Chin Ooi
7ef5d638ed8c2791e38fe7e0242a8d15264c0994	Flavio Bertini	Serena Morigi
33246468497cad303e592852f07d71e09533c519	Alex Biryukov	Dmitry Khovratovich
2e24efd1d26dae508b34827b7f9e5bb92fc6f3b0	Hisashi Kashima	Teruo Koyanagi
8131490a343ef56786d77682a4a12411004c3b07	Andreas Maletti
b4fa48beef3a3ad5c390516978081c0a4df49926	Jinsong Hou	Zeyi Wang	Xianlong Hong
e12b83fe7e5981ac8cd80aaa1c7e92d79b297ca2	Weng-Chon Ao	Kwang-Cheng Chen
4866aeb852ab93fe14e78c6709715a984f6fd8e4	David J. Love	Robert W. Heath Jr.
2ea9a631563554591dac4639aaffe157d775a150	Tino Weinkauf	Holger Theisel
d2ce077ca99d8d72c44fdc27b45bb5d3c7fb2d4e	Charles Greenbacker
4e44fe11f31c7a493fd8f387f9f10de9ae178ae2	Peter Howarth	Stefan M. Rüger
ba19137b9190fbc1631eda53d142c0df59a152e1	Santashil PalChaudhuri	David B. Johnson
12facc1309f486a541d721134b2aaedc00570235	Dimitrios Makris	Tim Ellis
bc27747ea889ac887597b3c1be71f41b1b6fdb09	Yung Yi	Alexandre Proutiere	Mung Chiang
8b0f31d719a6e67c09d51e572f91d65cef702481	Steven Derrien	Patrice Quinton
75bed7604b9838a99f7cbaed20a570291395906b	Erich Barke	Darius Grabowski	Helmut Graeb	Lars Hedrich	Stefan Heinen	Ralf Popp	Sebastian Steinhorst	Yifan Wang
47782882d1c795fbc00c483c22a53b44f9640353	Marios Savvides	Krithika Venkataramani	B. V. K. Vijaya Kumar
9358003576232616a4b0be51b04afe0a8ca4c1ba	Heidi J. C. Ellis	Ralph A. Morelli	Trishan R. de Lanerolle	Jonathan Damon	Jonathan Raye
58a9af178d25f858af0691b1a48845b01bec8c7d	Marius Leordeanu	Andrei Zanfir	Cristian Sminchisescu
89a7ad6f481c83b14976dfcf1c2bfd0921fc7e5d	Peter Mahlmann	Christian Schindelhauer
8033cfd8569dea0a117eda424b3e56efda1244b8	Zahra Baharlouei	Hamed Narimani	Amir Hamed Mohsenian Rad
0b824c4ffe362bf2f8987232c9b5a8eb72f96f3b	Daisy Zhe Wang	Michael J. Franklin	Minos N. Garofalakis	Joseph M. Hellerstein	Michael L. Wick
36149815ffb308c6a421dc8e978dc202eb0d91c9	André Seznec
87a0bb6c396684f456e8c3f661c4934c3a2aaf26	Tyler Moore	Nektarios Leontiadis	Nicolas Christin
d28ea485162baee4c793d2a6dda81fe5b195261a	Haoxiang Li	Zhe Lin 0001	Jonathan Brandt	Xiaohui Shen	Gang Hua
a44496d89c3a494650bef11cc72ae1d738261116	Anthony N. A. Schwickerath	J. Ross Beveridge
d20ecce4903b489154261753e74de60da5da1c00	Helmut Seidl	Vesal Vojdani	Varmo Vene
61d73baad98da22558bc81b50ccd7a118ccad7a4	Lu Sheng	King Ngi Ngan	Songnan Li
4dcb59aec9e87e84c40638b162f3cf318a793d63	Robert D. Nowak
de43dcf9c42ce5a54a4f0fbdfcfbd43fda640e23	Lixin Duan	Dong Xu	Ivor Wai-Hung Tsang	Jiebo Luo
c80379a96cb4ea08caa8172ca2e4fa19191bbd1e	Liviu Badea
5bce043dfd1ff932296fc0b53018e79b5d2f349c	Fuchun Peng	Ralph M. Weischedel	Ana Licuanan	Jinxi Xu
c3d0e2c9dd381ba00aa4654a84d79a00baa12e5a	Ananda Swarup Das	Prosenjit Gupta	Kannan Srinathan	Kishore Kothapalli
66829808bc4827fbdb5b8e11ab8a835d1fdd5ed8	Jayant Gupchup	Razvan Musaloiu-Elefteri	Alexander S. Szalay	Andreas Terzis
ecdfa193a12f7d2cb6226e26d96ce23a4d1518c1	Wenfei Fan	Jianzhong Li	Nan Tang 0001	Wenyuan Yu
6a0e5ff64683f075caffcadf4e0a25c9e52873af	Vidya Setlur	Samuel Rossoff	Bruce Gooch
1eb854ce0539b6fd18dbba942f52a80a735f5c8e	Jae-Chang Shim	Chitra Dorai	Ruud M. Bolle
704d3f81e0bc246ba81fb4142f4de74e28d8fb8b	Anshul Gandhi	R. K. Ghosh
e1084f298562aa7b5ded1b44333c10bc55cfb5ff	Tod Courtney	Narendra Ahuja
0e59c60eaee54e0db8171b5a2be12833c5cdf2ca	Deyu Meng	Zongben Xu	Lei Zhang 0006	Ji Zhao 0001
ad6692818a87a121ff8f0b0c5e97357af92737ad	Sebastian Sardiña	Lavindra de Silva	Lin Padgham
696d114f57aa6798a5d16aaf847a78942ab9949f	Takumi Kobayashi	Nobuyuki Otsu
667fb9a723f2ee7261239c0889e3de74ca9f83c3	Fabrice de Chaumont	Alexandre Dufour	Pierre Serreau	Johnathan Chabout	Sylvia Münter	Friedrich Frischknecht	Sylvie Granon	Jean-Christophe Olivo-Marin
29b6a897e8ef4f9c48b6c847bbef2eabd4506678	César Silva	José Santos-Victor
9438d77304f4ed1512c83b0139f3f10f21bde842	Florian Luisier	Patrick J. Wolfe
7aee0710b7e81f516560366f65545fce91a94709	Peyman Kazemian	George Varghese	Nick McKeown
2ed5c8221097abf41069431f108626f6be791120	Yenpo Ho	Garng M. Huang	Peng Li
1677d29a108a1c0f27a6a630e74856e7bddcb70d	Meng Yang	Lei Zhang 0006	David Zhang
7be73fdcb3cc3fedfb1b5775687ec9f6e467c76e	Alfredo Cuzzocrea	Paolo Serafino
72a8fd3e4c1066fab3e0e5b4436eeb0173de4867	Nikola Mrksic	Diarmuid Ó Séaghdha	Blaise Thomson	Milica Gasic	Pei-hao Su	David Vandyke	Tsung-Hsien Wen	Steve J. Young
1e6f61c574fad2460d06d6f52295922f5c99857a	Dan Klein	Christopher D. Manning
b07b5ae8a3a889f23846a99253951b5022804b3b	Fangbo Tao	Kin Hou Lei	Jiawei Han	Chengxiang Zhai	Xiao Cheng	Marina Danilevsky	Nihit Desai	Bolin Ding	Jing Ge	Heng Ji	Rucha Kanade	Anne Kao	Qi Li	Yanen Li	Cindy Xide Lin	Jialu Liu	Nikunj C. Oza	Ashok N. Srivastava	Rodney Tjoelker	Chi Wang	Duo Zhang	Bo Zhao
2bf5cd5de7244861ed14e1cd104902e58b7b43a6	Chia-Hung Wang	Hsing Paul Luh
5c1c10fb396cbf6368496f1440dc5b905bd1c289	S. M. Ali Eslami	Nicolas Heess	John M. Winn
9ef761c6f9ee3b85f83cac78e4e38ea5683794b7	Chadi Akel	Yuriy Kashnikov	Pablo de Oliveira Castro	William Jalby
c39f3a87d6cb305f5ae4b9a75a9a746acab3cca4	Robert W. Wisniewski	Reza Azimi	Mathieu Desnoyers	Maged M. Michael	José E. Moreira	Doron Shiloach	Livio Soares
32d9aa752afd5242b39b2d288fd9831b60688c4a	Michael Molloy	Bruce A. Reed
eca76b5f5632f69ee01c6070484d496231effdc6	Clifton James McFate	Kenneth D. Forbus
2e3308a0eb078b9b9f6f23470e9b90f371e64642	Jian Tang	Brendan Mumey	Kairat Zhubayev	Richard S. Wolff
06fdfa00ea6a51aafa8fe305d2d69f4b46973892	Mike Perkowitz	Matthai Philipose	Kenneth P. Fishkin	Donald J. Patterson
416ac0fd80fc1c2bbbf6322612b254e68787a29e	Guohui Li	Kam-yiu Lam	Tei-Wei Kuo
ee3eec6fff87b6f16370428fca7d48e7804e0929	Vikraman Arvind	Johannes Köbler
430cf582155ee8f0638b3c811d324c6dbe7e7268	Shuang Tian	Yonghui Li	Branka Vucetic
789dbdf03e7c7b7fba3208e8ade957349179ab1b	Nuno C. Lourenço	Nuno C. G. Horta
2da10ae0b05eeb5d2c8c41c39c8842fce75a8d1a	Enliang Zheng	Enrique Dunn	Vladimir Jojic	Jan-Michael Frahm
901db37e99eb5891125698f70da42a3ca4ff2268	Nilanjan Mukherjee	Janusz Rajski	Jerzy Tyszer
a052d2d92771c5c54341a6a3e919c4f33d44a0fb	Xu-Yao Zhang	Kaizhu Huang	Cheng-Lin Liu
503197e7efa987a7ba7af21d874550fdbed9f1e8	Nicola Gatti	Giorgio Patrini	Marco Rocco	Tuomas Sandholm
1bca65a562c74e7b8012f8501b6ba0bff15e869a	Nicola Bicocchi	Matteo Lasagni	Franco Zambonelli
8f213c6cdd5ef1c958d135f2bd4c61332678e8a5	Eric Eaton	Gary Holness	Daniel McFarlane
f9478e5634f5d8e445d37b853a744eb92a24d91b	Wen-Shiaw Peng	Yen-Kuang Chen
6a78e159b222f13fec3014cde33d22757d2eb9c3	Erik Velldal	Lilja Øvrelid	Stephan Oepen
d2291a4877e60c0101efff5e0c7df89c5eef5043	D. Terence Langendoen	Yedidyah Langsam
0114fb72afbd9cc0bca35940beb21eda596aa5e0	Yi Yang	Ping Xiang	Michael Mantor	Norman Rubin	Lisa R. Hsu	Qunfeng Dong	Huiyang Zhou
8ac91263bef0c68447d42909cfc5db8f720746f0	Xiaodan Zhu	Colin Cherry	Gerald Penn
197e2e4d2992484435b5323649668b10a9cce0a2	Xuan Thang Nguyen	Ryszard Kowalczyk	Jun Han
1597a40368c48f3da5d82ee584e0dec3b618df06	Stephen Longfield Jr.	Rajit Manohar
d804f0d5b79346d0fa473407be5810f58ed04876	In-Cheol Park	WonHee Son	Ji-Hoon Kim
fdf2d28f1129b37e9d7c61f618056b81e9972c08	Dan Pelleg	Andrew W. Moore 0001
80128da780f05c906c3dc7892354eec08b106864	Hongli Deng	Wei Zhang 0014	Eric N. Mortensen	Thomas G. Dietterich	Linda G. Shapiro
1d10b433f7ba603c764f0d372694e685d6696ee0	Yadong Zhu	Yanyan Lan	Jiafeng Guo	Pan Du	Xueqi Cheng
c163efa52a8a7c4ed660487f1d5bcedecb68eff5	Hongche Liu	Tsai-Hong Hong	Martin Herman	Rama Chellappa
0a395aa2965bcfeaa860c967971e5cb6c89bc035	Yves Dufournaud	Radu Horaud	Long Quan
49f9053a38b340a0dc34ba66904aaa3191fd07de	Pedro Cabalar	Ramón P. Otero	Silvia Gómez Pose
34050164c3f3c29101ad38773ec359c058b08724	Hanchuan Peng	Fuhui Long	Wan-Chi Siu	Zheru Chi	David Dagan Feng
a01f8f2c4c02db05a77541e761f47592546f5a08	Shijie Zhang	Shirong Li	Jiong Yang
46b26e68c5e5074562d5c280bb29dde7c57bad7d	Yingqiang Lin	Bir Bhanu
9b488f6e4eb5e39f049b7c7e9894062bfa3c0cc8	Jau-Yuen Chen	Charles A. Bouman	Jan P. Allebach
e1f2c9b6ae16b4375b9ca45b29a979f24eab7747	Jie Yu	Qi Tian
4e8495f395beb75bec15ca3ace8a12daa7cb86ea	Gal Elidan	Noam Lotner	Nir Friedman	Daphne Koller
e9bf3ec7a285e294583180429ff975623db83258	Vladimir Vovk
559e47c03297bc423c4ee866d042790ea056365c	Xiao Ling	Daniel S. Weld
b38d0d30ecafa71910ed28d652a7d1d91bc36f68	Eduardo F. D'Azevedo	Jack Dongarra
b325d9e28a369ef21a1cb4f3ca33fbe8e67b86b1	Leendert W. N. van der Torre	Yao-Hua Tan
e2c063b73fd9d3faaf45229ed880464b94557fd2	Lorenz Kellerer	Vamsidhar Reddy Gaddam	Ragnar Langseth	Håkon Kvale Stensland	Carsten Griwodz	Dag Johansen	Pål Halvorsen
ec8d6f4e30301299d55e35c0b2b15ab717f8760e	Paul D. Bryan	Jason A. Poovey	Jesse G. Beu	Thomas M. Conte
e3d69d55072372bcbcebf04fcf3dd6957841821d	Zhiwei Guan	Shirley Lee	Elisabeth Cuddihy	Judith Ramey
97379552de008ea2b4c79ba7e1035676df05e196	Gordon V. Cormack	Thomas R. Lynam
eedf5745db7faac46f287b2e6782dc02634095a8	Peter A. Heeman	James F. Allen
d112525906f74c8d33be550420577483e7f6d364	Mohamadou Diallo	Afonso Ferreira	Andrew Rau-Chaplin
2c31df0855cd391e709cebd98e372a3655255f25	Domenico Talia	Josep-Lluis Larriba-Pey	Hillol Kargupta	Esther Pacitti
f18de2285ce5a5c0ed23ab985f4624e8ba38e91a	Satish Penmatsa	Anthony T. Chronopoulos	Nicholas T. Karonis	Brian R. Toonen
e18256cb4ce0970ec7cdc5fdea43b6c04328afc1	Katherine A. Heller	Zoubin Ghahramani
a955b24538046655713c743dee44ad6500949792	Nada Golmie	Olivier Rébala
fa4812d0354326a4bb64df364659e7a647d3ae75	Daniel Menard	Daniel Chillet	François Charot	Olivier Sentieys
b801fc7f63b025ff4506b1ec5d2a81bcda7babc5	Vitaly Feldman
b119851db1f1eaa22f4390badb2fb93f975766d2	Jinsong Tan	Louxin Zhang
8d2e299704a61eba9e4d99c4ac72422df6223b7f	Herbert Süße	Klaus Voss
86f2778e2bdb81b17e5459f7b40267a200486c95	Guang Tan	Stephen A. Jarvis
ad272397813026158a35bdfdef314bb4fd504756	Benjamin Rossman
e0b9448a4dceca88b98853381b6c15438bd2456b	John Whaley	Monica S. Lam
3077a41befe3d30e0f348076c1122ef307fa62f0	Zili Liu	Daniel Kersten
8a621d081416d958b85972507e04d570842b16af	Andrew B. Kahng	Ion I. Mandoiu	Alexander Zelikovsky
ba93ff6fc77308143db0f007463aaea2e98273b4	Chulwoo Lee	Chul Lee	Chang-Su Kim
3da7b8c620e1ec58c5ab1086ed2e718a30079b55	Prosenjit Bose	Pat Morin
7f686bc8242866887082cc522bc3fd6caf3fd097	Curtis E. Dyreson	Sourav S. Bhowmick	Aswani Rao Jannu	Kirankanth Mallampalli	Shuohao Zhang
0a86a047d18cd011dd8df23aad5bb42cf99cc941	Zhu Zhang	Jahna Otterbacher	Dragomir R. Radev
39e3e3fa790862b4ba8dcf6c9fd0467560b868ae	Simon J. Gay	Malcolm Hole
7aa86a4d2bdac63a98b181071f294aeff446811e	Tsung-Wei Huang	Tsung-Yi Ho
8686368908956c506f6e3bbcaa2810adfda14914	Jia Zhan	Yuan Xie 0001	Guangyu Sun
7eea2cd17195b170c287e6ef5a005bddff936191	Joseph Cheriyan	Bundit Laekhanukit	Guyslain Naves	Adrian Vetta
7830dbfd3f35035c3e17abcc2a2170473d60147f	Young-Joon Lee	Patrick Morrow	Sung Kyu Lim
e71a2201cc771be0e10264dc19598ebd2145894f	Ofer Dekel	Philip M. Long	Yoram Singer
e69b68f4d987a8d58c8266e9948e934fa3593da6	Shipeng Yu	Balaji Krishnapuram	Rómer Rosales	R. Bharat Rao
08245b3e5e1ee8d52d3311e22f8def725f3cd1c6	Michael Tsang	George W. Fitzmaurice	Gordon Kurtenbach	Azam Khan	William Buxton
67a77d3242a357571541d39c26d305c5dda89445	Zhiyuan Cheng	James Caverlee	Kyumin Lee
c834afb31d85b0d4c70a7afe89ba5127851c7cf4	Anirban Chakrabarti	Govindarasu Manimaran
e6fc8d9016c9a1614d6cbd66d87176ffaccb1d9d	James Clarke	Mirella Lapata
731e671df9e1d2313ddd99698287598e4053c1f0	Hasan Ertan Çetingül	René Vidal
b28dacef5ebbd5e82dc838d1b18209a42ff84837	Frank Follert
f3d82fe2aea0a862f44109c6f30716641aee5b52	Sanjay Pant	David Blaauw
f4e13336bf10d8b0f3568846608b35b270559112	Hao Zhong	Zhendong Su
a52f9b1794bb2c777485ce65e54cef769c0f4efa	Craig Partridge	Alex C. Snoeren	W. Timothy Strayer	Beverly Schwartz	Matthew Condell	Isidro Castineyra
f3377046d4d5885b15ca06a2b92dc2afc9dc66bf	Yuping Lin	Gérard G. Medioni	Jongmoo Choi
c72c132601b27a94184b844ed726be2b3b22db04	Landon P. Cox	Brian D. Noble
c77742d1251eaf21a3ddb72a0c2cdabb8da69d81	Yong Wang	Shih-Fu Chang	Alexander C. Loui
c894d39b331f6cac91afcf1a9c2c825c087928b6	Alexander Healy	Emanuele Viola
5844cf322fcf8e250d09fb5d55dbd8643d47e23d	Zhihua Hu	Baochun Li
d6292c066ec3e9ebfd9b7e20962abb7262f7ba45	Jens Knoop	Oliver Rüthing	Bernhard Steffen
37748c3146850fbf4593599b4073d7515ebe90a2	Haizheng Zhang	Victor R. Lesser
d9cacd1373873c27597f97bd5593f0841131f05c	Timothy L. Harris	Mark Plesko	Avraham Shinnar	David Tarditi
b2a97cec087979569eadcf234c0f102f1e12ff7c	Alexandra Klein	Estela Puig-Waldmüller	Harald Trost
372082e12f38ee11d319231b873df11637db367a	Mehmet Emre Sargin	Alphan Altinok	Kenneth Rose	B. S. Manjunath
2347ff467d9748989e2b546f20f7c31ab61b8517	Taiji Suzuki
5c1959722d826778ddc662ce73ec48192ebc7aee	Leizer Teran	Philippos Mordohai
7bae3e6cd4a718d870e5675715fa02afd809da46	Sihyung Lee	Tina Wong	Hyong S. Kim
c4f9ce6a755dc0b7371ba387ca80255c25a43808	Matthew E. Taylor	Shimon Whiteson	Peter Stone
f48039d7555bd7ccbdf676aad84c09e462fe832b	Miguel Sainz	Alberto Sanfeliu
176600b839d1f198831b1d43938f483784abb420	Daniel Gray Goldstein	R. Preston McAfee	Siddharth Suri
13ffdcef8b70905b9b60bc5eeb33328fe5cdbec2	Hao Zhu	Guohong Cao
53b74b2e4484476bf615536fbbce073782991cb9	Patricia Morreale	Stan Kurkovsky	George Chang
2888efc8858ff1cfb004624a4228e5ace1271dc6	Jürgen Slowack	Stefaan Mys	Jozef Skorupa	Peter Lambert	Rik Van de Walle	Nikos Deligiannis	Adrian Munteanu
136744ee008dc534b4048337e76ff182ecdc1214	Emma Carter	Steve Ebdon	Clive Neal-Sturgess
def0da1c377b46e773c0e8369a6681fb374f1053	Subash G. Chandar	Mahesh Mehendale	R. Govindarajan
fc7be62a88b612b72c4237d9b5cad18d8aa14b26	Liang Ge	Jing Gao	Xiaoyi Li	Aidong Zhang
48e196b9be7ac0f37d510e9f9536d5cc33a978d1	Caroline Becker	Hélène Fargier
a2fb78276078f0f895babcadc38ba44c21ec2b65	Manuel Brugnoli	Steven Willmott	Elisa Heymann	Paul Hurley	Miquel A. Senar
ff35fe0737592342095d250ca35b2d3b6c2f46a7	Amit Chakrabarti	Alexander Jaffe	James R. Lee	Justin Vincent
b014c59b510613aef1fa4a8875dea31acf014698	Esko Penttinen	Risto Rajala
739015190852b999a44b346663ec22e523526c9a	Meishan Zhang	Yue Zhang	Wanxiang Che	Ting Liu
981ea1c39aea1edf7ffb62c4faf722a9a2053e97	Andris Ambainis
f0c6c77f9c41bcea9e02544f68ec658707564aa5	Friedrich O. Huck	Carl L. Fales	Zia-ur Rahman
5a8ed21f8a58c771422f89f2a28e1c919ee319a2	Kaiming He	Jian Sun 0001
88128abb0c7d0aba91d723a2c93a88716f211eb0	Zhengyong Zhu	Bo Yao	Chung-Kuan Cheng
10ab7743b6aebea3fa6a2b73809a1586b9d956c2	Libin Yang	Wei Lou
daa73308ea18f9e2571678bb2a9268a0fb7e9d44	Cheng-Wei Wu	Bai-En Shie	Vincent S. Tseng	Philip S. Yu
44ff45665a3aff99c7217266fdda44cc4c752780	Jesus Pinto	Kenneth J. Christensen
c19a3eab7a5f2c37be907993ee066a2e4b368003	Arun Siddharth Konagurthu	Lloyd Allison	Thomas C. Conway	Bryan Beresford-Smith	Justin Zobel
71ecb0756255fe2e52cf8ab08f5d4cc15258e3bd	Masaki Kiyono	Jun'ichi Tsujii
792115d08417aa33e3ae6be04cf1c0180637e912	Csaba Kiss Kallo	Mauro Brunato	Sewook Jung	Ling-Jyh Chen	Mario Gerla
4dc556440e61184f0a23dd2b950833d237d24931	Xu Cheng	Haitao Li	Jiangchuan Liu
a4ed4a087d4fbbf51ea196aa861d5bb43ed39c78	David M. Pennock	Pedrito Maynard-Reid II	C. Lee Giles	Eric Horvitz
5c383bb149c8d0470240785833b0ce25d5ac6381	Nizar Habash
b1f94655563b0a8e480dc5a985f5d702f3101bea	Peter Wilkins	Alan F. Smeaton	Paul Ferguson
400dca736b1571bb9399e0b0ccdce8e165ae37ff	Xinding Sun	Jonathan Foote	Don Kimber	B. S. Manjunath
8048d44edf05ea0a817a5564e173455af58d1aa2	Shiri Dori-Hacohen	James Allan
5800621821d4765e8f9afcaf0bd2ed35896d7c98	Yishay Mansour	Mehryar Mohri	Afshin Rostamizadeh
92d0d490ccd11a403b51f66b344485b5a177a128	Kartik Sankaran	Minhui Zhu	Xiang-Fa Guo	Akkihebbal L. Ananda	Mun Choon Chan	Li-Shiuan Peh
d3410166bfbb455765749346517b8bba57457e0f	Luciana Porcher Nedel	Carla Maria Dal Sasso Freitas	Liliane J. Jacob	Marcelo Soares Pimenta
79334a1f136cd371c70ca4855b165c9cfdfac913	Carlos Miravet	Francisco B. Rodríguez
1d69c28148bf39bcd3d0e0a92000ecee57c279ae	Constantinos K. Coursaris	Khaled Hassanein	Milena M. Head	Nick Bontis
3f9dec10307af8648608468defd9867a88c5dc59	Jing Zhang	Jie Tang	Cong Ma	Hanghang Tong	Yu Jing	Juanzi Li
3697307709b52af113469831457f3525d389c7cd	Sanjeev Kumar	Michael Chu	Christopher J. Hughes	Partha Kundu	Anthony D. Nguyen
b0a7437ddc53339c4182bd2b237b1089cdaa430c	Justine Cassell	Yukiko I. Nakano	Timothy W. Bickmore	Candace L. Sidner	Charles Rich
9739ab892bc0ee7a5d163039a9b6f32865e5518c	Shree Murthy	J. J. Garcia-Luna-Aceves
45d04a0a38c63b2514db70dc9d3f5a1b457ad87d	Laura M. Haas	Donald Kossmann	Ioana Ursu
87cafb474dab6b8a39134da5d02a84178f755c8c	Philippe Mulet	Jacques Malenfant	Pierre Cointe
28866d360849ea5c00f79c8f58872de3b7aaeaff	Bilel Nefzi	Ye-Qiong Song
ac04d581db16db8c42b4127f0de61d840f66f2a0	Nam Sung Kim	Trevor N. Mudge
0cc37453fbc8297cc797bba5fb79abb2f0d1eded	Abbas Ebrahimi-Moghadam	Shahram Shirani
3ffcda598d647dd5cfb8402e177a4fa423817c68	Chris Barber	Joseph Bockhorst	Paul Roebber
454c38a35d1e8527faa3e99473b5e6a9e00ab148	Christian Jacquemin
6cc3318cce3335751a6b9ba68bb9a070c9b1fe00	Juan Carlos Diaz	Pierre Plaza	Jesus Crespo
466b0e6cbbd284eaabe11e6386949c332b4f488e	Shalom Lappin	Michael C. McCord
08f624f7ee5c3b05b1b604357fb1532241e208db	Gabriel J. Brostow	Jamie Shotton	Julien Fauqueur	Roberto Cipolla
93cdab44d56b35f6b5973e6d3702d5857a22e4d5	Kohei Inoue	Kiichi Urahama
28f5ffde6c7e9d53775c3cbecd3d1aee65fe8abb	Yiwen Luo	Xiaoou Tang
5364bea45421ef737b5ccecaab62ba395a5a1c87	Thanh-Le Nguyen	Ying Zhang	Martin L. Griss
012953c5a832b3bd17e299150d1111e83b3a6e94	Omri Abend	Ari Rappoport
db778c7cab71ffb52f28d173a6f1b38d21bd6a38	Martin Grohe	Christoph Koch	Nicole Schweikardt
acc898d25708b3a8a8952eea8c871fef5fe2fa3c	Raquel Urtasun	David J. Fleet	Pascal Fua
7d636c300a2e00e0cb05ebdde913ac13585e81d5	José Marinho	Vincent Nélis	Stefan M. Petters	Marko Bertogna	Robert I. Davis
b0eb5b32303cabe3ab07d7e90e8a292a1d997fd8	Xiaofei He	Deng Cai	Partha Niyogi
c194cec502b3991b22a22d81bc531d2dd7239ba3	Jian Sun	Jean Ponce
ea1b9fbca07f0952864567f18cecc64fcea0d798	Annabelle Chardin	Patrick Pérez
77b773c6a2475e1b454acdefa87f7e394222758f	Bradley A. Goodman
5beca815eebd337f10b20cfa2bf18c0da136e79e	Engin Afacan	Simge Ay	Francisco V. Fernández	Günhan Dündar	I. Faik Baskaya
8f145c3e52a7b8629a794209208b7b7522257dc0	Chen Zhao	Ke-Yu Chen	Md Tanvir Islam Aumi	Shwetak N. Patel	Matthew S. Reynolds
bd356aae7227ab28401dcec771945a9207404f5f	Keiji Shinzato	Kentaro Torisawa
984d45494026f7a2fc9c4193ee65b5ef35d937ad	Nicholas Nethercote	Julian Seward
69675e52ab3957157abf7386648bf2dcf314847f	Hilary Hutchinson	Wendy E. Mackay	Bo Westerlund	Benjamin B. Bederson	Allison Druin	Catherine Plaisant	Michel Beaudouin-Lafon	Stéphane Conversy	Helen Evans	Heiko Hansen	Nicolas Roussel	Björn Eiderbäck
7eba255302d29dc3acfe5ed98e84ed4d44f51cdd	Chad Hogg	Ugur Kuter	Hector Muñoz-Avila
b0fabb8e9ccaf902033875ba9652d4527132c7be	Xiaoyu Tong	Edith C. H. Ngai
0b225be92ba6aeb9b417eebf63f0e4a33c5cfe27	Alexander Metzner	Martin Fränzle	Christian Herde	Ingo Stierand
ec0c39556df3d5cd3d78c16a471e4c4b7dfeed36	Shing-Kit Chan	Wai Lam	Xiaofeng Yu
0abe9fda6240ba72e2f76afe10d5f6181e144527	Gang Wang	Manish Mohanlal	Christo Wilson	Xiao Wang	Miriam J. Metzger	Haitao Zheng	Ben Y. Zhao
e9de149a4837283e70e318ab7aff47765d33b5ba	Ozcan Ozturk	Mahmut T. Kandemir	I. Demirkiran	Guangyu Chen	Mary Jane Irwin
8b2fcf54b7133b4814b96d1e9a0c6bde036182ac	Ameer M. S. Abdelhadi	Guy G. F. Lemieux
bcc172d921fd61e5c734ffa14689ab5eb6b46186	Vlad Petric	Tingting Sha	Amir Roth
eef4dce872b5817b7b2c41a83f9b42d54b61fc20	Diogo Santana Martins	Lílian S. Oliveira	Maria da Graça Campos Pimentel
b8c1a67ed6ab59da4a0ef07029f5f09f5e554d11	Jonathan K. Lee	Jens Palsberg	Rupak Majumdar	Hong Hong
8b48e3fd379c411351afdbd1f290e8b1497de9f4	Henrik Nottelmann	Norbert Fuhr
87fecc2ab2b2829f31508eea9be64703a3872017	Stefan A. Robila	James W. Ragucci
10a5765bd6efd776ea03084e6597b8de8cbcc6ae	Yan Lin	Fei Li	Lei He
edc579420a2335319309ca59f88925155509d149	Xiaoyan Wang	Yangsheng Wang	Xuetao Feng	Mingcai Zhou
e274cae19efc85e41b7a29e1dbd782cd1a59ba11	Patrick Bas	Benoit M. Macq
8549ed5656d9ca5461e6e1c8fb11d638b6d8700a	Fred C. Chow	Sun Chan	Robert Kennedy	Shin-Ming Liu	Raymond Lo	Peng Tu
17283370adbedf8bca327ce4e43ccaf9182f3c0d	Kenneth Weiss	Leila De Floriani	Mohammed Mostefa Mesmoudi
2572e446e2bdaf72942219e9aa183ea96e14c642	Juan Cardelino	Vicent Caselles	Marcelo Bertalmío	Gregory Randall
9bdf685e746dfbfddd51ec3f43ec6269a4ae6c05	Toby C. Murray	Daniel Matichuk	Matthew Brassil	Peter Gammie	Timothy Bourke	Sean Seefried	Corey Lewis	Xin Gao	Gerwin Klein
6f71e2df2f7f35ed60b72d8ca8e773a0b6e37933	Ken Harada	Jun Sakuma	Shigenobu Kobayashi	Isao Ono
f2f8850137d85e12d9e41b36c76bb29f9057d8c0	Joan Boyar	Magnus Gausdal Find
870842595e84461b9fc13186e5113511af2607f7	Judith Bishop	R. Nigel Horspool
32e2d061edf1ea7d88d95b6cee92f7443210c825	Yepang Liu	Chang Xu	S. C. Cheung
7c59b6c3c08c39af621c440a77320d0eb5ecb6d7	Ugo Maria Colesanti	Silvia Santini	Andrea Vitaletti
0f8f492fb900141d88e0ddcf239107c6a2a27b42	Yang Ge	Parth Malani	Qinru Qiu
a348eb0094454ddec400fe4ee14af287092f5571	Ram P. Krish	Julian Fiérrez	Daniel Ramos	Raymond N. J. Veldhuis	Ruifang Wang
7112025246df5edd8794ce08faad8c8a12f0ddae	Christine Legner	Christoph Nolte	Nils Urbach
a6496553fb9ab9ca5d69eb45af1bdf0b60ed86dc	Maryam Mehdizadeh	Cara MacNish	R. Nazim Khan	Mohammed Bennamoun
f5cc4779cd05fdfba6f83527f23c9b41a401a1d1	Min Li	Shravan Gaonkar	Ali Raza Butt	Deepak Kenchammana	Kaladhar Voruganti
71683698c378f0e786cc07089264b8d5b6b14108	Jianxin Li	Jinpeng Huai	Chunming Hu
27105937da25fbc516322ebbe30236f509514e0d	Philippe Dosch	Gérald Masini	Karl Tombre
c8ca0f084e54b2e24c2464e35c352770dd2b5ab4	Rodrigo Roman	Javier Lopez
fcaa8a21ca57018216f5364f6b8f1dee2ab9afc0	Corrado Leita	Ulrich Bayer	Engin Kirda
05f0324f90fe684926fa36a701fbc6b5045af898	Sajib Dasgupta
9d490d7537e6687694a90d465c4a8e195e65a374	Bo Han	Lusheng Ji	Seungjoon Lee	Bobby Bhattacharjee	Robert R. Miller
2189c6602167e17541867786abdc8671f4a55249	Nicholas Kong	Tovi Grossman	Björn Hartmann	Maneesh Agrawala	George W. Fitzmaurice
3af3de384e0c5ccf95fd5aaf8470340f95284cd4	Gerhard Fischer
3ed3723101dee44bd86ffec962fe2eaa9b163ef0	Masashi Mitomo	Kaoru Kurosawa
9a95a49b3ed823110acdf8d9fca81edc36563846	Laura Dietz	Valentin Dallmeier	Andreas Zeller	Tobias Scheffer
4fd78132537f328a50f7c6bd422ad88d984cd205	Mark Wasson
4b4e85a2847d3a38f7eac025404eb2e4c1303697	Samira Manabi Khan	Donghyuk Lee	Yoongu Kim	Alaa R. Alameldeen	Chris Wilkerson	Onur Mutlu
a02775795ae734e45fc2552063ab969397047017	Philipp Grabher	Johann Großschädl	Simon Hoerder	Kimmo Järvinen	Daniel Page	Stefan Tillich	Marcin Wójcik
654c747a810d22a40104a2964c3e51e980402d39	Ce Liu	Jenny Yuen	Antonio Torralba	Josef Sivic	William T. Freeman
a249f887998937abfff8b35e0a7e886b4445e5db	Pin Zhou	Radu Teodorescu	Yuanyuan Zhou
24696299451806ac55ed4295256a2a011d2e4d30	Muhammad Zohaib Z. Iqbal	Andrea Arcuri	Lionel C. Briand
6d30c04f4de777671642372358b4353ecb7a9948	James A. Clause	Alessandro Orso
8b114e76a5aee1053847bf0e3a5e8e8b0dad771a	Jinbo Huang
5cc6c669ee9e341217044367731d0e26df36c305	Endre Boros	Konrad Borys	Khaled M. Elbassioni	Vladimir Gurvich	Kazuhisa Makino	Gábor Rudolf
707ce1521ed15fb11b5ef155d267c5d35bae68f4	John Bear
de41e8949248dbb6c7fa1668cd7800ee50b94d30	Ulf-Dietrich Braumann	Jens-Peer Kuska
e0999c000e75347c191459df11730d82f14fc904	Pavel Hrubes	Iddo Tzameret
58b7d42d656cffb3257f5bfed9c76c8f13cf47a5	Thomas S. Messerges	Ezzy A. Dabbish	Robert H. Sloan
749c6048dc5552f1ab82bb94db38f99f25f6af2f	Andrzej S. Murawski	Nikos Tzevelekos
e0c83dd1f5bf8a0d76961be5769ddb65b06ab7a6	Chen Chen	Junzhou Huang	Lei He	Hongsheng Li
3f2a902b9a08f4e3438e82669e06fa2b202c4a7a	Colette Johnen	Fouzi Mekhaldi
39858e68fad6a18befcab7bf591c4a196f009e40	Benjamin A. Levine	Herman Schmit
16f93683743c13c8ce3e6c9b0475f23832bb0754	Ofer Arazy	Oded Nov	Felipe Ortega
8ba88447709998191008c2b0c32cd462d26ad199	Steven J. Castellucci	I. Scott MacKenzie
00273ef0af172a8ae02c59bf49a9b09c22cc68fa	Xiaoxi Du	Ruoming Jin	Liang Ding	Victor E. Lee	John H. Thornton Jr.
bde0578eeba7210ffb583496aa5397d908c12fd6	Christopher Cieri	Steven Bird
59e0404ac481dfb1098b882d6af58d4f6baddf6e	Lawrence Rauchwerger	David A. Padua
816fef1cebc4319b2cc4829e797ece310d5e3fbb	Bernard Chazelle	Ding Liu	Avner Magen
0012e0ba095c2d75cdfc79b9c9e2a4e4a6781132	Mohammad Emtiyaz Khan	Benjamin M. Marlin	Guillaume Bouchard	Kevin P. Murphy
d20715e7a78d87468e87504c534f3d6aa5d8b7d9	Sonia Ben Mokhtar	Jinshan Liu	Nikolaos Georgantas	Valérie Issarny
7bb71709dc5e3d3fb5d621e26dd95085aa408de6	Yiqing Cai	Robert Ghrist
0e74a1690b540a45f864f933d89a1273446710ff	Xiang Sean Zhou	Thomas S. Huang
dc89e01b1b36250cba7b612f3b8bd4b125b3c53a	Korinna Bade	Andreas Nürnberger
091621da1f4373b6d6f20a5024b729c43a1ae986	Erin Wolf Chambers	Yusu Wang
d9afdf43a5548e261a0d029cd6ca68a92e04cf2e	Jürgen Forster	Manfred K. Warmuth
7cbe83c69de70d09ebad27fe8ce6f9077439f286	Fabio Kon	Roy H. Campbell	M. Dennis Mickunas	Klara Nahrstedt	Francisco J. Ballesteros
f37a9e908967c046cbff68f7fc1fe3c6485a867d	Jacob Hinkle	Prasanna Muralidharan	P. Thomas Fletcher	Sarang C. Joshi
825ffb97ceeec3d0b06692ef2609f86d15bfaa3d	Jih-Kwon Peir	Windsor W. Hsu
5b0c5f2982b541d1a3a0676bcd5c5f0b32c67926	David Janin
5d0a9f886c4a4af96cffe6a7fa406a59681ddda6	Guansong Zhang	H. Jonathan Chao	Jinoo Joung
a89d897f978179dd67be5c27a234f8f47d7a5e83	Aydin Buluç	Kamesh Madduri
e2a47dcba4feb732b53468cba3a1f63ef0a91e54	Prosenjit Bose	Michiel H. M. Smid	David R. Wood
8d38bf0f6dc57e2deba9396a05c1d4698db7420d	Carl Jeffrey	Reuben Cutajar	Stephen Prosser	M. Lickess	Andrew Richardson	Stephen Riches
3dd580aba9d264512d7fb256d42f8fc87dd6df16	Adrien Gaidon	Zaïd Harchaoui	Cordelia Schmid
cd5f2a476c6efe1fcafb2fb9cee8c10cb3695394	Ulrich Schöpp
280c5037a7f859eadf6501018b659b350503b209	Jennifer Morris	Daniel Kroening	Philip Koopman
9f7f70aae41bec88964ad24d2072e429d0ca55c3	Long Zhu	Yuanhao Chen	Alan L. Yuille
408979731b043f5bed8ce73ba07c7901bd1912a9	Jiakang Lu	Tamim I. Sookoor	Vijay Srinivasan	Ge Gao	Brian Holben	John A. Stankovic	Eric Field	Kamin Whitehouse
feb911e9bcaa89c48a388e211e8bbfff2be2c7bc	Atsushi Ohori	Isao Sasano
c80f724b06a29b0e9babf4a73ae063fe9d376bd3	Sanjiang Li
4746e63e4569c4b46b7c9f7bffbc0fee0816f16c	Maximilian Eibl	Thomas Mandl
d23231ca2f5610b382b0eb5fe1b66c2857b3f4ed	Lovic Gauthier	Tohru Ishihara	Hideki Takase	Hiroyuki Tomiyama	Hiroaki Takada
c1566f0aef8aec226d623549692a43c8c9d95ee6	Yrjö Tapio Hame	Elsa D. Angelini	Eric A. Hoffman	R. Graham Barr	Andrew F. Laine
81accdcdb41aec4e31ddf4f74283e312e6d42e62	Bin Tong	Zi Li	Guiling Wang	Wensheng Zhang 0001
916dedbf7511f09d013715815b8542445e47cf0d	Jason Luu	Keith Redmond	William Lo	Paul Chow	Lothar Lilge	Jonathan Rose
c78822375eac61a9baf5d79fcc40516bb02f4411	Cheng-Kang Chu	Joseph K. Liu	Jianying Zhou	Feng Bao	Robert H. Deng
a018e63c23d30a9e16f1c0ba245831b15a943458	Anne Benoit	Fanny Dufossé	Yves Robert
a38889ba4159db8066cf8d86591eed5bdc759eb4	Gregory Wolfe	Jennifer L. Wong	Miodrag Potkonjak
51de67563675a21f41bd2d6c3aa40c35102084e3	Xizhou Feng	Kirk W. Cameron	Carlos P. Sosa	Brian E. Smith
4ec7581789c208df0a928fa1a781c1f2d3650fef	Zhi-Hua Zhou	Dan Wei	Gang Li	Honghua Dai
c2bac9caf1148dbcf5e42245431303fe012e6304	Wei Cheng	Xiuzhen Cheng	Taieb Znati	Xicheng Lu	Zexin Lu
64c8177d989b4332ef3aa39c92b0b48e6c14977a	Graham Cormode	Minos N. Garofalakis
f22caf8b1c32e0eb5bc7652be3397525d46c1af2	Chris Rowen	Steve Leibson
d76debdeae9dbac8a41a0bece427129bb848a798	Sven Seuken	David C. Parkes
897c94652cb23d382cc71541116c64988716cb88	Mehrdad Reshadi	Daniel Gajski
a9d520df5906132ce9847d52afe200c0e72c219f	Barbara Dunin-Keplicz	Rineke Verbrugge
ac804a7e6863838d1c21e46e8e7fa8da7d67a6f4	Andreas Griesmayer	Charles Morisset
dc1e722bb1319b964f2b93f2daee72c0d71b79b7	Katherine Shu-Min Li	Yih-Huai Cherng	Yao-Wen Chang
e0221ead8dfff3fa2d9bef2fbbcfc0d5f12e0f82	Zhaozhong Wang	Han Xiao
5627207c0e3ffa86cc3a6c23b5762920dfbaeb12	Junho Kim	Seungyong Lee
8d74f8d24b919f9bd482352943f15e52e5a788b8	Erik F. Tjong Kim Sang
9bbacab7f4c37a64f534440f72a47eee36b8e2a2	Karthikeyan Sundaresan	Konstantina Papagiannaki
c94352f6b4f5cee9ea2b2f671bef279ba47f7a4f	Andréas Johansson	Neeraj Suri
2586bee6e557fefe4153ea03c244d92102f7c118	Eva Darulova	Viktor Kuncak
1a73a8e958cde8e96be43f94bca50b196b07d595	Gautam D. Bhanage	Rajesh Mahindra	Ivan Seskar	Dipankar Raychaudhuri
ce4253ca1c5b16e96cdbefae75649cd2588f42f3	Daniel Hennes	Dario Izzo
5ae98595bba7eb02ba95df2989871bfa86fb02cf	Zhiwei Zhang	Qifan Wang	Lingyun Ruan	Luo Si
42b845dd0a08ca7ef97dc5151e47b83169594fc4	Piotr Szczytowski	Abdelmajid Khelil	Azad Ali	Neeraj Suri
16d8feb915d22126ca1d66a8754308ac30044100	Lin Deng	Jian Pei	Jinwen Ma	Dik Lun Lee
5cbbe09fa8222665760363cb45239de85dae5432	Michael Chiang	David Poole
73ed6ad9c55c016d11143b3b0754dde744da96e8	Prosenjit Bose	Evangelos Kranakis	Danny Krizanc	Miguel Vargas Martin	Jurek Czyzowicz	Andrzej Pelc	Leszek Gasieniec
0e43f60727382032a620d3c08694c0a104005de3	Jiangtao Li 0001	Ninghui Li
6518035089d0c87b925c6262bbf5b949d3bb3fff	Guy E. Blelloch	Harsha Vardhan Simhadri	Kanat Tangwongsan
fd070aee3dd9c07f2f2d9634445ba9495d10924c	Siyu Yue	Di Zhu	Yanzhi Wang	Massoud Pedram	Younghyun Kim	Naehyuck Chang
f387e4aab6fce0f2f2f5013fbda17927bb405dbb	Gülfem Isiklar Alptekin	Ayse Basar Bener
a556f8222c44166476c080276b4d9fe31cdf9cf6	Mark Dilman	Danny Raz
2920674386f1d59a4298437d54582e7c41aa72a1	Sandra Kübler	Wolfgang Maier	Ines Rehbein	Yannick Versley
1c734e6116ae58f33585aaa95833b166c7bc3372	Gagan Aggarwal	Tomás Feder	Rajeev Motwani	Rina Panigrahy	An Zhu
c91fafd7657c96685aff595f590bc7e27753430f	Sifei Liu	Jimei Yang	Chang Huang	Ming-Hsuan Yang
5141310cd33501ca079fec80b5027809d3ffb27c	Qi-Xing Huang	Mei Han	Bo Wu	Sergey Ioffe
131870be9d65a2c43502870d18a603d4f64139e1	Cuong T. Vu	Damon M. Chandler
366954363c99333612013ca283ff9640229a0f41	Shenlong Wang	Lei Zhang 0006	Yan Liang
da696c64a2dd00b9eb0a7e14f29a9526cf700f04	Nicolae Duta	Anil K. Jain	Marie-Pierre Dubuisson-Jolly
706568bf6b58e25d638f694848051dd2e89eab0e	Randy Bush	Timothy Griffin
31c12a7b0f374303c472d1d9fbd656e41e938cac	Ki Hwan Yum	Eun Jung Kim 0001	Chita R. Das	Mazin S. Yousif	José Duato
e34e62e4f85d96b43c5ffb5a0e92f2526e8a9331	Takashi Nakada	Hiroshi Nakashima
8428abf5247bc83d5e6d2567b85d7df48ca8cca5	Jean-Francois Puget
f8306f2220c19b819398d5f1381a18b722e1fc62	Kenrick Kin	Björn Hartmann	Tony DeRose	Maneesh Agrawala
4d8b2b12b9cebe0fead1fde1ff2efb1bff41c2dc	Blair MacIntyre	Steven Feiner
d319b36adbc333331318ba8c62b6b1e61930f5f1	Timothy Baldwin
a00447dbea8174d5723f9057caea43cdc4d9ab87	Yang Song	Dengyong Zhou	Li-wei He
31a6424107ddbc18e12f2722e2c72a93f75cd5e7	Azadeh Davoodi	Ankur Srivastava
92827d914b60c3f58c99e5dfb03b68ee56b0653d	Mirtha-Lina Fernández	Guillem Godoy	Albert Rubio
f13ad07fdf160544dd91fbe41fb0d73edc91b611	Mika Rautiainen	Timo Ojala	Tapio Seppänen
d67fc55e48fcf4ec3731df46ceb93d934cbe6fbe	Atlas F. Cook	Carola Wenk
6e3c94a077222667a25a19d23f7a990b70b720f6	Jens Bialkowski	André Kaup	Klaus Illgner
c1755bc3a259afd32b5a5c0250d0948653716182	Antony Lam	Amit K. Roy Chowdhury	Christian R. Shelton
cbb36fcd3c0339f97042ee05e85df6f7fee6edd0	Zhipeng Xie	Wynne Hsu	Zongtian Liu	Mong-Li Lee
bf93cbba00613cf85ac932b47aebb0a178298fbc	Itai Dinur	Orr Dunkelman	Nathan Keller	Adi Shamir
2cc9e6d894c156faadafe4d75ef9c3e5ae7c8cd3	David B. Lomet	Mark R. Tuttle
a75c809b849657455e1ba56bc060899a258469b9	Yong Jae Lee	Joydeep Ghosh	Kristen Grauman
c22d6d57fc3e2d321ecba65190e9e06aa3d24b0d	Dario Rossi	Marco Mellia	Michela Meo
c56db92ac5b4d91a21904b825dbeb6561b8026dc	Luis C. Cobo	Charles Lee Isbell Jr.	Andrea Lockerd Thomaz
b9c91ac6debea04d21bfe41f9c22646df0496b88	Traian Pop	Paul Pop	Petru Eles	Zebo Peng	Alexandru Andrei
bcd16fbeb80cf504aa45d5545bddf184ff419229	Naipeng Dong	Hugo Jonker	Jun Pang
0876622f6c7a068794d78aabdddf1e173137aa49	Sanjam Garg	Yuval Ishai	Eyal Kushilevitz	Rafail Ostrovsky	Amit Sahai
4e28e5dff30cc829f8f686f6cc0a4c1fc66f387a	Xiaohan Zhu	Bill Lin
aae6ec06fcc961ed1b1b52f1a6c2cadb05fc66b4	Victor Y. Pan
b54b2bec2cdadd7fc6567f659a7e48ab3946e34f	Abdul Naeem	Xiaowen Chen	Zhonghai Lu	Axel Jantsch
00744271b1a9192e4bf4b8cb4b0ba915d827bb4c	Evgeniy Gabrilovich	Shaul Markovitch
8297444a8cd9869f4eee1ce706cba788ff4d0ae5	Bassam Jamil Mohd	Earl E. Swartzlander Jr.
a96c964064c3e34bf543f73dd17f70a840d89126	Rosie Jones	Ravi Kumar	Bo Pang	Andrew Tomkins
12468e58d3a145449afc973c9f7b521a847c8a76	Julien Blanchard	Fabrice Guillet	Régis Gras	Henri Briand
9466c6c77e79413667585ba55e43f94c26fa4139	Jorge Carrillo de Albornoz	Laura Plaza	Pablo Gervás
a39018d40925c2ee9353d9facbfb70fccf7e1894	Sudipto Guha	Boulos Harb
fd42352cf1e0d761d4e18d46d2ccec7f77574d23	Alexey G. Malishevsky	Gregg Rothermel	Sebastian G. Elbaum
b208cfb9da7b46aba73c941b0aaa81d859762d50	Rafael Falcón	Xu Li	Amiya Nayak	Ivan Stojmenovic
40e91979fc4df055a1844f8db9768f70ff35d69f	Frank Neven	Thomas Schwentick
00e17bd820ffdddfeca041f31ae1691d18f6970c	Chuanren Liu	Fei Wang	Jianying Hu	Hui Xiong
f9c56628889c182dc5116b0f3e00a330e27df11a	Heng Zhang	Yan Zhang	Jia-Huai You
a314843f7833df637452cd5e8109afcab7f2321e	Rachel Pottinger	Alon Y. Levy
e576ba18ad8efd5cc1908d2c2d211567fdd9a4bc	Marko Jurmu	Sebastian Boring	Jukka Riekki
7b65e42250ee0976e33bc675575a6034d3ccb6b8	Renato J. O. Figueiredo	José A. B. Fortes
3332653e7f019abd4ce05818db016f40a085ba89	Weihua Zhang	Tao Bao	Binyu Zang	Chuanqi Zhu
8daa05aeb1149d6818048364075bac5ac54b4fcf	Kishore Ramachandran	Sampath Rangarajan	John C. Lin
d1efc6361492ce99ed637b1a8eb3a7656f7185aa	Daniel Rothfus	Christina Dunning	Xiao Chen
153ea7038a52eb81b85d4ca66c754bf727ca6406	Emily Rocke	Martin Tompa
1c222c9e0f65068bfc20620bc89f597ead4ecb0d	Anna Vögele	Max Hermann	Björn Krüger	Reinhard Klein
de1715f90bd21451db0d7040a2eeb39498ad2f5e	Tatiana Tommasi	Barbara Caputo
43a69c96e75be147d11ab023e68c229ed4095a8a	Julie Maitland
1e28589db62cfa8523da102491d680d38044fdf4	Sang Won Bae	Kyung-Yong Chwa
26bae4f8d04e8f195e3d468defad5b8cc4f945ef	Frédéric Cuppens
23319dfe6652eb6bcdb678cb56ea3318443881f9	Cristina Conati	Christina Merten	Saleema Amershi	Kasia Muldner
dde96ef08f63004e92bbb8a8d1f6c10c56f234fe	Jugal Garg	Ruta Mehta	Milind A. Sohoni	Nisheeth K. Vishnoi
05737e80116195486970bad275fe7a958d4a4bde	Golnaz Elahi	Eric S. K. Yu
6bcec9319544fb2913ccb13ccedcbc1013fc1e41	Sylvie Ratté
de15cd39310ae9eed3d08270f66af3c5b648595e	Mohamed-Ali Daghfous	Redha M. Radaydeh	Mohamed-Slim Alouini
e1f840729ed5d65cf61c85645fa7e83f2ef55e94	Alexei Yavlinsky	Daniel Heesch
1604bdf9a49a98a39218f909ee766a913c7a4721	Nicolas Beldiceanu	Mats Carlsson	Jean-Xavier Rampon	Charlotte Truchet
5ae264a424aa8bbfce656a83579812dcc4f5d7bf	Roi Blanco	Alvaro Barreiro
833c3c98e812712b3d1db379a7ff9f625156be57	Wei Li 0020	Lap-Chung Lam	Tzi-cker Chiueh
c937c41d4ff8f3732437f45d1f45dddc4234e8e8	Stanislaw Jarecki	Jihye Kim	Gene Tsudik
e1d68f05dc3e2feb3992934984402ec4b49150de	Yi Liu	Lei Qin	Zhongwei Cheng	Yanhao Zhang	Weigang Zhang	Qingming Huang
ad2ba3d961b14e34375991d9814b8a1082cea9f2	Vitaly Feldman	Parikshit Gopalan	Subhash Khot	Ashok Kumar Ponnuswami
484d68c064373a95ac8460627812b0d5102462db	Sebastian Zander	Grenville J. Armitage	Philip Branch
cac64c40c687c878943acb8a3fc2dd344ebeb033	Li Erran Li	Vahid Liaghat	Hongze Zhao	MohammadTaghi Hajiaghayi	Dan Li	Gordon T. Wilfong	Yang Richard Yang	Chuanxiong Guo
5eefd0388af610051ae3ce53a0c9aa265ab9fe77	Thomas L. Martin	Daniel P. Siewiorek
03b31204f132962ac46a062fd7effeef8d90db6b	W. A. Rajitha Jayaruwan Weerakkody	Warnakulasuriya Anil Chandana Fernando	José Luis Martínez	Pedro Cuenca	Francisco J. Quiles
e1e416475305e0f2002da06b89276eccc28c5e56	Nicolas Brisebarre	Florent de Dinechin	Jean-Michel Muller
ce085f8d3b38cabded3680db7c5677523c96c179	Cédric Fournet	Markulf Kohlweiss	Pierre-Yves Strub
ef3f7f61d705962f6dad275f13787aa2597e876a	William Aiello	Fan R. K. Chung	Linyuan Lu
c3944a8d834a492d2a8a04215faad227b87dabde	Atsushi Igarashi	Benjamin C. Pierce
f6f38ffc188aad586cfdd699107adfb5ef9efa81	Sudipta Mahapatra	Rabi N. Mahapatra	Biswanath N. Chatterji
1e1788ccee8fa4a21fa58f339852767076dc6246	David A. Smith	Jason Eisner
b74a6bf7e9cc994d360b18c548df5c05ce7da57f	Shan Shan Huang	Yannis Smaragdakis
a648c4a58f4c9af108f7a193b84227a50bd13d6d	Jialin He	Hui Liu	Pengfei Cui	Jonathan Landon	Onur Altintas	Rama Vuyyuru	Dinesh Rajan	Joseph David Camp
f6b15713c4a3fe92e20e788c3abf376861fa207e	Huaiyu Zhu	Yong Chen	Xian-He Sun
cc9fcf9cc6b069bf93ef57340683dea3841e1e66	Daewon Lee	Matthias Hofmann	Florian Steinke	Yasemin Altun	Nathan D. Cahill	Bernhard Schölkopf
7dcf781740ad95c6254440ddad7355f62439ce34	Jianhua Yan	Keqi Zhang	Chengcui Zhang	Shu-Ching Chen	Giri Narasimhan
004af6a1df10947ffa3eec7ceb0687c6c79db0a3	Juan Antonio Carballo	Stephen W. Director
77654349912147b32c3119b31e40e0e9de1b8a24	Lin Xiao	Jun Sun 0003	Stephen P. Boyd
21729739e9b4c8ff55ddd31b427575319ecd4707	Panagiotis Manolios	Daron Vroon	Gayatri Subramanian
c246ebc8380779e958b1e7158e2ee395faa97815	Carlos Maltzahn	Kathy J. Richardson	Dirk Grunwald
16c8bc97a022637ba53bab8be1b815a02e26b561	Nikhil Bansal	Niv Buchbinder	Joseph Naor
a0b155ff4ec9595d9051100ae3c88a3bede73f00	Michael J. Black	David J. Fleet
df412c52c929d6761ad4899b15f73478a9c96645	Xiaoming Liu 0002
104f123a189fe58cd4e05335215cbfb073468079	Heiner Ackermann	Petra Berenbrink	Simon Fischer	Martin Hoefer
90c9204a3a5514a718032f867a5be955dfdeeb52	Jordi Guitart	Vicenç Beltran	David Carrera	Jordi Torres	Eduard Ayguadé
7b78ef5b8e9bd558892f135a06e899d4f8ca39e0	Haobo Wang	Ramesh Karri	Malathi Veeraraghavan	Tao Li
d2a3138850a60a640d6c1b3db6b29d8181a2a999	H. Chad Lane	Mark G. Core	Michael van Lent	Steve Solomon	Dave Gomboc
ee6b503ab512a293e3088fdd7a1c893a77902acb	Yuejie Zhang	Wei Wu	Yang Li	Cheng Jin	Xiangyang Xue	Jianping Fan
97df764644e7ce64f0053ff64e457f494b7a1f22	Jian Li	Wen Yuan
860cd3e57d1cf22db695179efbc126ffe69953e8	Zhanwei Sun	Ioannis Krikidis	J. Nicholas Laneman	John S. Thompson
91bcbdf7495ceb1d1197d50d7aaba0a2b1d5f9ec	Shuangyue Zhang	Fan Lin	Chun-Kai Hsu	Kwang-Ting Cheng	Hong Wang
976bb9137359d92fbfcdbfae4f153752d63b8d81	Dilip Antony Joseph	Nikhil Shetty	John Chuang	Ion Stoica
87abc0bfbabd753037a6debc1563036fbbde0f6f	Marc L. Smith	Tiffani L. Williams
1345349908904a0736a5849db3e4d924371052a7	Susmit Biswas	Mohit Tiwari	Timothy Sherwood	Luke Theogarajan	Frederic T. Chong
315163d3559fc3e298f9b190028d86fe83bdf62f	Keehyung Kim	Robert Ian (Bob) McKay	Byung Ro Moon
4863fadc066236cd92e29db0ae4b5e21fd8dc47e	Harri Jäppinen	Aarno Lehtola	Esa Nelimarkka	Matti Ylilammi
4e48deaba01c1ff029b074c9f975e071338f98a7	Jens Knoop	Eduard Mehofer
f7706a02cc5c6fe33083e103a54780fe989961bc	Shafi Goldwasser	Yael Tauman Kalai
9fa5222ff2145d6f990748154117f91791219e63	Inna Weiner	Tomer Hertz	Israel Nelken	Daphna Weinshall
b4a6f0cb94b0ea780b183961adfdeee1de2ebafb	Richard I. A. Davis	Brian C. Lovell	Terry Caelli
43c12359f26b52bee73ea5455dfc4b82325684a3	Robert F. Cohen	Arthur Meacham	Joelle Skaff
ef1c5a773905dfe6690c5f811849afd669c76e0b	Nikhil Naikal	Allen Y. Yang	Shankar Sastry
8008f39a9d0b065e6737e619361c34dbd0c33f43	TaeHyun Hwang	Ze Tian	Rui Kuang	Jean-Pierre Kocher
1d84bdc5b236a10c557d16554efda4ae45ddf56c	David Vazquez-Padin	Carlos Mosquera	Fernando Pérez-González
8d2d497b2d5f08c024e84307b212510bc8ff8e73	Giridhar Kumaran	Vitor R. Carvalho
a8826eb273ce0f9744f866ab22fe7d98abfeecd7	Pramod Sharma	Chang Huang	Ram Nevatia
d31197f0c650a575c0053b77dbcf27d8801678a9	Lan-Da Van	Hsin-Fu Luo	Nien-Hsiang Chang	Chun-Ming Huang
41b481b811dfe0d42d72b55eca00bf0303ef32ae	Wayne Lyons
33d4973a85f8e87c180952cbcdff6ec695022e0d	Donal J. Flynn	Zahid Hussain
d2964922e081b57fbd57421209c7066079773a95	Wei Li 0034	Xiaoqin Zhang	Jun Gao	Weiming Hu	Haibin Ling	Xue Zhou
4ecfc0b40c10522f61eea71bdff519d1f4e5280a	Abdelaziz Khiat	Yoshio Matsumoto	Tsukasa Ogasawara
ba8e5ef43f8e9caa97a895ae6aee5edbf63d195c	Jean-Philippe Thiran	Bruno Piscaglia	Patrick Piscaglia	Benoît Macq	Jean-Francois Goudemant	Roger Demeure
5997632dd5d20c954c8e69fe9db59014c066b869	Clemens Kolbitsch	Engin Kirda	Christopher Kruegel
1c9f5134541064c99075f7a04155c5abe8d19956	Laurent Boyer	Guillaume Theyssier
5b3342994ffed80182163fc5e5136e46223fc3e7	John Hale	Pablo Galiasso	Mauricio Papa	Sujeet Shenoi
696c19edb69b37c10ea5ba381cd3a1646aadb024	Svitlana Volkova	Pallavi Choudhury	Chris Quirk	Bill Dolan	Luke S. Zettlemoyer
472b8c1549ac8483fdc9e6762cf975400e2e0b81	Nathan Cooprider	John Regehr
627e33a2e7a36adfad219c101b434806d117a70f	Natasa Jovanovic	Jan H. M. Korst	Augustus J. E. M. Janssen
908fc76f1f3687f0e2b11e1ec2bf5c3bb0c8746e	Yuanping Zhu
c5c3c6e5359b2e7f864d1ceedc10a93252d01dc4	Moni Naor	Udi Wieder
7b78240c786558ce03913a08436ed23ebaa0732c	Sham Kakade	Dean P. Foster
2ebf08944768caf4e15ae844a763d9994939452c	Miria Grisot	Anne Thorseng	Ole Hanseth
12aced95ba4026bcd651e844a600150d92e18e58	Fukumi Kozato
5a3d4ad1b4b2b44895762fe4ef3748625463daa1	Václav Rajlich
be07e82180452b4f54799f21b1443f5a29792ae4	Katsutoshi Hirayama
5b2f560103b1cb1ee97cc1a738f345163f0f9a06	Aemen Lodhi	Amogh Dhamdhere	Constantine Dovrolis
f8c81bb46bff2c69bc9842da310ca90f384fbc1e	Jeremy Frank	James Crawford	Lina Khatib	Ronen I. Brafman
25f808645ba8d15d3f0d680acd49b3487fc1891f	Xavier Boyen	Daphne Koller
e56671a369b78129e00d9cd4a2e7dcca91144fce	Moses Charikar	Konstantin Makarychev	Yury Makarychev
29ab1fb317559718bc468727369bb37ed91d972d	Evica Milchevski	Sebastian Michel
83a38d179f1a10a6b956247c4b35c908de0ba164	Aman Dhesi	Purushottam Kar
4e30e32a60d47e0b43163b0d69590912836d812a	Gianluigi Greco	Francesco Scarcello
db13541c828af9a7958eddc99f56de54d8a17c21	Dobroslav Tsonev	Harald Haas
d56d1a9e7e967d0de2a22367ee681e4e039d285a	Astrid Brietzmann
5f52037b807d5c663f12519d1208cbd9b5e2537b	Chavdar Botev	Jayavel Shanmugasundaram
eaff2675c590565ad68935fe6acd60dca19ba9d4	Joe Hendrix	Manuel Clavel	José Meseguer
dcacac51375716eccd8c6756e5159794c31618f4	Xiwu Han	Tiejun Zhao	Haoliang Qi	Hao Yu
df738fa4d854465589202e823c552048a9ab078b	Liwei He	Jonathan Grudin	Anoop Gupta
f699718b19ac7d828eed20b9117f98bfbf4d757f	Mira Yun	Yanxia Rong	Yu Zhou	Hyeong-Ah Choi	Jae-Hoon Kim 0004	JungKyo Sohn	Hyeong In Choi
269e9ee6b5fdddf4f8503b07f6853f6a514d92d9	Peter Kümmel
48a06c7731a7f6975701f74f49f16235bdb14218	Ran Canetti	Hugo Krawczyk
71209d2d674010ffa4df1a2660f5b9f27721852a	Kaushik Rajan	Ramaswamy Govindarajan
843e91f6b4c6af9f3863130223bfd1ab2b1bf8ba	Dieter van Melkebeek	Konstantin Pervyshev
edda90a35218df78ab40bc93bbeeb0ddd29a9e57	Jaskirat Singh	Sachin S. Sapatnekar
70ba0f4fc1be330ddeeafd5de246cd2ef4bc67a5	Richard M. Salter	John L. Donaldson
e29a9c6ed724de026d69a4f080a9faecced05833	Sreenivas Gollapudi	D. Sivakumar	Aidong Zhang
f405a0cce1320d6c137ae8fe9279c1868470f734	Timothy F. Cootes	E. C. Di Mauro	Christopher J. Taylor	Andreas Lanitis
945d466dfe5af0e8547e7cf2e1cf69c4a5477cd1	Matthew Hague
86e948c53fcbf3306b81ea2c0a5fb1c0cc255bc9	Eva Zácková	Lubos Popelínsky	Miloslav Nepil
cf67d0d320034cffb469d28665e4ac9cce9be234	Alessandro Vinciarelli	Samy Bengio
0202a2cfc2a3e3ae82ea69781be100309f2325be	Paul M. Aoki	Margaret H. Szymanski	Luke D. Plurkowski	James D. Thornton	Allison Woodruff	Weilie Yi
44e178378b2f3a159328bfb4b43adef346eb6aed	Seth Bridges	Miguel Figueroa	David Hsu	Chris Diorio
042084570ea390686fbe62a00ef59282da67419c	Constantine Stephanidis	Charalampos Karagiannidis	Adamantios Koumpis
bea94d5abc8a287cb1f17d85e8e05cfe6130a265	Siddhartha K. Goel	Tamer A. ElBatt	Mani B. Srivastava
9cac441ad3d943b885ceb379ee26fa8c576d3132	Sam T. Roweis
07c09fd623e4f93752f8809e1ae0b02b9c251ca0	Daniel Warren	E. Shen	Sanghoon Park	Amy L. Baylor	Roberto Perez
6a44e2d1d0f624b15fd88ad720019ea9231d57ea	Luke Hogrebe	António R. C. Paiva	Elizabeth Jurrus	Cameron Christensen	Michael Bridge	Julie R. Korenberg	Tolga Tasdizen
6b2b078b15672b13e3f3eea33de171c1241c7a08	Gregory Chockler	Dahlia Malkhi	Michael K. Reiter
f28cf51316d89184fb90680722b3c7d693234589	Jacob Chakareski	Pascal Frossard
e41efb323986bff06b9e203637a4daa56226f0a7	Mathieu Baudet
58b103b238c257023c85ad35310d9b74d3ebd829	Anthony Vetro	Yao Wang	Huifang Sun
2d15f14ef0a23331cba9494144365ded913e5dc3	Matt Postiff	David A. Greene	Trevor N. Mudge
38e86571cc6adad093e44d6a074adb6c65f1b3e3	Michael A. Bender	Gerth Stølting Brodal	Rolf Fagerberg	Dongdong Ge	Simai He	Haodong Hu	John Iacono	Alejandro López-Ortiz
12b1a4fff4f7def7f0e40aa0b0413ccec4e6b453	James Bowen	Chavalit Likitvivatanavong
8f4f598da2799edb06cb107e2d6170d26bc66868	Timothy F. Cootes	Mircea C. Ionita	Claudia Lindner	Patrick Sauer
696385d0b5b3ad778cc85f189bd2ade5a109736d	Simone Paolo Ponzetto	Roberto Navigli
d89bff4622360c783dd3d7eb08c9f1109ce136d0	Milind Tambe	Gal A. Kaminka	Stacy Marsella	Ion Muslea	Taylor Raines
64ea8c10f80e822d4f5335f32ea804141e58871f	Xihui Chen	Ton van Deursen	Jun Pang
6b8a1e54b9b275dd1bb128c49ffbc227d1365b50	Bikash Sharma	Timothy Wood	Chita R. Das
d9879065f8a71fe0ab116e0059c20e2c47067eac	Ilya Issenin	Erik Brockmeyer	Bart Durinck	Nikil Dutt
611f8459b9a4aa2b1c50517ee086c7ec5238ab32	Takeshi Abekawa	Kyo Kageura
09437d40dc213ba1a942b233c37d447337f5c056	Pratim Ghosh	Mehmet Emre Sargin	B. S. Manjunath
fc2866c60770b4565e32267781c8ff361ba51cd8	Yan Pan	Prabhat Kumar	John Kim	Gokhan Memik	Yu Zhang	Alok N. Choudhary
7d7869ea615309aef54288e28e80280fc9b3d9dd	Earl T. Barr	Thanh Vo	Vu Le	Zhendong Su
26ad6c18609e0d4de3f5616fbd2b6928ab9b816e	Eduardo F. D'Azevedo	Charles H. Romine
e14c83c1e3b0557c50618f9da45377f992bd1bdc	Paul Scovanner	Marshall F. Tappen
52d662f2dc1b142384d8d099592a04a6aaf28bd1	Elisa Boari de Lima	Raquel Cardoso de Melo Minardi	Wagner Meira Jr.	Mohammed Javeed Zaki
52b1f688ddb8f943fa65cc4b875181f6497ae14c	Alexander E. Richman	Patrick Schone
a95e774d6f2374e7faa329d873f22f213f3a2bbe	Endre Bangerter	Jan Camenisch	Ueli M. Maurer
a18224294964dbdbba67a541b6700c9ad7ccf7ed	Steven O. Kimbrough	Ann Kuo
bd962125186aca5029eda79d6e92f14845c77b6e	Kezun Zhang	Yanghua Xiao	Hanghang Tong	Haixun Wang	Wei Wang 0009
6e7a77ea5deba1e3932618bacdf587546fa1ee5f	Ye Wang	Wendong Huang	Jari Korhonen
6adc6348b22932b0250d578da749f97a06804618	Wenzhang Zhu	Cho-Li Wang	Francis C. M. Lau
16aeeae61701c74fdb3b560ec1ba7eef086bb4ce	Umut Uludag	Anil K. Jain
22cf3081c679431714e8cbda55cd89c57678c3b8	Ping Li 0001	Arnd Christian König	Wenhao Gui
1b802ca0a6dd56e8ebec34d16511cd83f8ef917d	Andreas Herzig	Omar Rifi
d0c34b2534382e82450f41d76d6409ee3d1957ce	Reyhan Aydogan	Pinar Yolum
1c14996f9cbb1ea09f5dae69215a5ffe21a21ad9	Kevin Laframboise
560d227cc36eda4076c9c29591e8672da7816d19	Benedikt Schmidt	Johannes Kastl	Todor Stoitsev	Max Mühlhäuser
79787b960e15158dcec30f9e3489bbad407d044d	Jan Fornell
0085c699cbf4323ff5d43818f382a8e9e4e832bc	H. Brendan McMahan	Avrim Blum
a2c6fa62fd13e2921890b75e9f046bf25878a5c8	Noga Alon	Asaf Shapira
58ed7620977bd9d38e0829ee287fb0bf8881b2ed	Ayman El-Baz	Aly A. Farag	Georgy L. Gimel'farb	Mohamed Abou El-Ghar	Tarek Eldiasty
c3b9e50b9f0e5453df7eefb6ed87034b0a6a94de	Erik D. Demaine	MohammadTaghi Hajiaghayi	Ken-ichi Kawarabayashi
dff621311792f4430d3a53e808ff831154f35fef	Maneesh Sahani	Jennifer F. Linden
91f635799571a71df23a4371767610bf0e0072f4	Yossi Borenstein	Riccardo Poli
f31f8b60d0f068e429429a6b3ec019981d37b2a3	Vicente Luis Atienza Vanacloig	Juan Alfonso Rosell Ortega	Gabriela Andreu García	Jose Miguel Valiente-Gonalez
89e7b978bfa643380360ece500969a34f686b71e	Carmen Banea	Rada Mihalcea	Janyce Wiebe
eacb50888c8521510ff92687c264ffca801e1de7	Christoph Ide	Bjoern Dusza	Christian Wietfeld
fd383569c72b489e2d8b07e133da3008bba4018a	Edouard Bonnet	Florent Foucaud	Eun Jung Kim 0002	Florian Sikora
db95ca64fbcaca39f5c7a72d9b986c11af23da51	Michael J. Jacobson Jr.	Alfred J. van der Poorten
9efef8e7d6018fedb364ded2aec5f7edb3ae1130	Seong-Ook Jung	Ki-Wook Kim	Sung-Mo Kang
21d3c4aeebf81e8b4c5edd7cf745b3867b2bdbce	Fei Fang	Peter Stone	Milind Tambe
fb05df2acb8c5324a2b2822e0d663e4a2be16050	Abbas Mehrabian
4af65043ceed7da2c4d86de1e06f7a66d34248ca	Markku-Juhani Olavi Saarinen
4cb86aa4f810d9853a625d0ee698c772b1a24908	Xiangyu Dong	Naveen Muralimanohar	Norman P. Jouppi	Richard Kaufmann	Yuan Xie 0001
8cb9943c2dd35ecf6ac3c607f82c27112330b667	Alexander Krauss
8d45af8a6797244e5614406a1cfe7980f48760a4	Ramin Khalili	Dennis Goeckel	Donald F. Towsley	Ananthram Swami
654abfe4211a006bc6e9b7e38a7e9c0c68ef738c	Liyao Xiang	Shiwen Ye	Yuan Feng	Baochun Li	Bo Li 0001
722cb1263d768cf9c09f704f05cf987a0d18ddcb	Shawna L. Thomas	Gabriel Tanase	Lucia K. Dale	José M. Moreira	Lawrence Rauchwerger	Nancy M. Amato
3b05cef0b2ebbe5acc1e670c411dca5c8f511a70	Shan Chu	Xin Wang 0001	Minming Li
b7044834dc766f1031ea1fd5151c48c7faaa3083	Amy P. Felty	Douglas J. Howe
80e015ae1890e8b49a26e0aaba7e60fd716cba96	George Kollios	Dimitrios Gunopulos	Nick Koudas	Stefan Berchtold
763663e6b3a09c486cc1550f4e7857c6ddb61708	David R. Choffnes	Mario A. Sánchez	Fabian E. Bustamante
d09f44c25ebf4cd41c83f10d6d018a72445d98df	Marc Levoy
bce1c2d9866a3190b0e2cdf77b3492241870002e	Billy Chang	Uwe Krüger	Rafal Kustra	Junping Zhang
6d96312f7bd1ae1191a8123ef1584d55302ab62e	Myung-Seok Choi	Chul Su Lim	Key-Sun Choi
12d037436e39a3ea8bf46f3ceb7a7078c8e7c73d	Ming-Chun Tien	Yi-Tang Wang	Chen-Wei Chou	Kuei-Yi Hsieh	Wei-Ta Chu	Ja-Ling Wu
820f51be1ca2979d5f48675aac82736e34d7ec32	Ping Xu	Pascale Fung
978c07e7fb7a7c2370c894855049dc0b54377bac	Mehmet Ercan Nergiz	Chris Clifton	Ahmet Erhan Nergiz
6ea7abf5bba97c759d946eb2eeca888144087a1b	Hongwei Xi	Chiyan Chen	Gang Chen
c99942fa3f13f953918d57c46292942303224f14	Christos Kotselidis	Mohammad Ansari	Kim Jarvis	Mikel Luján	Chris C. Kirkham	Ian Watson
a47b1dabd4f01aaf5fa9164e0308c4fd6728532f	Ge Cong	Songde Ma
21e8a6135c8a0e470e85a7577f1c49e5f55da48d	Jingwei Wang	Xinbo Gao	Juanjuan Zhong
64363bbe14df6cf9a17653ee4b7f67f88b24d797	Alexis Battle	Gal Chechik	Daphne Koller
680267751581e41ee8bbb92c36e24572754ee0bc	Andris Ambainis	Ansis Rosmanis	Dominique Unruh
8a5069d3c18f762a8f3283032f1375357e9128af	Peter Hooper	Yasin Abbasi-Yadkori	Russell Greiner	Bret Hoehn
2ba266b79d833cdfe4f8d16da6c6c10f6b2935c7	Juha Kontinen	Jakub Szymanik
96cbb08e003d5cc9f2e48cd451b4708f1c848140	Tanasai Sucontphunt	Zhenyao Mo	Ulrich Neumann	Zhigang Deng
4bd69fd738831e063581f0741702d53d02341e82	Sami Yehia	Nathan Clark	Scott A. Mahlke	Krisztián Flautner
a6a9a55ba5d08ad425ac1b8c12abb1da7a8ba74d	Alonso H. Vera	Andrew Howes	Michael McCurdy	Richard L. Lewis
db918a958ddaa59b38117b2431181c9310d3d8d5	Nele Noels	Heidi Steendam	Marc Moeneclaey
621b638eed9ca82b83e791f4e85dbe0f349b6bf6	Huawen Liu	Jiuyong Li	Lin Liu 0003	Jixue Liu	Ivan Lee	Jianmin Zhao
c2c1509ef28b161e07e8c8a50454cd7380671421	Krystian Samp	Stefan Decker
650e1d2d78d2000c1cb00fffca61d2620db8e3e5	Hailong Cao	Dongdong Zhang	Mu Li	Ming Zhou	Tiejun Zhao
61b4ba97ce0c27f82b249b68e0740e06d1ebf26e	Dongfeng Han	Wenhui Li	Wu Guo
6c580f6d2affca6deab05d11fda89440bceabc65	Mostafa I. Soliman	Stanislav Sedukhin
dbd760607652866bcda3e9ff013113915112e713	Tatsuhiro Tachibana	Yoshihiro Murata	Naoki Shibata	Keiichi Yasumoto	Minoru Ito
944e5ee521cebebddfd52d6ee329163078b24458	Alin Jula	Lawrence Rauchwerger
85d69b4a7c5ed113ce298d14dcac4d1991d2c41d	Gerth Stølting Brodal
072cae4f4da9d9e810fcb30899a52954c04ccab7	Nick G. Duffield	Pawan Goyal	Albert G. Greenberg	Partho Pratim Mishra	K. K. Ramakrishnan	Jacobus E. van der Merwe
31dbd5a56e35a14eb556637a2124207c725bcac6	Efthymia Tsamoura	Vasileios Mezaris	Ioannis Kompatsiaris
dc70965164aca36cff4569a5df9350ce41a0ea5e	Bobbie-Jo M. Webb-Robertson	Susan L. Havre	Deborah A. Payne
a9b5821e110c2bc77af8ece773a56e147c8ab26f	Dominique Barth	Thierry Mautor	Daniel Villa Monteiro
3aecaacf17f3e5b1eaab9071119c8dfd34e16eeb	Bing Sun	Zhiqiang Liu	Vincent Rijmen	Ruilin Li	Lei Cheng	Qingju Wang	Hoda AlKhzaimi	Chao Li
77a2134ed5bbbb0d94639e5adf5e02cb9ddfa6e7	Luís E. T. Rodrigues	Achour Mostéfaoui	Christof Fetzer	Philippas Tsigas
3074cffbb72923b6229fc72fd5814e1d09de1290	Shamim Begum	Sandeep K. Gupta	Ahmed Helmy
dfda14b54fd99c58f6aeb84bd9afde17718619e5	Isaac Weiss	Manjit Ray
fa1f4f34cf4502ede6257305ed8e6c808b6b3643	Huayan Wang	Daphne Koller
4ab3f629a945fa54a475b8f2a94b6cadc11e01be	Srikanta Tirthapura	David P. Woodruff
af15ccc9484bdf61ecc47cac7052d831971adda0	Timothy Danford	Robin D. Dowell	Sudeep Agarwala	Paula Grisafi	Gerald Fink	David K. Gifford
da9bb9f2ece9037c2cdb1ae393262c05f9fca1d9	Malay K. Ganai	Aarti Gupta	Pranav Ashar
024a6b8981750bbce913c8a8d13609be255944fd	Alexander Clark
61383eca2b2442e569fe367351113e86a345f322	Tobias Schneider	Amir Moradi
a3f70797af644e05882507e67d71555adaad980c	Sonia Fahmy	Minseok Kwon
78f43b29c83a10c50eb02f3043ee18b0308c536c	Leif Azzopardi
b0d4190ea1d153fcf209e7c9005c075a97cf7fdb	Chaiwat Oottamakorn	Shiwen Mao	Shivendra S. Panwar
981344126d8fe709d281000ed5d5288bb443509f	AiTi Aw	Min Zhang 0005	Juan Xiao	Jian Su
5bab310e6c2ffbefca39408ab74c5a04775a72f1	Michael Benedikt	Timothy Griffin	Leonid Libkin
93b74300bed37f4ddff1f6553d7aaf88506f82ce	Sevan G. Ficici
9f01285ce7c570564e4ad9d12949059eaf826c0a	Phillip Isola	Daniel Zoran	Dilip Krishnan	Edward H. Adelson
e7d32de84591b2a2a600882671f6478ed2ce6ecd	Christoph Munkelt	I. Schmidt	Christian Bräuer-Burchardt	Peter Kühmstedt	Gunther Notni
b4b1b0e154ee8108905e342c67e61fc4c9ed82e2	Nelson Gama	Maria do Mar Rosa	Miguel Mira da Silva
84fdf5159ab580ece8589e1a474403d22eab5dcb	Chen Avin	Yuval Emek	Erez Kantor	Zvi Lotker	David Peleg	Liam Roditty
b913d1bb258097fc67500b4faa4226252c1135ef	Lucas Kowalczyk	Allison Bishop Lewko
2ec2f8cd6cf1a393acbc7881b8c81a78269cf5f7	Douwe Kiela	Léon Bottou
089ad394f9e0463c2f12e3d3cfbe8485485e6897	Anand A. Joshi	David W. Shattuck	Paul M. Thompson	Richard M. Leahy
e037e9e1ac4db4e41c543a8669356c4e3583de1a	Massimo Poesio	Udo Kruschwitz	Jon Chamberlain
a6de4a7a44e03c9ec3c8e7dabd2e709836bd7c97	James Smith	Giovanni De Micheli
14a3304a40d6ef79e082055e7455d3c3de8b3dcf	Siqi Nie	Qiang Ji
3ad6d5c0ce7c5b9cf56afeab77a8ce5a4a531290	Mihai Ionescu	Dragos Sburlan
8aaf85bd448c0e2062098bffa5e2f34fccc9d8a0	Topi Mäenpää	Matti Pietikäinen	Timo Ojala
bdeb8cc8b74aa8ad4aa98b374154673e4ef6cfd5	Tsuyoshi Moriyama	Takeo Kanade
dc4e9ab4e1a3bdd24e34a523264ccee5fee19f67	Yehuda Afek	Amir Levy	Adam Morrison
faf4400fefa1a5cefa128d65f23eba8cc2003eaf	Andrea Ferrara	Guoqiang Pan	Moshe Y. Vardi
dc6c66eb9a78b2a9395a1289c4985199414db4ed	Irene Fernandez Monsalve	Stefan L. Frank	Gabriella Vigliocco
527322846df25b2df0073d9144da46c5f407d3fd	Rayomand Vatcha	Jing Xiao
f699a9f627dd5f4aca208ba1ff9ed4dd518e783d	Bo Zhai	Ronald G. Dreslinski	David Blaauw	Trevor N. Mudge	Dennis Sylvester
102ab63990b4629fcd740d9d20e648f32a136912	Silvia Richter	Jordan Tyler Thayer	Wheeler Ruml
08b8d9c9576a02c6efc5e8bf70b7ad6972973cda	Giancarlo La Camera	Stefano Fusi	Walter Senn	Alexander Rauch	Hans-Rudolf Lüscher
664195adfadd9e7ef5bdd0c7ba43ef00fce6f4a4	Roser Morante
9d239d5dbda8c66e03172ea4d8c7cda1c8dcb197	Martín Hötzel Escardó	Alex K. Simpson
99d80f10359ac899fb8cb98b0c8a3bed7f135d1c	Zifei Zhong	Ram Keralapura	Srihari Nelakuditi	Yinzhe Yu	Junling Wang	Chen-Nee Chuah	Sanghwan Lee
35d7d4a497bf586a0323893939b015db91ffe86a	Boxing Chen	Roland Kuhn	Samuel Larkin
17b6ef93649bfe4c273b531028ee4550fbc5ac0a	Jim Jing-Yan Wang
8bd526ca8a639bc6983c2683809e452989e794a3	Koichi Takeuchi	Kyo Kageura	Teruo Koyama
e009cdaccf05bdedf1647cc1600824fb5bfaed31	Ran Duan	Seth Pettie
7fd4df52d3d364e34acdf6297d1bf69fcf21930a	João Paulo Pereira Zanetti	Priscila Biller	João Meidanis
ff7dffd272b593355b9d3b86f887d9941c63af22	Claire Fang Fang	Rob A. Rutenbar	Tsuhan Chen
0c45f23551a88db06af891dcdc633317fa64bc88	Olivier Le Meur
3d9add004b34e79629f321724285f7f80e329d9d	Ozlem Bilgir Yetim	Margaret Martonosi
503cfbf983bdd7229b5054a237ad82ca86db325e	Michael J. Spriggs	J. Mark Keil
323f596b85a35bce45eac65ff4855e08fcdaa31d	Francisco Curbera	Donald F. Ferguson	Martin Nally	Marcia L. Stockton
e6cbdecf479910a868feb14e4dbfed5e56b61b93	Ryan T. McDonald	Kerry Hannan	Tyler Neylon	Mike Wells	Jeffrey C. Reynar
d10813692d7f70fad03e03295d03feeac9c420a2	Nikhil Bansal	Subhash Khot
6214ce3d46d58135730a4509c4cc9aa2cdaa629b	Jean Gressmann	Tomi Janhunen	Robert E. Mercer	Torsten Schaub	Sven Thiele	Richard Tichy
7d9a884d0289063c250feac2543f8d1ecc1f1e2e	Dimitrios Velenis	Marios C. Papaefthymiou	Eby G. Friedman
33c171926c708b876cc75e84f64bd3a18ea4fbb9	Marina Zapater	José Luis Ayala	José Manuel Moya	Kalyan Vaidyanathan	Kenny C. Gross	Ayse Kivilcim Coskun
6b0d0199bf62aada24d3400e7916441174bb24f6	Yacin Nadji	Manos Antonakakis	Roberto Perdisci	Wenke Lee
250796f2fa80b2ea557f2728d7a0de5eb0124ab0	Krishnendu Chatterjee
1aadad3872f7fe564a98a3d9205ba3c329594075	Cuihong Li	Bin Yu	Katia P. Sycara
955e668df6f2e007f0d924096fae9d3a0d141155	Martin Held	Willi Mann
bcbcd8ccbd9f02e5c6cafe65b04c0be4d66343d6	Rinat Khoussainov	Nicholas Kushmerick
da9b4dab133cbd1d41f0efddbda364c89b1ee6c6	Claus-Peter Wirth
b58010af502de1f95cf6da8c7dbb355b0f6395a1	Yasamin Mostofi	Timothy H. Chung	Richard M. Murray	Joel W. Burdick
5eab0a56efadbf865121098d07449bc38aa8dbea	Sanjoy Dasgupta	Adam Tauman Kalai	Claire Monteleoni
6c5a78391ec5295a614af2147826a23693e8c711	Hidehiko Masuhara	Akinori Yonezawa
3b686ab003d27da0ea0c385a0ac6927e66bec9bd	Bianca Zadrozny	Charles Elkan
d42045e134418fc379ef245cc3241cadbe0a7ddf	Ying Zhang	Zhuoqing Morley Mao	Ming Zhang
75edee838c237c84b9656a17fdb450ccc4e0e461	Michèle Lavagna
bfafdbbae553ff90f1d09ad9be9b189159a19c12	Guoliang Xing	Jianping Wang	Ke Shen	Qingfeng Huang	Xiaohua Jia	Hing-Cheung So
a4646ebfe6578c3337f239db199949f4f378c2df	Ping Ding	JoAnne Holliday	Aslihan Celik
0caf94d184087e175245540a54cb10c16a4745fe	Shiau Hong Lim	Yudong Chen	Huan Xu
25547f6e6a3c0955e84def318dbe574a9106be4a	Utku Sirin	Faruk Polat	Reda Alhajj
3f7185a9da72ed0fe8c8f17a018e27b05ed1693e	Jonathan S. Turner
c9acaf4271d6802d4f4773404e5024d248969fd2	Guido De Sandre	Mauro Forti	Paolo Nistri	Amedeo Premoli
133955a22d7531b8658aa5830c02736be4f43b65	Dongyu Liu	Fei Li	Songqing Chen
f552dbf87817718b2e09f30e60cbcf288dbd54c5	Chi Ho	Robbert van Renesse	Mark Bickford	Danny Dolev
0bd3297f6a794fddd738756ffed41471a61b8e11	James Henderson
4d14f649dee2d070dff0c8c430a8d3c85a6a0975	Guoqiang Pan	Moshe Y. Vardi
e5ea23cce43e0d4ecbb36913f44fdbb290381cbf	Christoph Karg
e2527fb65ae8be3d5807af4f7942a7faca542cd6	Vijay Chandrasekhar	David M. Chen	Andy Lin	Gabriel Takacs	Sam S. Tsai	Ngai-Man Cheung	Yuriy A. Reznik	Radek Grzeszczuk	Bernd Girod
8b924531c3d85b79939e2048896fc678f4013bb4	Loren Arthur Schwarz	Diana Mateus	Victor Castañeda	Nassir Navab
f1e9ea5817dadd2573e421ce3a85d1882a103dee	Asif Mehmood	Nasser M. Nasrabadi
0df395aa3e8c3ab10be1fee425b02782ed575d29	Thomas L. Griffiths	Joshua B. Tenenbaum
25c03ff00d0bed4acaa690d570b7b013342317de	Lang Lin	Wayne P. Burleson
f5a4c371a430f0614fe9ce4256e362bdd652fb9d	Deeparnab Chakrabarty	Gagan Goel	Vijay V. Vazirani	Lei Wang 0010	Changyuan Yu
f309e2ab5ee2e41db3068289d9420fb59fb11ba9	Jack Dongarra	Greg Henry	David S. Watkins
0062526e2c87d1fd47388c13050cbc2871f766db	Giovanni Russello	Arturo Blas Jimenez	Habib Naderi	Wannes van der Mark
41fd083e0779d59a7c587ae42232c526c8efa2fb	Juan A. Sánchez	Rafael Marín-Pérez	Pedro M. Ruiz
a0b8be815d1fa7bcfc823bc0c1aaceb1f99ce8aa	Vincenzo Auletta	Roberto De Prisco	Paolo Penna	Giuseppe Persiano
9a44aa6840de4aa1c373401ed18ca9da662c7abb	Ripal Nathuji	Balasubramanian Seshasayee	Karsten Schwan
b639bcb7e3184909450e7380a0795abd6de4ecdd	Hao Feng	Leonard J. Cimini Jr.
64029063011f0517967dcb84049fea2e1bf44f2a	Harichandan Roy	Shuvo Kumar De	Md. Maniruzzaman	Ashikur Rahman
c6a7372a29812a61926c5875ec0676e0a7290b91	Adolfo Rodriguez	Dejan Kostic	Amin Vahdat
0b8ab1f29158691abc928da7d4f744983f4de51b	Evguenii I. Goldberg	Mukul R. Prasad	Robert K. Brayton
bbc3da6d418f57cd56fd3b1d6a24f13c710b2308	Ling Shao	Xiuli Chen
710299089fc8cc7a99beb075d77db2b2f6765b86	Richard Socher	Adrian Barbu	Dorin Comaniciu
69e46f94b0f4e672ae09c0be08cc8cbb333a5c55	Welf Löwe	Alex Liebrich
56ac7870c2e378f0184e439f4da6ecddd5efa992	Andreas Wieferink	Tim Kogel	Rainer Leupers	Gerd Ascheid	Heinrich Meyr	Gunnar Braun	Achim Nohl
e62fa49f8d0df0017e32c66836086be4c7541d0f	Karim Ben Chehida	Michel Auguin
2288515f75904bc3358f12319442fe643db57c24	Sergio Cabello	Josef Cibulka	Jan Kyncl	Maria Saumell	Pavel Valtr
9a853c3e3743b66b6da0426b725cab4e22edf9ea	Shengrong Bu	F. Richard Yu	Halim Yanikomeroglu
d0d83b2a41de55618375a087c655385ec072b0bf	Jen-Her Wu	Yi-Cheng Chen	Li-Min Lin	Arun Rai
8f36dd712db6b5ad5bc8601259b04f77267cc23a	Willis Lang	Rimma V. Nehme	Ian Rae
3bcb45255384b94d603c91e8308a48c0bf9c19d2	Christian Decker	Till Riedel	Emilian Peev	Michael Beigl
0d07b9746c3862b6263037ee405e4f7fcd6d51f6	Leah Epstein	Asaf Levin
9f9c70214b3c2563b326ac9b78c9f19a8c7c29e2	Mohamed A. El-Gendy	Abhijit Bose	S.-T. Park	Kang G. Shin
26f96ba9abe554ff5e3c5a88e43ba36812ab7879	Tamara Alsheikh	Jennifer A. Rode	Siân E. Lindley
ad95a158320143219bd4ceaf4b4ea29693c99ce1	Jorge Igual	Jehad I. Ababneh	Raul Llinares	Julio Miró-Borrás	Vicente Zarzoso
bcf19993f3b45312f8a1292bf8e833ff20bb9d6f	Michal Irani	P. Anandan
ea9b0e7f998dfafd5c88980c7e182e9ae55cc115	Carlos Pacheco	Michael D. Ernst
9f2bf75372916a735b24d23a2efff79499ede6c1	Masaru Tezuka	Masaharu Munetomo	Kiyoshi Akama
652934effeceb9fb39392a1783064834d506c0eb	Steve Mann	Ryan E. Janzen	Raymond Chun Hing Lo
3282cb4b9ec1cda352cc5ed4aa7fcfa9a60b424b	Radu Marinescu 0002	Rina Dechter
a4ac5b5e63942b95c5ebbf51019869950282212d	Miklós Maróti	Branislav Kusy	Gyula Simon	Ákos Lédeczi
6c1513e2823131a319dbcce4780bdb3e3563c089	Guido Moerkotte
561549561779d0d382a228f0560ad17415014b59	Srinivasan Murali	Almir Mutapcic	David Atienza	Rajesh Gupta	Stephen P. Boyd	Giovanni De Micheli
5ef874a8f60ad6892924dff1ab0a4de0d221d52c	Sundharesan Vengatachalam	Mehrdad Nourani	Mohammad J. Akhbarizadeh
0dda151030cd64198497ddfefd324fc1b57779d1	Srinivas Narayanan
8172673feed464190e4cddf5ccb91dcf8732fa69	Siu-Wing Cheng	Chi-Keung Tang
b84280bf242a01830dc3f566392d8ebb475f77e9	Craig Gentry	Philip D. MacKenzie	Zulfikar Ramzan
5e86b0d98b10858ea2604624a171679d91d99409	Franck Cassez	François Laroussinie
809c669fd68bf0264de4ef98dc64a86ab5cc11da	M. A. Hannan Bin Azhar	Farzin Deravi	Keith R. Dimond
90eb79416e28cf54b1de04402c46ba6a3622d727	Andre Störmer	Gerhard Rigoll
50557ccad61444a56cc1b4590820461f4806ee7c	Florian 'Floyd' Mueller	Matthew Muirhead
fafa8b955349d3f9d674ddde9b18f4afed7cbc87	Yu-Shiang Lin	Dennis Sylvester
0ab9dc7290e2ba31028a535d19b66dc02aa492c5	Hervé Bredin	Najim Dehak	Gérard Chollet
a6c6c20bbebbfbd9b2cce6523f6a68052e54fb2d	Qingfeng Liu	Chengjun Liu
dcac25d9432a68cbf47ef1a9bf6a75a2e22e36a9	Deepak Goyal	Robert Paige
223a193cd56932e12d39266b554135226d549a1c	Saher Esmeir	Shaul Markovitch
2feb97bd391ef89f65105330b18724e0086d8aa8	Hadas Shachnai	Tami Tamir	Omer Yehezkely
6ccbb23c80f5b2197e1398d6adaef6a478aefc5a	José C. Palencia Gutiérrez	Michael González Harbour
f303df82c8ffcb9b8c403a7d3f6d3249f682f9ef	Yi-hua Zhu	Xianzhong Tian	Jun Zheng
f0f6ee118065168e65a4e91f13c495021fd62a51	Marcus Gelderie
f291027938554c2728ecd04be6aa0baba7e6b48e	David Leo Wright Hall	Alon Cohen	David Burkett	Dan Klein
fd2dd8d327fa678113fc455f8c8a3f9b39d29fe9	Justin Matejka	Tovi Grossman	George W. Fitzmaurice
3cddc7277aea4a150ac7738f98b0f08707a4a823	Gruia Calinescu	Peng-Jun Wan
c6bd57cfe0fee822bd02acda2ca478f88ba5f761	Olaf A. Hall-Holt	Szymon Rusinkiewicz
92debf0228e0588c09826b27a8b6e3b7d3f9a35f	Tiziana Calamoneri	Andrea E. F. Clementi	Angelo Monti	Gianluca Rossi	Riccardo Silvestri
1820869030fca660212fb7a6449b6ad1aa99d9db	Cormac Flanagan	Stephen N. Freund
38082288fb2adcc509484b477c93953a5946b378	Yoshiko Arimoto	Sumio Ohno	Hitoshi Iida
d5711df0274b3f12b9ff41bbb758a5bf98b08097	Jun He	Pierre Flener	Justin Pearson	Wei Ming Zhang
825e80632096bec586a7b9b29655cba8f922cb82	Balder ten Cate	Luc Segoufin
ab8f534c50c6c584b49d6324fac9d7dec8e73e7c	Gideon S. Mann	Andrew McCallum
825a2449b969cee4b47ee3bb82d29ea6b69694d0	Xiaolan Zhang	Larry Koved	Marco Pistoia	Sam Weber	Trent Jaeger	Guillaume Marceau	Liangzhao Zeng
cec0da039d41a1b0553cbe1e772095ad80bf1d76	Jing Wang 0008	Kristin J. Dana
513127607ef6ba62295c24746d3a994601f88291	Aviral Shrivastava	Ilya Issenin	Nikil Dutt
44415a22ffb1e4b0471433fb6326503af500817b	Yedidya Hilewitz	Yiqun Lisa Yin	Ruby B. Lee
15e38e34b3360f59a33a06be63b7f73457915da5	Hongkun Yang	Simon S. Lam
26364baae4556bd6c94bdb74409e9903286ef7c6	Arash Farzan	Rajeev Raman	S. Srinivasa Rao 0001
3b0d2ab0a7ce9fa97cb7470b904055f3b81fc73a	Martin Haulrich
81ff8885fd11af461fce05cf797ddf175664b305	Charles Dugas	Yoshua Bengio	François Bélisle	Claude Nadeau	René Garcia
c37f9f46b643ba56fcf48315df49556e02bd0b3b	Ying Lin
d34d45f8d9a193eb07940d808f66f557d380b96f	Hao Jiang	Ze-Nian Li	Mark S. Drew
f848c211568a773a617606bf2f5b2a8f508b1130	Peng Li	Guodong Li	Ganesh Gopalakrishnan
6c68c0c5edbf23fb9b0a016684877e7636ee9ded	Niklas Lavesson	Paul Davidsson
c995bf62b61e70aec676d9e4effea1ac8290b48a	Hagen Spies	Hanno Scharr
93e6deb8ac31807df341728a469984add00aed27	Yangchun Fu	Zhiqiang Lin
f4e23c9fa4b339c57d68cbb4d16aca3cc127ff23	Donald A. Adjeroh	Fei Nan
1c5714e75442b9d95d257e7a4349aabb1434417d	Arnaud Venet
d80f25fe74d1e8c2bf6986989ae63477e434b108	Alex Xiang Feng
134fc2bb80a4521da5cedfb1fcd5901791c6f011	Jinjun Wang	Changsheng Xu	Chng Eng Siong	Ling-Yu Duan	Kongwah Wan	Qi Tian
b08699248b55b15255892b07430c9e7396a77dca	Hasan S. M. Al-Khaffaf	Abdullah Zawawi Talib	Rosalina Abdul Salam
113cf3a6c3b95943c8667b5fd0a6346f95c5b25c	Esti Yeger Lotem	Idit Keidar	Danny Dolev
6b55eaf27d08910123dfa83aa9d90950f98708e0	Min-Ling Zhang	Kun Zhang
40d9b6e9cd54f067f7f37bbe5c8042e24bed59e0	Charles L. Byrne	Stefaan Vandenberghe	Edward J. Soares	Ignace Lemahieu	Stephen J. Glick
075fe9b777adae7e59e125283ce3960f38e7257c	Filippo Bonchi	Barbara König 0001	Ugo Montanari
240ea5cb0b741ad03df4b03c2f62ae5a5649f052	Ferid Gharsalli	Samy Meftali	Frédéric Rousseau	Ahmed Amine Jerraya
1eac46ef3f1ec6bc60c51fdaac312a37e0d2eff7	Gerhard Fischer
60239e817126f2bcdfd5539f9f9f46a155d7ba3c	Nikhil Karamchandani	Massimo Franceschetti
6204400947100e6ad3e10fbf04db60e8897ccedf	Gabriele Puppis	Cristian Riveros	Slawek Staworko
afdfe9f0c5384d09d34dba28e87520882195037f	Yanghai Tsin	Visvanathan Ramesh	Takeo Kanade
4759bdfcf22dabde8fc07d1d4f4895dbba60f2e5	Daniel Weiskopf
dcbf587642c39f495117552ca453a4f955ffa76a	Pulkit Agrawal	Ross B. Girshick	Jitendra Malik
e489f285725705211bda1f3d6bf95f6fed3b01b1	Vikraman Arvind	Srikanth Srinivasan
d91378104251b1c9621a168b02fcd2e720756a7c	Aurelien Bouteiller	Thomas Hérault	George Bosilca	Jack J. Dongarra
8ea489cdb1dc3a5fd5c6e26b6bac330b17a22ffb	Sung-Bae Cho	Sang-Jun Han
5976dfe36e6122e488bbf6cd3c6b6fc3a6cf75ee	Peter J. Haas	Christian Koenig
147856e2a691489587efaa982468e7040c017b1c	Marco Antonio Paz-Ramos	Jose Torres-Jimenez	Enrique Quintero-Marmol-Marquez	Hugo Estrada-Esquivel
09e88460a9379a6cd979b3954f8c4d3bbb9de0dc	Katsumi Inoue	Taisuke Sato	Masakazu Ishihata	Yoshitaka Kameya	Hidetomo Nabeshima
7b62da61abb44f0a04aed5f46cd47ccbb44ebd93	Danny Weyns	Sam Malek	Jesper Andersson
885306a934ef0f8b6c1038481f04b89a72fd5204	Björn Döbel	Hermann Härtig
797473fef2a166d37ccdbec581c7ffab87a3ca8e	Dongwook Lee	Hyungman Park	Andreas Gerstlauer
5bef1d7b6f7d9bc5764ec3917b0592c84c0191ca	Pedro Mejía-Alvarez	Rami G. Melhem	Daniel Mossé
7944768e48c5747425d859fb2533cf5af6f870bb	Diego Calvanese	Giuseppe De Giacomo	Domenico Lembo	Maurizio Lenzerini	Riccardo Rosati
565cea209c20f5979eb3b5f56cc2f5b5a3bb43d8	Dimitris Mostrous	Vasco Thudichum Vasconcelos
a698cd29df9d0f4848dfc8d1fc9e55b84e7b6522	Imali Hettiarachchi	Shady M. K. Mohamed	Saeid Nahavandi
95e4d53f938ac57df3388051de56cecbe32ff53a	Yejun Wu	Douglas W. Oard
76c729d91183d2a0d26945e16c83056e248951bc	Kattamuri Ekanadham	Vijay K. Naik	Mark S. Squillante
0029ba078e2903d149dd1e7f45c3f71d36ce729b	Elisha J. Rosensweig	Jim Kurose
929fe175ad7f65827fbf3ba48d326ec05e91dee5	Bor-Yiing Su	Yao-Wen Chang	Jiang Hu
7f1faf0abe976ded8b4420eeb6c8e41b062e8027	Jessica Annette Pater	Yacin Nadji	Elizabeth D. Mynatt	Amy S. Bruckman
d5f3260323ba53bd8553838239e402f866ed648b	Ruslan Mitkov
ba7a364a5b7a6bb2ecea0cfe3c7cd6eefd3a27b8	Yuantao Peng	Xun Liu
c132d1df24dfd319e98231a0afcf8726787271b7	Torsten Hoefler	Timo Schneider	Andrew Lumsdaine
3a717bf3e190bbe7a5788fed67f7c069fef11e37	Yunqing Xia	Kam-Fai Wong	Wenjie Li
d6688dc6c2cb8e0a241244f76e7b7d55f3b6246e	Jangeun Jun	Mihail L. Sichitiu	Hector D. Flores	Stephan Eidenbenz
b3f374a3745da478bb18f8e9e30a2bbbc65853e7	Rafael Valle dos Santos	Marley B. R. Vellasco	Raul Queiroz Feitosa	M. Simoes	Ricardo Tanscheit
d63a42dae30f2861cd9195b560a087c0371fde86	Wolfgang Mulzer	Daniel Werner
7509bc54d64397a0a888715ccf8bca45db0e009c	Punit R. Doshi	Geraldine E. Rosario	Elke A. Rundensteiner	Matthew O. Ward
1f88013b75261a07b756212bd94340fbee0a6d08	Chen Cao	Shifeng Chen	Changqing Zou	Jianzhuang Liu
cbbaec99403a6e1f89ab95571bbee7919691a143	Hendrik Buschmeier	Timo Baumann	Benjamin Dosch	Stefan Kopp	David Schlangen
d0216f043f9094f129e73c0904bfa7e41ca49c87	José Gomes	Aleksandra Mojsilovic
885ac5e142b18e116246f82f4b41b72ebeead108	Shuai Cheng Li	Yen Kaow Ng
17672157ae97ca104c956ad1a6312b71bd8ad038	Kenneth E. Hoff III	John Keyser	Ming C. Lin	Dinesh Manocha	Tim Culver
2b370d4e52a64de17c0c4dd3e3bc7fbcbf006c50	Stefan Brass	Jürgen Dix
538cf903089b1c565cacf7f59775b9741502345a	Jonathan Tapson	Tara Julia Hamilton	Craig T. Jin	André van Schaik
0f25abb0178d0a9d2de99d0e0845f7f61512394f	Kyle Klein	Subhash Suri
3fd7fe70aaa07478c8692d1bed5c8aec675e443a	Rahul Swaminathan
c5066e10247a818ebab4a391b81f8acf37d631f2	Jingling Xue	Phung Hua Nguyen
3d276b81608d8bfae4b780067e66eb336e301d2f	Elena Demidova	Philipp Kärger	Daniel Olmedilla	Stefaan Ternier	Erik Duval	Michele Dicerto	Carlos Mendez	Krassen Stefanov
dcb16f8052763035bb69bebaa841cdee4eac1446	Vladlen Koltun	Micha Sharir
fdf6a55f332d46a78c017f2fe14e6be44637e64a	Jeffrey Mark Siskind	Quaid Morris
16c5fb6ff8dd31eac9cb7e4a6881f592f2758b16	M. Pawan Kumar	Daphne Koller
e874e7126254b4f7dd3c46ca2ae8cc57354424f6	Vincent Grosso	François-Xavier Standaert	Sebastian Faust
f9a2301ba2cb93e2abb012ee9ac511cbe82169dd	Jeremy Andrus	Jason Nieh
d92c59af67332edabc08953925c36a9d4b8015ec	Vicent Caselles	Guillermo Sapiro	Do Hyun Chung
08bc6fbb08945c35ec8e989df0ce05c98b09668b	In-Su Yoon	Sang-Hwa Chung	Ben Lee	Hyuk-Chul Kwon
c301d84784a3c51fa21653a286026459538ac7cd	Xuejun Zhuo	Qinghua Li	Guohong Cao	Yiqi Dai	Boleslaw K. Szymanski	Tom La Porta
178eceeae8aed820b789d7b5e4e2ddd1cfa7c557	José E. Gallardo	Carlos Cotta	Antonio J. Fernández
180b6f72a143c218f84d675fe42dc0d2b3e0152e	Ljiljana Brankovic	Jozef Sirán
1ef01e7bfab2041bc0c0a56a57906964df9fc985	Li Dong	Furu Wei	Ming Zhou	Ke Xu
8d83ba9f4ba3c2cc4e43fa08300d3be2c12b8e9a	Andre Martin	Thomas Knauth	Stephan Creutz	Diogo Becker de Brum	Stefan Weigert	Christof Fetzer	Andrey Brito
b3c964604c8ec5570ef4ecb52b1342bac06d9a6d	Mahmut T. Kandemir	Alok N. Choudhary	J. Ramanujam
e1e460995926b5e53fd875d678cf3b77a4b2b70f	Bernhard Haeupler	Fabian Kuhn
90e45edd53e813f0ca49c6041a2023a0ff1a809c	Hiroaki Nishi	Michiaki Muraoka	Rafael K. Morizawa	Hideaki Yokota	Hideyuki Hamada
6053574d2be8793b5165ef2a98f985d82598cbd9	Claire Kenyon
638ae7d958f1051cb028c605fc0c4951531b0cd8	Ouri Wolfson	Bo Xu	Huabei Yin	Hu Cao
6bee9cff47809f13b7553c45ea5b6d542beee2f4	Peyman Milanfar	Ali Shakouri
12e1edc7a1775a764ab03aead7522c40b43963f8	Mahmut T. Kandemir	Guilin Chen
7cff08c299d4698b6ff7937eb77f9733315793e2	Lennard Kamenski
72f4704b4d005561d8fd8530601cc634ffeefa5c	Yongmin Li	Li-Qun Xu	Geoff Morrison	Charles Nightingale	Jason Morphett
d3098fdcf61346d1b8d5fca6219295f01cff10e3	Mahesh Balakrishnan	Kenneth P. Birman	Amar Phanishayee	Stefan Pleisch
c8d03818e3c2b4b656c392ccb43c9f3d9f7b2a06	Mema Roussopoulos	Mary Baker	David S. H. Rosenthal	Thomas J. Giuli	Petros Maniatis	Jeffrey C. Mogul
92a3f054b54dbf290d63b6f8a841cad3aeef07f4	Randall B. Smith	John Maloney	David Ungar
55e9cd74cba43aad5ab826cabd31c0a6bbe472b0	Konstantinos Aisopos	Li-Shiuan Peh
2601b11ad9695f2e155237c66ed6482a4f0af421	Felix C. Freiling	Maurice Herlihy	Lucia Draque Penso
5d91ab88d381861c50cc6ddd46a96f7e9d3f15d3	Hangfan Liu	Ruiqin Xiong	Jian Zhang	Wen Gao
6e971b18bbafb662c6ed384eedc8c35c25555a0a	Thomas Kollar	Nicholas Roy
cc488c1cf406bdb8e22b586a7e98655a7ab913a8	Lilian Bossuet	Wayne Burleson	Guy Gogniat	Vikas Anand	Andrew Laffely	Jean Luc Philippe
322e8b627d89fd082903af8979f335ac24b27271	Eamonn J. Keogh	Michael J. Pazzani
1990afd6d3c11cc6b7b9e272b3fe43dc8aed3138	Han Yu	Dan C. Marinescu	Annie S. Wu	Howard Jay Siegel	Rose A. Daley	I-Jeng Wang
6458749436afeea339941d576ce76e9089e3b726	Tse-Hsun Chen	Weiyi Shang	Zhen Ming Jiang	Ahmed E. Hassan	Mohamed N. Nasser	Parminder Flora
1ab75f37d1ee196f1c1087fc95af79216ba826fe	Sabine Kröner	Reinhard Moratz
67f763eecf4baf4f294b61b136ec916a5d5fab0f	Peter Rost	Gerhard Fettweis
4efb494ca256374dac097872063f99e8540fbe6a	KyungHee Kim	Tuba Yavuz-Kahveci	Beverly A. Sanders
9502c89174d5649f0dc4dd04d30445dfbf593f1b	Ali Tizghadam	Alberto Leon-Garcia
d48960bb7af4a233aaf81c29b64d1e95cbd7c2b7	Vincent Lepetit	Pascal Lagger	Pascal Fua
840e541275940c4a2a2d8ae8d5d7555f6765ab7c	Dima Damen	Teesid Leelasawassuk	Osian Haines	Andrew Calway	Walterio W. Mayol-Cuevas
e562f45562afae6b11cd6125198d1542e8f2d704	Roland Levillain	Thierry Géraud	Laurent Najman
4e59eb5da7a8dd25aef53890c922ccbb9b8a3760	Bin Bin Chen	Mun Choon Chan
03617650a45a0a29590418d09390a36de3060569	Sujith Ravi	Kevin Knight	Radu Soricut
2a457c79b12c01d480e3eca359f08a804a858d27	Anastassia Ailamaki	Naga K. Govindaraju	Stavros Harizopoulos	Dinesh Manocha
ba0d05218e83ca83cbb665550ecaea722838b456	Anders Søgaard	Dekai Wu
e0dd7d248ff0f32ca3f242e416bf88ecb721f6c1	Wei Cheng	Dan Liu	Wei Tsang Ooi
d83315366a847880d795b9cffd35c5d77f37b7a3	Konstantin Vikhorev	Natasha Alechina	Brian Logan
b590ea73dd03c4445059ef651706e44beaa1865c	Iza Marfisi-Schottman	Jean-Marc Labat	Thibault Carron
83bec03f686dd7ae8c1899ba3bf9b94c59666792	Dan Fass
f37c20127d4ae5dbac125975d1451183684f655c	Ben Titzer
509222cb35a85ec3ac6294165328d634d787d65d	Haodi Zhang	Fangzhen Lin
1f28113df97632faaf6cc556e31982e0f4113cba	Tali Moreshet	R. Iris Bahar	Maurice Herlihy
e2c2abc3be8c241c0edc34f19c12b947aa500096	Paul E. Hasler	Chris Diorio	Bradley A. Minch	Carver Mead
6d2f4b3c47186ba31933d8aae69f002334bb148d	P. Krishna Gummadi	Richard J. Dunn	Stefan Saroiu	Steven D. Gribble	Henry M. Levy	John Zahorjan
b0154275176a0f2a33b5ea2ff4aa6206d691d848	Stephen Gould	Jiecheng Zhao	Xuming He	Yuhang Zhang
18879a57e4f01b6f7f642a99c72d82907e78fe94	Xingwei Yang	Longin Jan Latecki
35f6c6ff65cb188f0d840b1ca45b5d0bcf9d18bc	Sundar Subramanian	Sanjay Shakkottai	Ari Arapostathis
4793c8a7a11bf42cc93ba2513e23b82f6fb589c5	Shay Gueron	Yehuda Lindell	Ariel Nof	Benny Pinkas
86d8078fc0c48f787ec7cef35513ba7c154c9d11	Silviu Homoceanu	Michael Loster	Christoph Lofi	Wolf-Tilo Balke
eb3997d38b7c97d06ae22c4a596e4b8c538090c5	Sreenivas R. Sukumar	Hamparsum Bozdogan	David L. Page	Andreas Koschan	Mongi A. Abidi
d434f0892baef35881856ee99077301b1a1e6f49	Manos Athanassoulis	Shimin Chen	Anastasia Ailamaki	Phillip B. Gibbons	Radu Stoica
98577150ab12e9eee84379d776dc5ebed3169ff7	Will Snipes	Brian P. Robinson	Emerson R. Murphy-Hill
866c423265721f40c8b4aa1256ea28c3d65c3812	Sharon Goldwater	David McClosky
10d93f66a7bd213bd91d5ed48ec51c185275e4ad	Rajiv T. Maheswaran	Tamer Basar
1a9eb04b9b07d4a58aa78eb9f68a77ade0199fab	Moshe Blank	Lena Gorelick	Eli Shechtman	Michal Irani	Ronen Basri
0cb49416099ba101c5fcb3eb6c957d45e106195a	Delphine Demange	David Sands
36dc33ae32344c825eab1c985fe1e5be3d5a2ed2	Mei Wen	Nan Wu 0003	Maolin Guan	Chunyuan Zhang
8a0af4b2251f202afd76b9dfd7b965df3ec45181	Deeparnab Chakrabarty	C. Seshadhri
90671a9c50d0ee64378f43c1d3131ab537e4f601	Benoit Huet	Joakim Jiten	Bernard Mérialdo
bda0d8b6b08d43b005930ef69e101722e2a671db	Félix Hernández-Campos	Kevin Jeffay	F. Donelson Smith
a7a05f4ba398d38852057b3a8183cce5682424ff	Yu-Xiang Wang	Huan Xu
a38d909b3b8649f69878711aaacb8b7073097c83	Peter Habermehl	Radu Iosif	Tomás Vojnar
470b1fd2552c29df1723a4d34d267779797cf869	Lavanya Vasudevan	Antonio Ortega	Urbashi Mitra
e544f65582bc2ff7c0148c9f01731000eab1f3f7	Mahmut T. Kandemir	Ismail Kadayif	Ugur Sezer
8b42369450f2f94c3ec76323da41caa24ce6b27d	Laura Giordano	Valentina Gliozzi	Nicola Olivetti	Gian Luca Pozzato
5d813dfa3e192db10181a161f7eddc48f0b7421e	Tobias Blaschke	Laurenz Wiskott
e0baeffafecbf56ab02a297a07dac40de099f458	Li-Wei H. Lehman	Stephen J. Garland	David L. Tennenhouse
b4ed83b1ff5553baf6e090efa147c514fd17d918	Christos H. Papadimitriou	Mihalis Yannakakis
a2b01146796975496ff801a767a6af287a2977bd	Yves Wiaux	Gilles Puy	Rolf Gruetter	Jean-Philippe Thiran	Dimitri Van De Ville	Pierre Vandergheynst
0ad6ed8cc5e5a3d26e047f0c9478fd06f327da3b	Fabrizio Fioravanti	Paolo Nesi	F. Stortoni
fbd66152838f2bda46298e369e954a22d31ff6d1	Anthony J. Yezzi	Andy Tsai	Alan S. Willsky
21d683dfe11e77949aede4e95f5260cb71ae2732	S. H. Srinivasan
8eca44cf597175a40134327eae94d16809046a2f	Markus Forster	Raphael Frank	Mario Gerla	Thomas Engel
d1ffb03c40e298edd55bd4ea0bc15dec9efef0f1	Emilie Balland	Paul Brauner	Radu Kopetz	Pierre-Etienne Moreau	Antoine Reilles
fb766022a9562abc47ae28e9253e77a1c3dd9880	Esther M. Arkin	Michael A. Bender	Dongdong Ge
4a88e97c2377d1ead72223ed18350e0ebfc9dbd2	Charu C. Aggarwal	Jiawei Han	Jianyong Wang	Philip S. Yu
fb59b92223510f362b2327ee1812116b65b0700d	Pankaj K. Agarwal	Robert-Paul Berretty	Anne D. Collins
0e797d2c7163a77106bc0f4ab1cea76bb86cfd92	Cristian Borcea	Deepa Iyer	Porlin Kang	Akhilesh Saxena	Liviu Iftode
1aede27149f28f7590ca1b8ee8f926e7477cd5d4	André Koschmieder	Ulf Leser
8fc22f6f047b46c659805c8697c47c1db2a667a8	Xiaodong Huang	Farid Farahmand	Jason P. Jue
f524377600d2c08c46ca93ce9fb04527a7ab631e	Sharon Goldberg	Moni Naor	Dimitrios Papadopoulos	Leonid Reyzin	Sachin Vasant	Asaf Ziv
f21963edfe17433ab6cc8fe81031f325f312b7cf	Mohammad Awedh	Fabio Somenzi
902987f6705a97f647b9e35781c7bd7728da5f3a	Zhaoqi Chen	Dmitri V. Kalashnikov	Sharad Mehrotra
5e4c84225338263e74c0a41eac4938f9a18fedb5	Stephen Somogyi	Thomas F. Wenisch	Anastassia Ailamaki	Babak Falsafi	Andreas Moshovos
e4f625fb05817b30c04634e7ef4ffb0a074fc0bd	Xióngbiao Luó	Tobias Reichl	Marco Feuerstein	Takayuki Kitasaka	Kensaku Mori
01eb1294d629e348673ad5212fc5eda61dbc8a27	Francisco Flórez-Revuelta
268cc61b27f3a91fae3e1620ee8cbad41c67756a	Lutz H. Hamel
a3df690fb0e0707bd4fe1f777127988958853b33	Elisabeth André	Thomas Rist
93c22ed6b2f87916eed79b57cfbc4a58fb00691f	Eugene Asarin	Thao Dang	Oded Maler
e75909dcc1ebb08066a7ab0678e1b77be931d5a1	Donald E. Wynn Jr.	Marie-Claude Boudreau	Richard T. Watson
51081c97ac4f894dd63d537028b7f752b212f6d6	Yuelu Duan	Abdullah Muzahid	Josep Torrellas
6e3aa26917e92118b4ac14527b6917be56ec8423	Sanja Stajner	Horacio Saggion
d868c9d6211328fc3ce12631f87491186b8e6f8c	Matthew B. Dwyer	Alex Kinneer	Sebastian G. Elbaum
b0ca43cb523a08ef583bcbb109b5a3136c065413	Eric Marsden	Jean-Charles Fabre	Jean Arlat
e841d59d920ebfbf5a0263862fd1241d62e90ee1	Hiroshi Nakagawa	Tatsunori Mori
edbfe47c3a876c5bc33f3f12ae2ee2a6616fe950	Dean H. Lorenz	Ariel Orda
19e851f2c61ffece4e5fada6deac7fecddd8792f	Milenko Drinic	Darko Kirovski	Miodrag Potkonjak
9ab42e94bf660d641db49b020bad7c498b71333c	Zhiheng Huang	Marcus Thint	Asli Çelikyilmaz
2c422c9ce4b0c609584ec6f9bc43c5ddd87f86e1	Xiaowei Huang	Patrick Maupin	Ron van der Meyden
1f37004245781d92f9cf3ae95a4fe0fd1899d3b3	Ji Li	Chuan Heng Foh	Lachlan L. H. Andrew	Moshe Zukerman
8ff917891a496a5955fe01765d096e1fc39fb031	Karthik Sundaramoorthy	Zachary Purser	Eric Rotenberg
727631a00de3c8e7c6bc88d15117f3d92ddef307	Cícero Nogueira dos Santos	Ruy Luiz Milidiú	Carlos E. M. Crestana	Eraldo R. Fernandes
ba75337e97728fd1dc43837a1fe53047103f3b97	Philippe Bergheaud	Dinesh Subhraveti	Marc Vertes
369a71e89e0890ee32be7886e9d530afd2745e4b	Jeremy Kun	Lev Reyzin
f61aaf2a3c8ecdad50e54445f1e0352bf16c21aa	Cheng-Yue Chang	Ming-Syan Chen
dabccde6f079c0915938b1e4c3d0e1cff9d51508	David W. McDonald	Chunhua Weng	John H. Gennari
75349b032ae15efd0dc8ca36532863e7980d95f3	Chenhui Chu	Toshiaki Nakazawa	Sadao Kurohashi
cd9b475d2ee9007278269282e8d0dca33b335d77	Sepp Hartung	André Nichterlein
c5edb00d2774c531b211a2af7b1a25c761b38460	Tim Brys	Anna Harutyunyan	Halit Bener Suay	Sonia Chernova	Matthew E. Taylor	Ann Nowé
bcd0da043082c9302fe2b4ceb4342f0e408cd2a2	Santosh Ghosh	Avishek Saha
503ac7fba363efcc05284c9595321ac547789d40	Tobias Graml	Claire-Michelle Loock	Michael Baeriswyl	Thorsten Staake
309fbeaa395906cd5c5554f8e3b5742f17656a22	Neil Mitchell
0e9806432739fb799a32acd49853d37c324bac03	Lionel Oisel	Étienne Mémin	Luce Morin
2649ad59de4f044248b36ce1ad33daeb98e3c7ca	Michael Benedikt	Gabriele Puppis	Cristian Riveros
24b79c8f36133a9c71d6c2eefab8f46535632157	Jeongwoo Ko	Teruko Mitamura	Eric Nyberg
586ea813658891e9e23f9f9d3d0762690fc06a55	Shachar Lovett	Partha Mukhopadhyay	Amir Shpilka
7462cfea7382ac0600ab8d3796dfeeb8363fc5ae	Christof Teuscher	Anders A. Hansson
691459e79334ece73a7da52b810c7020e1ba25ff	Peter Kontschieder	Samuel Rota Bulò	Antonio Criminisi	Pushmeet Kohli	Marcello Pelillo	Horst Bischof
6915087f5e2688e50cf2a59f2b29ab1b46ef78a0	Sunil Arya	Theocharis Malamatos	David M. Mount
2f61cab6dc6246fb12be86752aa1d62173f4733f	Michael Glaß	Martin Lukasiewycz	Felix Reimann	Christian Haubelt	Jürgen Teich
158cda9abd6e7a13318151503ee65407d7fd180a	Jacques Colinge	Alexandre Masselot	Jérôme Magnin
4437d5060cbc36c83bebbc499438c8c6141143de	Ravi S. Ravindran	Changcheng Huang	Krishnaiyan Thulasiraman
f9ff1de3aba0e53b44bbe285dbee29c53b0f8322	Simon Tucker	Steve Whittaker
e917dca66a480b6dd78d07dade993149d87ed668	Ella M. Atkins	Edmund H. Durfee	Kang G. Shin
8487d7633cb48379bb6a80980e6b65b5ec1ba52c	Michael W. Hicks	J. Gregory Morrisett	Dan Grossman	Trevor Jim
d108b4a9a38824337abdbf0dec556b3a844cabb8	Rui Leite	Pavel Brazdil
5404db56f89e7df7449b1a6d8bde459539c45e99	Emilia Stoica	Marti A. Hearst
19c94455ca5015a8a25e89ede1b6418645b57912	Vanessa Didelez	A. Philip Dawid	Sara Geneletti
a3c7149f80fbd6c50c7ea3f7a27768cf40fe8016	Gerth Stølting Brodal	Gabriel Moruz	Andrei Negoescu
9445660d78523c41bdbcd415bfa28b10225ef211	Jendrik Seipp	Manuel Braun	Johannes Garimort	Malte Helmert
6290f0f5fcae4b1f7a932a4eacab8087153021bc	Liqun Fu	Soung Chang Liew	Jianwei Huang
6ad1665f3d784ea960922f1ec2a020c62942f61f	Fritz Henglein
99f9676f460d0a1937f9fdba927ed74e460ca6d7	Michael Tok	Marko Esche	Alexander Glantz	Andreas Krutz	Thomas Sikora
e242493a931e965a80f264d638986e47b2ab3512	Amy K. Karlson	Benjamin B. Bederson
e8e290e8ab522d1ef6cc2b5aa084a26c685c412a	Seung-Ryong Han	Toshihiko Yamasaki	Kiyoharu Aizawa
685ae6f041a3f26f8505b2dfe0d4fd1a7c721890	Maneesh Varshney	Rajive Bagrodia
c88d85208f29bc1ee4dc12c78543750453cc4696	Oliver Keszocze	Robert Wille	Tsung-Yi Ho	Rolf Drechsler
78e5bc5c4cec7c6ed9461a207f43525b3861a2de	Ambuj Tewari	Utkarsh Srivastava	P. Gupta
d088fe22f8760d211b74a807aebd648f12a4c377	Jana Schmidt	Elisabeth Maria Brändle	Stefan Kramer 0001
a344db1d1c27434f04925a5a181dd6c114623b8c	Phillip Reindl	Xiaojiang Du	Kendall E. Nygard	Hongli Zhang
e8a65efee25b54a5a1b2b5b2eb29fdae1c9c142c	Luciano Serafini	Alexander Borgida	Andrei Tamilin
6bea07572e39a581f0399fa4ed0ff91c6daebab8	Wei Gao	Guohong Cao
5f7526b8e47fbb274ae6b662c5eeb96e89f4b33f	Stephen J. Guy	Jatin Chhugani	Sean Curtis	Pradeep Dubey	Ming C. Lin	Dinesh Manocha
34e21cbfcd1fdbd1f5964fc59db6941a3c740791	Hinrich Schütze
ed4157ab7877feeced3bcf3dcb8e5c43d1464458	Amit Sahoo	Krishna Kant	Prasant Mohapatra
35c672105950bd4b139322355c923f908791afbb	Jian Tan	Yang Yang	Ness B. Shroff	Hesham El Gamal
c684a54b298b8f5d90b987a873782ccec8648782	Anthony Jameson	Frank Wittig
b138870110b475975af8c3aee694869e04df6063	Alina Ene	Sungjin Im	Benjamin Moseley
aeea404fc6b1cc27e0633ae4b656b5996f0635bc	Ran Canetti	Marc Fischlin
77de6ccd8e7a9e395a2aaef5c5dc494b10fc1810	Hadrien Cambazard	Barry O'Sullivan
a53fa635aff8ee46586bac46679ccb743f684d0e	Shay B. Cohen	Noah A. Smith
821db0cc7a93ae3808c5cb047ce66458ffe08284	Huazhong Yang	Rong Luo	Hui Wang 0004	Runsheng Liu
e2a8e8ca815ae91e57b0b7ed4650da934e8a189d	Gui-Song Xia	Julie Delon	Yann Gousseau
d038cc08b6fe171c8fd9d09f5e616939b396243d	Tudor-Ioan Salomie	Gustavo Alonso	Timothy Roscoe	Kevin Elphinstone
9941ffc4346289a3a5e4d414dd6334659d350129	Steven M. Nowick	Michael Theobald
c5d1049665f4c3de19597105801fea15681bbd90	Ismail Sengör Altingövde	Rifat Ozcan	Suleyman Cetintas	Hakan Yilmaz	Özgür Ulusoy
dbcc0e1746cc354d2611bc99486c260647ed058b	Jiwoon Jeon	W. Bruce Croft	Joon Ho Lee	Soyeon Park
e795e175c37b3259b80ff239d16949193a024c9a	Joffroy Beauquier	Sébastien Cantarell	Ajoy Kumar Datta	Franck Petit
