0012e0ba095c2d75cdfc79b9c9e2a4e4a6781132	bouchard	khan	marlin	murphy
00273ef0af172a8ae02c59bf49a9b09c22cc68fa	ding	du	jin	jr	lee
0029ba078e2903d149dd1e7f45c3f71d36ce729b	kurose	rosensweig
004af6a1df10947ffa3eec7ceb0687c6c79db0a3	carballo	director
0062526e2c87d1fd47388c13050cbc2871f766db	jimenez	mark	naderi	russello
00744271b1a9192e4bf4b8cb4b0ba915d827bb4c	gabrilovich	markovitch
0085c699cbf4323ff5d43818f382a8e9e4e832bc	blum	mcmahan
00e17bd820ffdddfeca041f31ae1691d18f6970c	hu	liu	wang	xiong
0114fb72afbd9cc0bca35940beb21eda596aa5e0	dong	hsu	mantor	rubin	xiang	yang	zhou
01eb1294d629e348673ad5212fc5eda61dbc8a27	revuelta
0202a2cfc2a3e3ae82ea69781be100309f2325be	aoki	plurkowski	szymanski	thornton	woodruff	yi
024a6b8981750bbce913c8a8d13609be255944fd	clark
027fcf15d4741bde974a127207f28b031536eb1d	ruggieri
03617650a45a0a29590418d09390a36de3060569	knight	ravi	soricut
03b31204f132962ac46a062fd7effeef8d90db6b	cuenca	fernando	martinez	quiles	weerakkody
042084570ea390686fbe62a00ef59282da67419c	karagiannidis	koumpis	stephanidis
05737e80116195486970bad275fe7a958d4a4bde	elahi	yu
05f0324f90fe684926fa36a701fbc6b5045af898	dasgupta
06fdfa00ea6a51aafa8fe305d2d69f4b46973892	fishkin	patterson	perkowitz	philipose
072cae4f4da9d9e810fcb30899a52954c04ccab7	duffield	goyal	greenberg	merwe	mishra	ramakrishnan
075fe9b777adae7e59e125283ce3960f38e7257c	0001	bonchi	montanari
07c09fd623e4f93752f8809e1ae0b02b9c251ca0	baylor	park	perez	shen	warren
08245b3e5e1ee8d52d3311e22f8def725f3cd1c6	buxton	fitzmaurice	khan	kurtenbach	tsang
0876622f6c7a068794d78aabdddf1e173137aa49	garg	ishai	kushilevitz	ostrovsky	sahai
089ad394f9e0463c2f12e3d3cfbe8485485e6897	joshi	leahy	shattuck	thompson
08b8d9c9576a02c6efc5e8bf70b7ad6972973cda	camera	fusi	luscher	rauch	senn
08bc6fbb08945c35ec8e989df0ce05c98b09668b	chung	kwon	lee	yoon
08f624f7ee5c3b05b1b604357fb1532241e208db	brostow	cipolla	fauqueur	shotton
091621da1f4373b6d6f20a5024b729c43a1ae986	chambers	wang
09437d40dc213ba1a942b233c37d447337f5c056	ghosh	manjunath	sargin
09e88460a9379a6cd979b3954f8c4d3bbb9de0dc	inoue	ishihata	kameya	nabeshima	sato
0a395aa2965bcfeaa860c967971e5cb6c89bc035	dufournaud	horaud	quan
0a86a047d18cd011dd8df23aad5bb42cf99cc941	otterbacher	radev	zhang
0ab9dc7290e2ba31028a535d19b66dc02aa492c5	bredin	chollet	dehak
0ad6ed8cc5e5a3d26e047f0c9478fd06f327da3b	fioravanti	nesi	stortoni
0b225be92ba6aeb9b417eebf63f0e4a33c5cfe27	franzle	herde	metzner	stierand
0b824c4ffe362bf2f8987232c9b5a8eb72f96f3b	franklin	garofalakis	hellerstein	wang	wick
0b8ecf769bfefc5daa0ca2cc2c8b097bf34c90a6	0003	jin
0c45f23551a88db06af891dcdc633317fa64bc88	meur
0caf94d184087e175245540a54cb10c16a4745fe	chen	lim	xu
0cb49416099ba101c5fcb3eb6c957d45e106195a	demange	sands
0cc37453fbc8297cc797bba5fb79abb2f0d1eded	moghadam	shirani
0d07b9746c3862b6263037ee405e4f7fcd6d51f6	epstein	levin
0dda151030cd64198497ddfefd324fc1b57779d1	narayanan
0df395aa3e8c3ab10be1fee425b02782ed575d29	griffiths	tenenbaum
0e43f60727382032a620d3c08694c0a104005de3	0001	li
0e59c60eaee54e0db8171b5a2be12833c5cdf2ca	0001	0006	meng	xu
0e74a1690b540a45f864f933d89a1273446710ff	huang	zhou
0e797d2c7163a77106bc0f4ab1cea76bb86cfd92	borcea	iftode	iyer	kang	saxena
0e9806432739fb799a32acd49853d37c324bac03	memin	morin	oisel
0eccc4496649f2c86a6d836c3ced3e36428af5e1	eskin	smola	vishwanathan
0f8f492fb900141d88e0ddcf239107c6a2a27b42	ge	malani	qiu
104f123a189fe58cd4e05335215cbfb073468079	ackermann	berenbrink	fischer	hoefer
10a5765bd6efd776ea03084e6597b8de8cbcc6ae	he	li	lin
10ab7743b6aebea3fa6a2b73809a1586b9d956c2	lou	yang
10d93f66a7bd213bd91d5ed48ec51c185275e4ad	basar	maheswaran
113cf3a6c3b95943c8667b5fd0a6346f95c5b25c	dolev	keidar	lotem
12468e58d3a145449afc973c9f7b521a847c8a76	blanchard	briand	gras	guillet
12aced95ba4026bcd651e844a600150d92e18e58	kozato
12b1a4fff4f7def7f0e40aa0b0413ccec4e6b453	bowen	likitvivatanavong
12d037436e39a3ea8bf46f3ceb7a7078c8e7c73d	chou	chu	hsieh	tien	wang	wu
12e1edc7a1775a764ab03aead7522c40b43963f8	chen	kandemir
12facc1309f486a541d721134b2aaedc00570235	ellis	makris
131870be9d65a2c43502870d18a603d4f64139e1	chandler	vu
133955a22d7531b8658aa5830c02736be4f43b65	chen	li	liu
1345349908904a0736a5849db3e4d924371052a7	biswas	chong	sherwood	theogarajan	tiwari
134fc2bb80a4521da5cedfb1fcd5901791c6f011	duan	siong	tian	wan	wang	xu
136744ee008dc534b4048337e76ff182ecdc1214	carter	ebdon	sturgess
147856e2a691489587efaa982468e7040c017b1c	esquivel	jimenez	marquez	ramos
14a3304a40d6ef79e082055e7455d3c3de8b3dcf	ji	nie
153ea7038a52eb81b85d4ca66c754bf727ca6406	rocke	tompa
158cda9abd6e7a13318151503ee65407d7fd180a	colinge	magnin	masselot
1597a40368c48f3da5d82ee584e0dec3b618df06	jr	manohar
15e38e34b3360f59a33a06be63b7f73457915da5	lam	yang
1604bdf9a49a98a39218f909ee766a913c7a4721	beldiceanu	carlsson	rampon	truchet
1677d29a108a1c0f27a6a630e74856e7bddcb70d	0006	yang	zhang
16aeeae61701c74fdb3b560ec1ba7eef086bb4ce	jain	uludag
16c5fb6ff8dd31eac9cb7e4a6881f592f2758b16	koller	kumar
16c8bc97a022637ba53bab8be1b815a02e26b561	bansal	buchbinder	naor
16f93683743c13c8ce3e6c9b0475f23832bb0754	arazy	nov	ortega
17283370adbedf8bca327ce4e43ccaf9182f3c0d	floriani	mesmoudi	weiss
176600b839d1f198831b1d43938f483784abb420	goldstein	mcafee	suri
17672157ae97ca104c956ad1a6312b71bd8ad038	culver	iii	keyser	lin	manocha
178eceeae8aed820b789d7b5e4e2ddd1cfa7c557	cotta	fernandez	gallardo
17b6ef93649bfe4c273b531028ee4550fbc5ac0a	wang
180b6f72a143c218f84d675fe42dc0d2b3e0152e	brankovic	siran
1820869030fca660212fb7a6449b6ad1aa99d9db	flanagan	freund
18879a57e4f01b6f7f642a99c72d82907e78fe94	latecki	yang
197e2e4d2992484435b5323649668b10a9cce0a2	han	kowalczyk	nguyen
1990afd6d3c11cc6b7b9e272b3fe43dc8aed3138	daley	marinescu	siegel	wang	wu	yu
19c94455ca5015a8a25e89ede1b6418645b57912	dawid	didelez	geneletti
19e851f2c61ffece4e5fada6deac7fecddd8792f	drinic	kirovski	potkonjak
1a73a8e958cde8e96be43f94bca50b196b07d595	bhanage	mahindra	raychaudhuri	seskar
1a9eb04b9b07d4a58aa78eb9f68a77ade0199fab	basri	blank	gorelick	irani	shechtman
1aadad3872f7fe564a98a3d9205ba3c329594075	li	sycara	yu
1ab75f37d1ee196f1c1087fc95af79216ba826fe	kroner	moratz
1aede27149f28f7590ca1b8ee8f926e7477cd5d4	koschmieder	leser
1b802ca0a6dd56e8ebec34d16511cd83f8ef917d	herzig	rifi
1bca65a562c74e7b8012f8501b6ba0bff15e869a	bicocchi	lasagni	zambonelli
1c14996f9cbb1ea09f5dae69215a5ffe21a21ad9	laframboise
1c222c9e0f65068bfc20620bc89f597ead4ecb0d	hermann	klein	kruger	vogele
1c5714e75442b9d95d257e7a4349aabb1434417d	venet
1c734e6116ae58f33585aaa95833b166c7bc3372	aggarwal	feder	motwani	panigrahy	zhu
1c9f5134541064c99075f7a04155c5abe8d19956	boyer	theyssier
1d10b433f7ba603c764f0d372694e685d6696ee0	cheng	du	guo	lan	zhu
1d69c28148bf39bcd3d0e0a92000ecee57c279ae	bontis	coursaris	hassanein	head
1d84bdc5b236a10c557d16554efda4ae45ddf56c	gonzalez	mosquera	padin
1dfcb022f23cae23824032835fde88bd60f65f37	lambadaris	shokrani	viniotis
1e1788ccee8fa4a21fa58f339852767076dc6246	eisner	smith
1e28589db62cfa8523da102491d680d38044fdf4	bae	chwa
1e6f61c574fad2460d06d6f52295922f5c99857a	klein	manning
1eb854ce0539b6fd18dbba942f52a80a735f5c8e	bolle	dorai	shim
1ef01e7bfab2041bc0c0a56a57906964df9fc985	dong	wei	xu	zhou
1f37004245781d92f9cf3ae95a4fe0fd1899d3b3	andrew	foh	li	zukerman
1f88013b75261a07b756212bd94340fbee0a6d08	cao	chen	liu	zou
21729739e9b4c8ff55ddd31b427575319ecd4707	manolios	subramanian	vroon
21d3c4aeebf81e8b4c5edd7cf745b3867b2bdbce	fang	stone	tambe
21d683dfe11e77949aede4e95f5260cb71ae2732	srinivasan
21e8a6135c8a0e470e85a7577f1c49e5f55da48d	gao	wang	zhong
2288515f75904bc3358f12319442fe643db57c24	cabello	cibulka	kyncl	saumell	valtr
22cf3081c679431714e8cbda55cd89c57678c3b8	0001	gui	konig
23319dfe6652eb6bcdb678cb56ea3318443881f9	amershi	conati	merten	muldner
2347ff467d9748989e2b546f20f7c31ab61b8517	suzuki
240ea5cb0b741ad03df4b03c2f62ae5a5649f052	gharsalli	jerraya	meftali	rousseau
24696299451806ac55ed4295256a2a011d2e4d30	arcuri	briand	iqbal
24b79c8f36133a9c71d6c2eefab8f46535632157	ko	mitamura	nyberg
250796f2fa80b2ea557f2728d7a0de5eb0124ab0	chatterjee
25547f6e6a3c0955e84def318dbe574a9106be4a	alhajj	polat	sirin
2572e446e2bdaf72942219e9aa183ea96e14c642	bertalmio	cardelino	caselles	randall
2586bee6e557fefe4153ea03c244d92102f7c118	darulova	kuncak
25c03ff00d0bed4acaa690d570b7b013342317de	burleson	lin
25f808645ba8d15d3f0d680acd49b3487fc1891f	boyen	koller
26364baae4556bd6c94bdb74409e9903286ef7c6	0001	farzan	raman
2649ad59de4f044248b36ce1ad33daeb98e3c7ca	benedikt	puppis	riveros
2696009abd88223e8164f8c22bfafbd93531752e	feris	hsu	sun	xie
26ad6c18609e0d4de3f5616fbd2b6928ab9b816e	azevedo	romine
26bae4f8d04e8f195e3d468defad5b8cc4f945ef	cuppens
26f96ba9abe554ff5e3c5a88e43ba36812ab7879	alsheikh	lindley	rode
27105937da25fbc516322ebbe30236f509514e0d	dosch	masini	tombre
280c5037a7f859eadf6501018b659b350503b209	koopman	kroening	morris
28866d360849ea5c00f79c8f58872de3b7aaeaff	nefzi	song
2888efc8858ff1cfb004624a4228e5ace1271dc6	deligiannis	lambert	munteanu	mys	skorupa	slowack	walle
28f5ffde6c7e9d53775c3cbecd3d1aee65fe8abb	luo	tang
2920674386f1d59a4298437d54582e7c41aa72a1	kubler	maier	rehbein	versley
29ab1fb317559718bc468727369bb37ed91d972d	michel	milchevski
29b6a897e8ef4f9c48b6c847bbef2eabd4506678	silva	victor
2a457c79b12c01d480e3eca359f08a804a858d27	ailamaki	govindaraju	harizopoulos	manocha
2b370d4e52a64de17c0c4dd3e3bc7fbcbf006c50	brass	dix
2ba266b79d833cdfe4f8d16da6c6c10f6b2935c7	kontinen	szymanik
2bf5cd5de7244861ed14e1cd104902e58b7b43a6	luh	wang
2c31df0855cd391e709cebd98e372a3655255f25	kargupta	pacitti	pey	talia
2c3b294dbdd5a4b5a913aef37b25147e03d45d91	fujinami	kawsar	nakajima
2c422c9ce4b0c609584ec6f9bc43c5ddd87f86e1	huang	maupin	meyden
2cc9e6d894c156faadafe4d75ef9c3e5ae7c8cd3	lomet	tuttle
2d15f14ef0a23331cba9494144365ded913e5dc3	greene	mudge	postiff
2da10ae0b05eeb5d2c8c41c39c8842fce75a8d1a	dunn	frahm	jojic	zheng
2e24efd1d26dae508b34827b7f9e5bb92fc6f3b0	kashima	koyanagi
2e3308a0eb078b9b9f6f23470e9b90f371e64642	mumey	tang	wolff	zhubayev
2ea9a631563554591dac4639aaffe157d775a150	theisel	weinkauf
2ebf08944768caf4e15ae844a763d9994939452c	grisot	hanseth	thorseng
2ec2f8cd6cf1a393acbc7881b8c81a78269cf5f7	bottou	kiela
2ed5c8221097abf41069431f108626f6be791120	ho	huang	li
2f61cab6dc6246fb12be86752aa1d62173f4733f	glaß	haubelt	lukasiewycz	reimann	teich
2feb97bd391ef89f65105330b18724e0086d8aa8	shachnai	tamir	yehezkely
3004e39a7e3139b3094e09c8b3b474a647f270bb	cavallaro	winkler
3074cffbb72923b6229fc72fd5814e1d09de1290	begum	gupta	helmy
3077a41befe3d30e0f348076c1122ef307fa62f0	kersten	liu
309fbeaa395906cd5c5554f8e3b5742f17656a22	mitchell
315163d3559fc3e298f9b190028d86fe83bdf62f	kim	mckay	moon
31a6424107ddbc18e12f2722e2c72a93f75cd5e7	davoodi	srivastava
31c12a7b0f374303c472d1d9fbd656e41e938cac	0001	das	duato	yousif	yum
31dbd5a56e35a14eb556637a2124207c725bcac6	kompatsiaris	mezaris	tsamoura
322e8b627d89fd082903af8979f335ac24b27271	keogh	pazzani
323f596b85a35bce45eac65ff4855e08fcdaa31d	curbera	ferguson	nally	stockton
3282cb4b9ec1cda352cc5ed4aa7fcfa9a60b424b	0002	dechter
32d9aa752afd5242b39b2d288fd9831b60688c4a	molloy	reed
32e2d061edf1ea7d88d95b6cee92f7443210c825	cheung	liu	xu
3332653e7f019abd4ce05818db016f40a085ba89	bao	zang	zhang	zhu
33c171926c708b876cc75e84f64bd3a18ea4fbb9	ayala	coskun	gross	moya	vaidyanathan	zapater
33d4973a85f8e87c180952cbcdff6ec695022e0d	flynn	hussain
34050164c3f3c29101ad38773ec359c058b08724	chi	feng	long	peng	siu
34e21cbfcd1fdbd1f5964fc59db6941a3c740791	schutze
35c672105950bd4b139322355c923f908791afbb	gamal	shroff	tan	yang
35d7d4a497bf586a0323893939b015db91ffe86a	chen	kuhn	larkin
35f6c6ff65cb188f0d840b1ca45b5d0bcf9d18bc	arapostathis	shakkottai	subramanian
36149815ffb308c6a421dc8e978dc202eb0d91c9	seznec
366954363c99333612013ca283ff9640229a0f41	0006	liang	wang
3697307709b52af113469831457f3525d389c7cd	damron	fedorova	lev	luchangco	moir	nussbaum
369a71e89e0890ee32be7886e9d530afd2745e4b	kun	reyzin
36dc33ae32344c825eab1c985fe1e5be3d5a2ed2	0003	guan	wen	zhang
37748c3146850fbf4593599b4073d7515ebe90a2	lesser	zhang
38082288fb2adcc509484b477c93953a5946b378	arimoto	iida	ohno
3885c7d8c0155d3905f4a0a3997c0cd28c7a649b	jubertie	lallouet	melin	vautard
39858e68fad6a18befcab7bf591c4a196f009e40	levine	schmit
39e3e3fa790862b4ba8dcf6c9fd0467560b868ae	gay	hole
3a717bf3e190bbe7a5788fed67f7c069fef11e37	li	wong	xia
3ad6d5c0ce7c5b9cf56afeab77a8ce5a4a531290	ionescu	sburlan
3aecaacf17f3e5b1eaab9071119c8dfd34e16eeb	alkhzaimi	cheng	li	li	liu	rijmen	sun	wang
3af3de384e0c5ccf95fd5aaf8470340f95284cd4	fischer
3b05cef0b2ebbe5acc1e670c411dca5c8f511a70	0001	chu	li
3b0d2ab0a7ce9fa97cb7470b904055f3b81fc73a	haulrich
3d276b81608d8bfae4b780067e66eb336e301d2f	demidova	dicerto	duval	karger	mendez	olmedilla	stefanov	ternier
3d9add004b34e79629f321724285f7f80e329d9d	martonosi	yetim
3da7b8c620e1ec58c5ab1086ed2e718a30079b55	bose	morin
3dd580aba9d264512d7fb256d42f8fc87dd6df16	gaidon	harchaoui	schmid
3ed3723101dee44bd86ffec962fe2eaa9b163ef0	kurosawa	mitomo
3f2a902b9a08f4e3438e82669e06fa2b202c4a7a	johnen	mekhaldi
3f9dec10307af8648608468defd9867a88c5dc59	jing	li	ma	tang	tong	zhang
3fd7fe70aaa07478c8692d1bed5c8aec675e443a	swaminathan
3ffcda598d647dd5cfb8402e177a4fa423817c68	barber	bockhorst	roebber
400dca736b1571bb9399e0b0ccdce8e165ae37ff	foote	kimber	manjunath	sun
404a7bb70a535de4ac3edf79543f00293523d486	devault	leuski	sagae
40d9b6e9cd54f067f7f37bbe5c8042e24bed59e0	byrne	glick	lemahieu	soares	vandenberghe
40dd192739e7c7766f0078ae2f4f726eea98194b	smart	szepesvari
40e91979fc4df055a1844f8db9768f70ff35d69f	neven	schwentick
416ac0fd80fc1c2bbbf6322612b254e68787a29e	kuo	lam	li
41b481b811dfe0d42d72b55eca00bf0303ef32ae	lyons
41fd083e0779d59a7c587ae42232c526c8efa2fb	perez	ruiz	sanchez
42b845dd0a08ca7ef97dc5151e47b83169594fc4	ali	khelil	suri	szczytowski
430cf582155ee8f0638b3c811d324c6dbe7e7268	li	tian	vucetic
43a69c96e75be147d11ab023e68c229ed4095a8a	maitland
43c12359f26b52bee73ea5455dfc4b82325684a3	cohen	meacham	skaff
4437d5060cbc36c83bebbc499438c8c6141143de	huang	ravindran	thulasiraman
44415a22ffb1e4b0471433fb6326503af500817b	hilewitz	lee	yin
44e178378b2f3a159328bfb4b43adef346eb6aed	bridges	diorio	figueroa	hsu
44ff45665a3aff99c7217266fdda44cc4c752780	christensen	pinto
450dcb127df546d73710701560b64d984382fef2	lee	lu	perdisci
454c38a35d1e8527faa3e99473b5e6a9e00ab148	jacquemin
45d04a0a38c63b2514db70dc9d3f5a1b457ad87d	haas	kossmann	ursu
466b0e6cbbd284eaabe11e6386949c332b4f488e	lappin	mccord
46b26e68c5e5074562d5c280bb29dde7c57bad7d	bhanu	lin
470b1fd2552c29df1723a4d34d267779797cf869	mitra	ortega	vasudevan
472b8c1549ac8483fdc9e6762cf975400e2e0b81	cooprider	regehr
4746e63e4569c4b46b7c9f7bffbc0fee0816f16c	eibl	mandl
47782882d1c795fbc00c483c22a53b44f9640353	kumar	savvides	venkataramani
4793c8a7a11bf42cc93ba2513e23b82f6fb589c5	gueron	lindell	nof	pinkas
484d68c064373a95ac8460627812b0d5102462db	armitage	branch	zander
4863fadc066236cd92e29db0ae4b5e21fd8dc47e	jappinen	lehtola	nelimarkka	ylilammi
4866aeb852ab93fe14e78c6709715a984f6fd8e4	jr	love
48e196b9be7ac0f37d510e9f9536d5cc33a978d1	becker	fargier
49f9053a38b340a0dc34ba66904aaa3191fd07de	cabalar	otero	pose
4a88e97c2377d1ead72223ed18350e0ebfc9dbd2	aggarwal	han	wang	yu
4ab3f629a945fa54a475b8f2a94b6cadc11e01be	tirthapura	woodruff
4af65043ceed7da2c4d86de1e06f7a66d34248ca	saarinen
4b4e85a2847d3a38f7eac025404eb2e4c1303697	alameldeen	khan	kim	lee	mutlu	wilkerson
4bd69fd738831e063581f0741702d53d02341e82	clark	flautner	mahlke	yehia
4d14f649dee2d070dff0c8c430a8d3c85a6a0975	pan	vardi
4d8b2b12b9cebe0fead1fde1ff2efb1bff41c2dc	feiner	macintyre
4dc556440e61184f0a23dd2b950833d237d24931	cheng	li	liu
4dcb59aec9e87e84c40638b162f3cf318a793d63	nowak
4e28e5dff30cc829f8f686f6cc0a4c1fc66f387a	lin	zhu
4e30e32a60d47e0b43163b0d69590912836d812a	greco	scarcello
4e44fe11f31c7a493fd8f387f9f10de9ae178ae2	howarth	ruger
4e48deaba01c1ff029b074c9f975e071338f98a7	knoop	mehofer
4e59eb5da7a8dd25aef53890c922ccbb9b8a3760	chan	chen
4e8495f395beb75bec15ca3ace8a12daa7cb86ea	elidan	friedman	koller	lotner
4ec7581789c208df0a928fa1a781c1f2d3650fef	dai	li	wei	zhou
4ecfc0b40c10522f61eea71bdff519d1f4e5280a	khiat	matsumoto	ogasawara
4efb494ca256374dac097872063f99e8540fbe6a	kahveci	kim	sanders
4fd78132537f328a50f7c6bd422ad88d984cd205	wasson
503ac7fba363efcc05284c9595321ac547789d40	baeriswyl	graml	loock	staake
50557ccad61444a56cc1b4590820461f4806ee7c	mueller	muirhead
509222cb35a85ec3ac6294165328d634d787d65d	lin	zhang
513127607ef6ba62295c24746d3a994601f88291	dutt	issenin	shrivastava
5141310cd33501ca079fec80b5027809d3ffb27c	han	huang	ioffe	wu
51de67563675a21f41bd2d6c3aa40c35102084e3	cameron	feng	smith	sosa
527322846df25b2df0073d9144da46c5f407d3fd	vatcha	xiao
52b1f688ddb8f943fa65cc4b875181f6497ae14c	richman	schone
52d662f2dc1b142384d8d099592a04a6aaf28bd1	jr	lima	minardi	zaki
5364bea45421ef737b5ccecaab62ba395a5a1c87	griss	nguyen	zhang
538cf903089b1c565cacf7f59775b9741502345a	hamilton	jin	schaik	tapson
53b74b2e4484476bf615536fbbce073782991cb9	chang	kurkovsky	morreale
5404db56f89e7df7449b1a6d8bde459539c45e99	hearst	stoica
559e47c03297bc423c4ee866d042790ea056365c	ling	weld
55e9cd74cba43aad5ab826cabd31c0a6bbe472b0	aisopos	peh
560d227cc36eda4076c9c29591e8672da7816d19	kastl	muhlhauser	schmidt	stoitsev
561549561779d0d382a228f0560ad17415014b59	atienza	boyd	gupta	micheli	murali	mutapcic
5627207c0e3ffa86cc3a6c23b5762920dfbaeb12	kim	lee
565cea209c20f5979eb3b5f56cc2f5b5a3bb43d8	mostrous	vasconcelos
56ac7870c2e378f0184e439f4da6ecddd5efa992	ascheid	braun	kogel	leupers	meyr	nohl	wieferink
5800621821d4765e8f9afcaf0bd2ed35896d7c98	mansour	mohri	rostamizadeh
5844cf322fcf8e250d09fb5d55dbd8643d47e23d	hu	li
586ea813658891e9e23f9f9d3d0762690fc06a55	lovett	mukhopadhyay	shpilka
58a9af178d25f858af0691b1a48845b01bec8c7d	leordeanu	sminchisescu	zanfir
58b103b238c257023c85ad35310d9b74d3ebd829	sun	vetro	wang
58b7d42d656cffb3257f5bfed9c76c8f13cf47a5	dabbish	messerges	sloan
58ed7620977bd9d38e0829ee287fb0bf8881b2ed	baz	eldiasty	farag	farb	ghar
5976dfe36e6122e488bbf6cd3c6b6fc3a6cf75ee	haas	koenig
5997632dd5d20c954c8e69fe9db59014c066b869	kirda	kolbitsch	kruegel
59e0404ac481dfb1098b882d6af58d4f6baddf6e	padua	rauchwerger
5a3d4ad1b4b2b44895762fe4ef3748625463daa1	rajlich
5a8ed21f8a58c771422f89f2a28e1c919ee319a2	0001	he
5ae264a424aa8bbfce656a83579812dcc4f5d7bf	barreiro	blanco
5ae98595bba7eb02ba95df2989871bfa86fb02cf	ruan	si	wang	zhang
5b0c5f2982b541d1a3a0676bcd5c5f0b32c67926	janin
5b2f560103b1cb1ee97cc1a738f345163f0f9a06	dhamdhere	dovrolis	lodhi
5b3342994ffed80182163fc5e5136e46223fc3e7	galiasso	hale	papa	shenoi
5bab310e6c2ffbefca39408ab74c5a04775a72f1	benedikt	griffin	libkin
5bce043dfd1ff932296fc0b53018e79b5d2f349c	licuanan	peng	weischedel	xu
5beca815eebd337f10b20cfa2bf18c0da136e79e	afacan	ay	baskaya	dundar	fernandez
5bef1d7b6f7d9bc5764ec3917b0592c84c0191ca	alvarez	melhem	mosse
5c1959722d826778ddc662ce73ec48192ebc7aee	mordohai	teran
5c1c10fb396cbf6368496f1440dc5b905bd1c289	eslami	heess	winn
5c383bb149c8d0470240785833b0ce25d5ac6381	habash
5cbbe09fa8222665760363cb45239de85dae5432	chiang	poole
5cc6c669ee9e341217044367731d0e26df36c305	boros	borys	elbassioni	gurvich	makino	rudolf
5d0a9f886c4a4af96cffe6a7fa406a59681ddda6	chao	joung	zhang
5d813dfa3e192db10181a161f7eddc48f0b7421e	blaschke	wiskott
5d91ab88d381861c50cc6ddd46a96f7e9d3f15d3	gao	liu	xiong	zhang
5e4c84225338263e74c0a41eac4938f9a18fedb5	ailamaki	falsafi	moshovos	somogyi	wenisch
5e86b0d98b10858ea2604624a171679d91d99409	cassez	laroussinie
5eab0a56efadbf865121098d07449bc38aa8dbea	dasgupta	kalai	monteleoni
5eefd0388af610051ae3ce53a0c9aa265ab9fe77	martin	siewiorek
5ef874a8f60ad6892924dff1ab0a4de0d221d52c	akhbarizadeh	nourani	vengatachalam
5f52037b807d5c663f12519d1208cbd9b5e2537b	botev	shanmugasundaram
5f7526b8e47fbb274ae6b662c5eeb96e89f4b33f	chhugani	curtis	dubey	guy	lin	manocha
60239e817126f2bcdfd5539f9f9f46a155d7ba3c	franceschetti	karamchandani
6053574d2be8793b5165ef2a98f985d82598cbd9	kenyon
611f8459b9a4aa2b1c50517ee086c7ec5238ab32	abekawa	kageura
61383eca2b2442e569fe367351113e86a345f322	moradi	schneider
61b4ba97ce0c27f82b249b68e0740e06d1ebf26e	guo	han	li
6204400947100e6ad3e10fbf04db60e8897ccedf	puppis	riveros	staworko
6214ce3d46d58135730a4509c4cc9aa2cdaa629b	gressmann	janhunen	mercer	schaub	thiele	tichy
621b638eed9ca82b83e791f4e85dbe0f349b6bf6	0003	lee	li	liu	liu	zhao
627e33a2e7a36adfad219c101b434806d117a70f	janssen	jovanovic	korst
628f74fcb2e8644d6900d238bf8e704c9cee7525	cao	cong	jensen	ooi
6290f0f5fcae4b1f7a932a4eacab8087153021bc	fu	huang	liew
638ae7d958f1051cb028c605fc0c4951531b0cd8	cao	wolfson	xu	yin
64029063011f0517967dcb84049fea2e1bf44f2a	de	maniruzzaman	rahman	roy
6458749436afeea339941d576ce76e9089e3b726	chen	flora	hassan	jiang	nasser	shang
64c8177d989b4332ef3aa39c92b0b48e6c14977a	cormode	garofalakis
64ea8c10f80e822d4f5335f32ea804141e58871f	chen	deursen	pang
650e1d2d78d2000c1cb00fffca61d2620db8e3e5	cao	li	zhang	zhao	zhou
6518035089d0c87b925c6262bbf5b949d3bb3fff	blelloch	simhadri	tangwongsan
652934effeceb9fb39392a1783064834d506c0eb	janzen	lo	mann
654c747a810d22a40104a2964c3e51e980402d39	freeman	liu	sivic	torralba	yuen
664195adfadd9e7ef5bdd0c7ba43ef00fce6f4a4	morante
667fb9a723f2ee7261239c0889e3de74ca9f83c3	chabout	chaumont	dufour	frischknecht	granon	marin	munter	serreau
66829808bc4827fbdb5b8e11ab8a835d1fdd5ed8	elefteri	gupchup	szalay	terzis
67a77d3242a357571541d39c26d305c5dda89445	caverlee	cheng	lee
67f763eecf4baf4f294b61b136ec916a5d5fab0f	fettweis	rost
680267751581e41ee8bbb92c36e24572754ee0bc	ambainis	rosmanis	unruh
685ae6f041a3f26f8505b2dfe0d4fd1a7c721890	bagrodia	varshney
691459e79334ece73a7da52b810c7020e1ba25ff	bischof	bulo	criminisi	kohli	kontschieder	pelillo
6915087f5e2688e50cf2a59f2b29ab1b46ef78a0	arya	malamatos	mount
696385d0b5b3ad778cc85f189bd2ade5a109736d	navigli	ponzetto
69675e52ab3957157abf7386648bf2dcf314847f	bederson	conversy	druin	eiderback	evans	hansen	hutchinson	lafon	mackay	plaisant	roussel	westerlund
696c19edb69b37c10ea5ba381cd3a1646aadb024	choudhury	dolan	quirk	volkova	zettlemoyer
696d114f57aa6798a5d16aaf847a78942ab9949f	kobayashi	otsu
69bd843a037f9d8ed47d1e45b6c458ed836c5154	erdogan	veloso
69e46f94b0f4e672ae09c0be08cc8cbb333a5c55	liebrich	lowe
6a0e5ff64683f075caffcadf4e0a25c9e52873af	gooch	rossoff	setlur
6a44e2d1d0f624b15fd88ad720019ea9231d57ea	bridge	christensen	hogrebe	jurrus	korenberg	paiva	tasdizen
6ad1665f3d784ea960922f1ec2a020c62942f61f	henglein
6b0d0199bf62aada24d3400e7916441174bb24f6	antonakakis	lee	nadji	perdisci
6b2b078b15672b13e3f3eea33de171c1241c7a08	chockler	malkhi	reiter
6b55eaf27d08910123dfa83aa9d90950f98708e0	zhang	zhang
6b8a1e54b9b275dd1bb128c49ffbc227d1365b50	das	sharma	wood
6bcec9319544fb2913ccb13ccedcbc1013fc1e41	ratte
6bee9cff47809f13b7553c45ea5b6d542beee2f4	milanfar	shakouri
6c1513e2823131a319dbcce4780bdb3e3563c089	moerkotte
6c580f6d2affca6deab05d11fda89440bceabc65	sedukhin	soliman
6c68c0c5edbf23fb9b0a016684877e7636ee9ded	davidsson	lavesson
6cc3318cce3335751a6b9ba68bb9a070c9b1fe00	crespo	diaz	plaza
6ccbb23c80f5b2197e1398d6adaef6a478aefc5a	gutierrez	harbour
6d2f4b3c47186ba31933d8aae69f002334bb148d	dunn	gribble	gummadi	levy	saroiu	zahorjan
6d30c04f4de777671642372358b4353ecb7a9948	clause	orso
6d96312f7bd1ae1191a8123ef1584d55302ab62e	choi	choi	lim
6e3aa26917e92118b4ac14527b6917be56ec8423	saggion	stajner
6e3c94a077222667a25a19d23f7a990b70b720f6	bialkowski	illgner	kaup
6e7a77ea5deba1e3932618bacdf587546fa1ee5f	huang	korhonen	wang
6e971b18bbafb662c6ed384eedc8c35c25555a0a	kollar	roy
6ea7abf5bba97c759d946eb2eeca888144087a1b	chen	chen	xi
6f2e2f176f9e69c23ab47875c04e206c7bfaca9c	fjeld	schar	voorhorst	zuberbuhler
6f62bbee7db5ffe8715ef2bf97cc4731f88c7d72	broszio	mikulastik	thormahlen	urfalioglu
6f71e2df2f7f35ed60b72d8ca8e773a0b6e37933	harada	kobayashi	ono	sakuma
704d3f81e0bc246ba81fb4142f4de74e28d8fb8b	gandhi	ghosh
706568bf6b58e25d638f694848051dd2e89eab0e	bush	griffin
707ce1521ed15fb11b5ef155d267c5d35bae68f4	bear
70ba0f4fc1be330ddeeafd5de246cd2ef4bc67a5	donaldson	salter
710299089fc8cc7a99beb075d77db2b2f6765b86	barbu	comaniciu	socher
7112025246df5edd8794ce08faad8c8a12f0ddae	legner	nolte	urbach
71209d2d674010ffa4df1a2660f5b9f27721852a	govindarajan	rajan
71683698c378f0e786cc07089264b8d5b6b14108	hu	huai	li
71ecb0756255fe2e52cf8ab08f5d4cc15258e3bd	kiyono	tsujii
722cb1263d768cf9c09f704f05cf987a0d18ddcb	amato	dale	moreira	rauchwerger	tanase	thomas
727631a00de3c8e7c6bc88d15117f3d92ddef307	crestana	fernandes	milidiu	santos
728d0d23921c83644e9994d038a0690244a3373a	misikangas	raatikainen
72a8fd3e4c1066fab3e0e5b4436eeb0173de4867	gasic	mrksic	seaghdha	su	thomson	vandyke	wen	young
72f4704b4d005561d8fd8530601cc634ffeefa5c	li	morphett	morrison	nightingale	xu
731e671df9e1d2313ddd99698287598e4053c1f0	cetingul	vidal
739015190852b999a44b346663ec22e523526c9a	che	liu	zhang	zhang
73e740be3313ea47f870fe2ea72a55853b656dc0	buchner	kellermann	lombard
73ed6ad9c55c016d11143b3b0754dde744da96e8	bose	czyzowicz	gasieniec	kranakis	krizanc	martin	pelc
7462cfea7382ac0600ab8d3796dfeeb8363fc5ae	hansson	teuscher
749c6048dc5552f1ab82bb94db38f99f25f6af2f	murawski	tzevelekos
7509bc54d64397a0a888715ccf8bca45db0e009c	doshi	rosario	rundensteiner	ward
75349b032ae15efd0dc8ca36532863e7980d95f3	chu	kurohashi	nakazawa
75bed7604b9838a99f7cbaed20a570291395906b	barke	grabowski	graeb	hedrich	heinen	popp	steinhorst	wang
75edee838c237c84b9656a17fdb450ccc4e0e461	lavagna
76c729d91183d2a0d26945e16c83056e248951bc	ekanadham	naik	squillante
77654349912147b32c3119b31e40e0e9de1b8a24	0003	boyd	xiao
77a2134ed5bbbb0d94639e5adf5e02cb9ddfa6e7	bal	goscinski	jul	prencipe
77b773c6a2475e1b454acdefa87f7e394222758f	goodman
77de6ccd8e7a9e395a2aaef5c5dc494b10fc1810	cambazard	sullivan
7830dbfd3f35035c3e17abcc2a2170473d60147f	lee	lim	morrow
789dbdf03e7c7b7fba3208e8ade957349179ab1b	horta	lourenco
78e5bc5c4cec7c6ed9461a207f43525b3861a2de	gupta	srivastava	tewari
78f43b29c83a10c50eb02f3043ee18b0308c536c	azzopardi
79334a1f136cd371c70ca4855b165c9cfdfac913	miravet	rodriguez
7944768e48c5747425d859fb2533cf5af6f870bb	calvanese	giacomo	lembo	lenzerini	rosati
797473fef2a166d37ccdbec581c7ffab87a3ca8e	gerstlauer	lee	park
79787b960e15158dcec30f9e3489bbad407d044d	fornell
7aa86a4d2bdac63a98b181071f294aeff446811e	ho	huang
7b62da61abb44f0a04aed5f46cd47ccbb44ebd93	andersson	malek	weyns
7b65e42250ee0976e33bc675575a6034d3ccb6b8	figueiredo	fortes
7b78240c786558ce03913a08436ed23ebaa0732c	foster	kakade
7b78ef5b8e9bd558892f135a06e899d4f8ca39e0	karri	li	veeraraghavan	wang
7bae3e6cd4a718d870e5675715fa02afd809da46	kim	lee	wong
7bb71709dc5e3d3fb5d621e26dd95085aa408de6	cai	ghrist
7be73fdcb3cc3fedfb1b5775687ec9f6e467c76e	cuzzocrea	serafino
7c59b6c3c08c39af621c440a77320d0eb5ecb6d7	colesanti	santini	vitaletti
7cbe83c69de70d09ebad27fe8ce6f9077439f286	ballesteros	campbell	kon	mickunas	nahrstedt
7cff08c299d4698b6ff7937eb77f9733315793e2	kamenski
7d2d5bd3d7e2ce9de93f22867f3efd0b0a9f593e	0001	bhattacharyya	khapra
7d7869ea615309aef54288e28e80280fc9b3d9dd	barr	le	su	vo
7d9a884d0289063c250feac2543f8d1ecc1f1e2e	friedman	papaefthymiou	velenis
7dcf781740ad95c6254440ddad7355f62439ce34	chen	narasimhan	yan	zhang	zhang
7eba255302d29dc3acfe5ed98e84ed4d44f51cdd	avila	hogg	kuter
7eea2cd17195b170c287e6ef5a005bddff936191	cheriyan	laekhanukit	naves	vetta
7ef5d638ed8c2791e38fe7e0242a8d15264c0994	bertini	morigi
7f1faf0abe976ded8b4420eeb6c8e41b062e8027	bruckman	mynatt	nadji	pater
7f686bc8242866887082cc522bc3fd6caf3fd097	bhowmick	dyreson	jannu	mallampalli	zhang
7fd4df52d3d364e34acdf6297d1bf69fcf21930a	biller	meidanis	zanetti
8008f39a9d0b065e6737e619361c34dbd0c33f43	hwang	kocher	kuang	tian
80128da780f05c906c3dc7892354eec08b106864	0014	deng	dietterich	mortensen	shapiro
8033cfd8569dea0a117eda424b3e56efda1244b8	baharlouei	narimani	rad
8048d44edf05ea0a817a5564e173455af58d1aa2	allan	hacohen
809c669fd68bf0264de4ef98dc64a86ab5cc11da	azhar	deravi	dimond
80e015ae1890e8b49a26e0aaba7e60fd716cba96	berchtold	gunopulos	kollios	koudas
8120313ccab66b53b9ae2f7b1a2843c6a8f2c4ce	dreyer	kunz	marx	stoffel	wedler
816fef1cebc4319b2cc4829e797ece310d5e3fbb	chazelle	liu	magen
8172673feed464190e4cddf5ccb91dcf8732fa69	cheng	tang
81accdcdb41aec4e31ddf4f74283e312e6d42e62	0001	li	tong	wang
81ff8885fd11af461fce05cf797ddf175664b305	belisle	bengio	dugas	garcia	nadeau
820f51be1ca2979d5f48675aac82736e34d7ec32	fung	xu
821db0cc7a93ae3808c5cb047ce66458ffe08284	0004	liu	luo	yang
825a2449b969cee4b47ee3bb82d29ea6b69694d0	jaeger	koved	marceau	pistoia	weber	zeng	zhang
825ffb97ceeec3d0b06692ef2609f86d15bfaa3d	hsu	peir
8297444a8cd9869f4eee1ce706cba788ff4d0ae5	jr	mohd
833c3c98e812712b3d1db379a7ff9f625156be57	0020	chiueh	lam
83a38d179f1a10a6b956247c4b35c908de0ba164	dhesi	kar
83bec03f686dd7ae8c1899ba3bf9b94c59666792	fass
8428abf5247bc83d5e6d2567b85d7df48ca8cca5	puget
843e91f6b4c6af9f3863130223bfd1ab2b1bf8ba	melkebeek	pervyshev
8466c5b500969c06ed6db5caa900fd9f700f770c	barakat	dabbous	legout	lim	rao	towsley
8487d7633cb48379bb6a80980e6b65b5ec1ba52c	grossman	hicks	jim	morrisett
8549ed5656d9ca5461e6e1c8fb11d638b6d8700a	chan	chow	kennedy	liu	lo	tu
85d69b4a7c5ed113ce298d14dcac4d1991d2c41d	brodal
860cd3e57d1cf22db695179efbc126ffe69953e8	krikidis	laneman	sun	thompson
866c423265721f40c8b4aa1256ea28c3d65c3812	goldwater	mcclosky
8686368908956c506f6e3bbcaa2810adfda14914	0001	sun	zhan
86d8078fc0c48f787ec7cef35513ba7c154c9d11	balke	homoceanu	lofi	loster
86e948c53fcbf3306b81ea2c0a5fb1c0cc255bc9	nepil	popelinsky	zackova
86f2778e2bdb81b17e5459f7b40267a200486c95	jarvis	tan
870842595e84461b9fc13186e5113511af2607f7	bishop	horspool
87a0bb6c396684f456e8c3f661c4934c3a2aaf26	christin	leontiadis	moore
87abc0bfbabd753037a6debc1563036fbbde0f6f	smith	williams
87cafb474dab6b8a39134da5d02a84178f755c8c	cointe	malenfant	mulet
87fecc2ab2b2829f31508eea9be64703a3872017	ragucci	robila
88128abb0c7d0aba91d723a2c93a88716f211eb0	cheng	yao	zhu
885306a934ef0f8b6c1038481f04b89a72fd5204	dobel	hartig
885ac5e142b18e116246f82f4b41b72ebeead108	li	ng
897c94652cb23d382cc71541116c64988716cb88	gajski	reshadi
89a7ad6f481c83b14976dfcf1c2bfd0921fc7e5d	mahlmann	schindelhauer
89e7b978bfa643380360ece500969a34f686b71e	banea	mihalcea	wiebe
89f99d34f179495a1f42a96c7b540e3d158fa18d	ghazizadeh	mishra	roosta
8a0af4b2251f202afd76b9dfd7b965df3ec45181	chakrabarty	seshadhri
8aaf85bd448c0e2062098bffa5e2f34fccc9d8a0	maenpaa	ojala	pietikainen
8ac91263bef0c68447d42909cfc5db8f720746f0	cherry	penn	zhu
8b0f31d719a6e67c09d51e572f91d65cef702481	derrien	quinton
8b2fcf54b7133b4814b96d1e9a0c6bde036182ac	abdelhadi	lemieux
8b48e3fd379c411351afdbd1f290e8b1497de9f4	fuhr	nottelmann
8b924531c3d85b79939e2048896fc678f4013bb4	castaneda	mateus	navab	schwarz
8ba88447709998191008c2b0c32cd462d26ad199	castellucci	mackenzie
8bd526ca8a639bc6983c2683809e452989e794a3	kageura	koyama	takeuchi
8c9cda4235012258ad90a3fa3b913e75798d91a7	costa	silva
8cb9943c2dd35ecf6ac3c607f82c27112330b667	krauss
8d2d497b2d5f08c024e84307b212510bc8ff8e73	carvalho	kumaran
8d2e299704a61eba9e4d99c4ac72422df6223b7f	suße	voss
8d38bf0f6dc57e2deba9396a05c1d4698db7420d	cutajar	jeffrey	lickess	prosser	richardson	riches
8d45af8a6797244e5614406a1cfe7980f48760a4	goeckel	khalili	swami	towsley
8d83ba9f4ba3c2cc4e43fa08300d3be2c12b8e9a	brito	brum	creutz	fetzer	knauth	martin	weigert
8daa05aeb1149d6818048364075bac5ac54b4fcf	lin	ramachandran	rangarajan
8ea489cdb1dc3a5fd5c6e26b6bac330b17a22ffb	cho	han
8eca44cf597175a40134327eae94d16809046a2f	engel	forster	frank	gerla
8f145c3e52a7b8629a794209208b7b7522257dc0	aumi	chen	patel	reynolds	zhao
8f213c6cdd5ef1c958d135f2bd4c61332678e8a5	eaton	holness	mcfarlane
8f36dd712db6b5ad5bc8601259b04f77267cc23a	lang	nehme	rae
8f4f598da2799edb06cb107e2d6170d26bc66868	cootes	ionita	lindner	sauer
8fc22f6f047b46c659805c8697c47c1db2a667a8	farahmand	huang	jue
8ff917891a496a5955fe01765d096e1fc39fb031	purser	rotenberg	sundaramoorthy
901db37e99eb5891125698f70da42a3ca4ff2268	mukherjee	rajski	tyszer
902987f6705a97f647b9e35781c7bd7728da5f3a	chen	kalashnikov	mehrotra
90671a9c50d0ee64378f43c1d3131ab537e4f601	huet	jiten	merialdo
908fc76f1f3687f0e2b11e1ec2bf5c3bb0c8746e	zhu
90c9204a3a5514a718032f867a5be955dfdeeb52	ayguade	beltran	carrera	guitart	torres
90e45edd53e813f0ca49c6041a2023a0ff1a809c	hamada	morizawa	muraoka	nishi	yokota
90eb79416e28cf54b1de04402c46ba6a3622d727	rigoll	stormer
916dedbf7511f09d013715815b8542445e47cf0d	chow	lilge	lo	luu	redmond	rose
91bcbdf7495ceb1d1197d50d7aaba0a2b1d5f9ec	cheng	hsu	lin	wang	zhang
91ce0278b451047ed286dfc80532bbd06d6efbad	graziosi	renzo	santucci
91f635799571a71df23a4371767610bf0e0072f4	borenstein	poli
92827d914b60c3f58c99e5dfb03b68ee56b0653d	fernandez	godoy	rubio
929fe175ad7f65827fbf3ba48d326ec05e91dee5	chang	hu	su
92a3f054b54dbf290d63b6f8a841cad3aeef07f4	maloney	smith	ungar
92d0d490ccd11a403b51f66b344485b5a177a128	ananda	chan	guo	peh	sankaran	zhu
92debf0228e0588c09826b27a8b6e3b7d3f9a35f	calamoneri	clementi	monti	rossi	silvestri
9358003576232616a4b0be51b04afe0a8ca4c1ba	damon	ellis	lanerolle	morelli	raye
93c22ed6b2f87916eed79b57cfbc4a58fb00691f	asarin	dang	maler
93cdab44d56b35f6b5973e6d3702d5857a22e4d5	inoue	urahama
93e6deb8ac31807df341728a469984add00aed27	fu	lin
9438d77304f4ed1512c83b0139f3f10f21bde842	luisier	wolfe
9445660d78523c41bdbcd415bfa28b10225ef211	braun	garimort	helmert	seipp
944e5ee521cebebddfd52d6ee329163078b24458	jula	rauchwerger
9466c6c77e79413667585ba55e43f94c26fa4139	albornoz	gervas	plaza
9502c89174d5649f0dc4dd04d30445dfbf593f1b	garcia	tizghadam
955e668df6f2e007f0d924096fae9d3a0d141155	held	mann
95e4d53f938ac57df3388051de56cecbe32ff53a	oard	wu
96cbb08e003d5cc9f2e48cd451b4708f1c848140	deng	mo	neumann	sucontphunt
97379552de008ea2b4c79ba7e1035676df05e196	cormack	lynam
9739ab892bc0ee7a5d163039a9b6f32865e5518c	aceves	murthy
976bb9137359d92fbfcdbfae4f153752d63b8d81	chuang	joseph	shetty	stoica
978c07e7fb7a7c2370c894855049dc0b54377bac	clifton	nergiz	nergiz
97df764644e7ce64f0053ff64e457f494b7a1f22	li	yuan
981344126d8fe709d281000ed5d5288bb443509f	0005	aw	su	xiao
981ea1c39aea1edf7ffb62c4faf722a9a2053e97	ambainis
984d45494026f7a2fc9c4193ee65b5ef35d937ad	nethercote	seward
98577150ab12e9eee84379d776dc5ebed3169ff7	hill	robinson	snipes
9941ffc4346289a3a5e4d414dd6334659d350129	nowick	theobald
99f9676f460d0a1937f9fdba927ed74e460ca6d7	esche	glantz	krutz	sikora	tok
9a44aa6840de4aa1c373401ed18ca9da662c7abb	nathuji	schwan	seshasayee
9a853c3e3743b66b6da0426b725cab4e22edf9ea	bu	yanikomeroglu	yu
9a95a49b3ed823110acdf8d9fca81edc36563846	dallmeier	dietz	scheffer	zeller
9ab42e94bf660d641db49b020bad7c498b71333c	celikyilmaz	huang	thint
9b488f6e4eb5e39f049b7c7e9894062bfa3c0cc8	allebach	bouman	chen
9bdf685e746dfbfddd51ec3f43ec6269a4ae6c05	bourke	brassil	gammie	gao	klein	lewis	matichuk	murray	seefried
9cac441ad3d943b885ceb379ee26fa8c576d3132	roweis
9d490d7537e6687694a90d465c4a8e195e65a374	bhattacharjee	han	ji	lee	miller
9ef761c6f9ee3b85f83cac78e4e38ea5683794b7	akel	castro	jalby	kashnikov
9f01285ce7c570564e4ad9d12949059eaf826c0a	adelson	isola	krishnan	zoran
9f2bf75372916a735b24d23a2efff79499ede6c1	akama	munetomo	tezuka
9f9c70214b3c2563b326ac9b78c9f19a8c7c29e2	bose	gendy	park	shin
9fa5222ff2145d6f990748154117f91791219e63	hertz	nelken	weiner	weinshall
a00447dbea8174d5723f9057caea43cdc4d9ab87	he	song	zhou
a018e63c23d30a9e16f1c0ba245831b15a943458	benoit	dufosse	robert
a01f8f2c4c02db05a77541e761f47592546f5a08	li	yang	zhang
a052d2d92771c5c54341a6a3e919c4f33d44a0fb	huang	liu	zhang
a0b155ff4ec9595d9051100ae3c88a3bede73f00	black	fleet
a0b8be815d1fa7bcfc823bc0c1aaceb1f99ce8aa	auletta	penna	persiano	prisco
a14d598f88ff8ae7818354366db056e0a5f606a4	fua	hartley	salzmann
a18224294964dbdbba67a541b6700c9ad7ccf7ed	kimbrough	kuo
a249f887998937abfff8b35e0a7e886b4445e5db	teodorescu	zhou	zhou
a2b01146796975496ff801a767a6af287a2977bd	gruetter	puy	thiran	vandergheynst	ville	wiaux
a2c6fa62fd13e2921890b75e9f046bf25878a5c8	alon	shapira
a2d2fee242513c52901ae26486081de08b6ae79a	suthers
a2fb78276078f0f895babcadc38ba44c21ec2b65	brugnoli	heymann	hurley	senar	willmott
a344db1d1c27434f04925a5a181dd6c114623b8c	du	nygard	reindl	zhang
a348eb0094454ddec400fe4ee14af287092f5571	fierrez	krish	ramos	veldhuis	wang
a38889ba4159db8066cf8d86591eed5bdc759eb4	potkonjak	wolfe	wong
a38d909b3b8649f69878711aaacb8b7073097c83	habermehl	iosif	vojnar
a3df690fb0e0707bd4fe1f777127988958853b33	andre	rist
a3f70797af644e05882507e67d71555adaad980c	fahmy	kwon
a40117bb772c0b1c988a23418212f923ee2b6bd7	cohen
a4646ebfe6578c3337f239db199949f4f378c2df	celik	ding	holliday
a47b1dabd4f01aaf5fa9164e0308c4fd6728532f	cong	ma
a52f9b1794bb2c777485ce65e54cef769c0f4efa	castineyra	condell	partridge	schwartz	snoeren	strayer
a53420a97172498da72ae47da5e61712e0f55337	baniassad	murphy	schwanninger
a556f8222c44166476c080276b4d9fe31cdf9cf6	dilman	raz
a648c4a58f4c9af108f7a193b84227a50bd13d6d	altintas	camp	cui	he	landon	liu	rajan	vuyyuru
a6496553fb9ab9ca5d69eb45af1bdf0b60ed86dc	bennamoun	khan	macnish	mehdizadeh
a698cd29df9d0f4848dfc8d1fc9e55b84e7b6522	hettiarachchi	mohamed	nahavandi
a6a9a55ba5d08ad425ac1b8c12abb1da7a8ba74d	howes	lewis	mccurdy	vera
a6c6c20bbebbfbd9b2cce6523f6a68052e54fb2d	liu	liu
a75c809b849657455e1ba56bc060899a258469b9	ghosh	grauman	lee
a7a05f4ba398d38852057b3a8183cce5682424ff	wang	xu
a81d4bf2eeda060e01467548147fedc2bc51a193	parameswaran	patel
a8826eb273ce0f9744f866ab22fe7d98abfeecd7	huang	nevatia	sharma
a89d897f978179dd67be5c27a234f8f47d7a5e83	buluc	madduri
a955b24538046655713c743dee44ad6500949792	golmie	rebala
a95e774d6f2374e7faa329d873f22f213f3a2bbe	bangerter	camenisch	maurer
a96c964064c3e34bf543f73dd17f70a840d89126	jones	kumar	pang	tomkins
a9b5821e110c2bc77af8ece773a56e147c8ab26f	barth	mautor	monteiro
a9d520df5906132ce9847d52afe200c0e72c219f	keplicz	verbrugge
aa69e40b81d280de2d3fafc692b419386d508bcc	bloem	jacobs	khalimov
aae6ec06fcc961ed1b1b52f1a6c2cadb05fc66b4	pan
ac804a7e6863838d1c21e46e8e7fa8da7d67a6f4	griesmayer	morisset
acc898d25708b3a8a8952eea8c871fef5fe2fa3c	fleet	fua	urtasun
acd2e3e752258015c367499bb81ce1147e92575b	dasgupta	kedem	rabin
ad272397813026158a35bdfdef314bb4fd504756	rossman
ad2ba3d961b14e34375991d9814b8a1082cea9f2	feldman	gopalan	khot	ponnuswami
ad6692818a87a121ff8f0b0c5e97357af92737ad	padgham	sardina	silva
ad95a158320143219bd4ceaf4b4ea29693c99ce1	ababneh	borras	igual	llinares	zarzoso
ae105483b9f227e92e21bab6002c16775f4dad2d	david	gringauze	sterin	wolfsthal
aeea404fc6b1cc27e0633ae4b656b5996f0635bc	canetti	fischlin
af15ccc9484bdf61ecc47cac7052d831971adda0	agarwala	danford	dowell	fink	gifford	grisafi
b07b5ae8a3a889f23846a99253951b5022804b3b	cheng	danilevsky	desai	ding	ge	han	ji	kanade	kao	lei	li	li	lin	liu	oza	srivastava	tao	tjoelker	wang	zhai	zhang	zhao
b08699248b55b15255892b07430c9e7396a77dca	khaffaf	salam	talib
b0a7437ddc53339c4182bd2b237b1089cdaa430c	bickmore	cassell	nakano	rich	sidner
b0ca43cb523a08ef583bcbb109b5a3136c065413	arlat	fabre	marsden
b0d4190ea1d153fcf209e7c9005c075a97cf7fdb	mao	oottamakorn	panwar
b0eb5b32303cabe3ab07d7e90e8a292a1d997fd8	cai	he	niyogi
b0fabb8e9ccaf902033875ba9652d4527132c7be	ngai	tong
b119851db1f1eaa22f4390badb2fb93f975766d2	tan	zhang
b138870110b475975af8c3aee694869e04df6063	ene	im	moseley
b1f94655563b0a8e480dc5a985f5d702f3101bea	ferguson	smeaton	wilkins
b208cfb9da7b46aba73c941b0aaa81d859762d50	falcon	li	nayak	stojmenovic
b28dacef5ebbd5e82dc838d1b18209a42ff84837	follert
b2a97cec087979569eadcf234c0f102f1e12ff7c	klein	trost	waldmuller
b325d9e28a369ef21a1cb4f3ca33fbe8e67b86b1	tan	torre
b38d0d30ecafa71910ed28d652a7d1d91bc36f68	azevedo	dongarra
b3c964604c8ec5570ef4ecb52b1342bac06d9a6d	choudhary	kandemir	ramanujam
b3f374a3745da478bb18f8e9e30a2bbbc65853e7	feitosa	santos	simoes	tanscheit	vellasco
b4a6f0cb94b0ea780b183961adfdeee1de2ebafb	caelli	davis	lovell
b4b1b0e154ee8108905e342c67e61fc4c9ed82e2	gama	rosa	silva
b4ed83b1ff5553baf6e090efa147c514fd17d918	papadimitriou	yannakakis
b4fa48beef3a3ad5c390516978081c0a4df49926	hong	hou	wang
b54b2bec2cdadd7fc6567f659a7e48ab3946e34f	chen	jantsch	lu	naeem
b58010af502de1f95cf6da8c7dbb355b0f6395a1	burdick	chung	mostofi	murray
b590ea73dd03c4445059ef651706e44beaa1865c	carron	labat	schottman
b639bcb7e3184909450e7380a0795abd6de4ecdd	feng	jr
b7044834dc766f1031ea1fd5151c48c7faaa3083	felty	howe
b734b6ebc374cadb8d88953e70cec0e1694ecce9	ono	yamada
b74a6bf7e9cc994d360b18c548df5c05ce7da57f	huang	smaragdakis
b84280bf242a01830dc3f566392d8ebb475f77e9	gentry	mackenzie	ramzan
b8c1a67ed6ab59da4a0ef07029f5f09f5e554d11	hong	lee	majumdar	palsberg
b913d1bb258097fc67500b4faa4226252c1135ef	kowalczyk	lewko
b9c91ac6debea04d21bfe41f9c22646df0496b88	andrei	eles	peng	pop	pop
ba0d05218e83ca83cbb665550ecaea722838b456	søgaard	wu
ba19137b9190fbc1631eda53d142c0df59a152e1	johnson	palchaudhuri
ba75337e97728fd1dc43837a1fe53047103f3b97	bergheaud	subhraveti	vertes
ba7a364a5b7a6bb2ecea0cfe3c7cd6eefd3a27b8	liu	peng
ba8e5ef43f8e9caa97a895ae6aee5edbf63d195c	demeure	goudemant	macq	piscaglia	piscaglia	thiran
ba93ff6fc77308143db0f007463aaea2e98273b4	kim	lee	lee
bc27747ea889ac887597b3c1be71f41b1b6fdb09	chiang	proutiere	yi
bcbcd8ccbd9f02e5c6cafe65b04c0be4d66343d6	khoussainov	kushmerick
bcc172d921fd61e5c734ffa14689ab5eb6b46186	petric	roth	sha
bcd0da043082c9302fe2b4ceb4342f0e408cd2a2	ghosh	saha
bcf19993f3b45312f8a1292bf8e833ff20bb9d6f	anandan	irani
bd356aae7227ab28401dcec771945a9207404f5f	shinzato	torisawa
bda0d8b6b08d43b005930ef69e101722e2a671db	campos	jeffay	smith
bde0578eeba7210ffb583496aa5397d908c12fd6	bird	cieri
bdeb8cc8b74aa8ad4aa98b374154673e4ef6cfd5	kanade	moriyama
be07e82180452b4f54799f21b1443f5a29792ae4	hirayama
be74bab0aff76812fb76a83314eaf5eef4ae0061	bovik	seshadrinathan
bea94d5abc8a287cb1f17d85e8e05cfe6130a265	elbatt	goel	srivastava
bf93cbba00613cf85ac932b47aebb0a178298fbc	dinur	dunkelman	keller	shamir
bfafdbbae553ff90f1d09ad9be9b189159a19c12	huang	jia	shen	so	wang	xing
c132d1df24dfd319e98231a0afcf8726787271b7	hoefler	lumsdaine	schneider
c1566f0aef8aec226d623549692a43c8c9d95ee6	angelini	barr	hame	hoffman	laine
c163efa52a8a7c4ed660487f1d5bcedecb68eff5	chellappa	herman	hong	liu
c1755bc3a259afd32b5a5c0250d0948653716182	chowdhury	lam	shelton
c19a3eab7a5f2c37be907993ee066a2e4b368003	allison	conway	konagurthu	smith	zobel
c22d6d57fc3e2d321ecba65190e9e06aa3d24b0d	mellia	meo	rossi
c246ebc8380779e958b1e7158e2ee395faa97815	grunwald	maltzahn	richardson
c2bac9caf1148dbcf5e42245431303fe012e6304	cheng	cheng	lu	lu	znati
c2c1509ef28b161e07e8c8a50454cd7380671421	decker	samp
c301d84784a3c51fa21653a286026459538ac7cd	cao	dai	li	porta	szymanski	zhuo
c37f9f46b643ba56fcf48315df49556e02bd0b3b	lin
c3944a8d834a492d2a8a04215faad227b87dabde	igarashi	pierce
c39f3a87d6cb305f5ae4b9a75a9a746acab3cca4	azimi	desnoyers	michael	moreira	shiloach	soares	wisniewski
c3b9e50b9f0e5453df7eefb6ed87034b0a6a94de	demaine	hajiaghayi	kawarabayashi
c3d0e2c9dd381ba00aa4654a84d79a00baa12e5a	das	gupta	kothapalli	srinathan
c5066e10247a818ebab4a391b81f8acf37d631f2	nguyen	xue
c56db92ac5b4d91a21904b825dbeb6561b8026dc	cobo	jr	thomaz
c5c3c6e5359b2e7f864d1ceedc10a93252d01dc4	naor	wieder
c5d1049665f4c3de19597105801fea15681bbd90	altingovde	cetintas	ozcan	ulusoy	yilmaz
c5edb00d2774c531b211a2af7b1a25c761b38460	brys	chernova	harutyunyan	nowe	suay	taylor
c684a54b298b8f5d90b987a873782ccec8648782	jameson	wittig
c6bd57cfe0fee822bd02acda2ca478f88ba5f761	holt	rusinkiewicz
c77742d1251eaf21a3ddb72a0c2cdabb8da69d81	chang	loui	wang
c78822375eac61a9baf5d79fcc40516bb02f4411	bao	chu	deng	liu	zhou
c80379a96cb4ea08caa8172ca2e4fa19191bbd1e	badea
c80f724b06a29b0e9babf4a73ae063fe9d376bd3	li
c834afb31d85b0d4c70a7afe89ba5127851c7cf4	chakrabarti	manimaran
c88d85208f29bc1ee4dc12c78543750453cc4696	drechsler	ho	keszocze	wille
c894d39b331f6cac91afcf1a9c2c825c087928b6	healy	viola
c8d03818e3c2b4b656c392ccb43c9f3d9f7b2a06	baker	giuli	maniatis	mogul	rosenthal	roussopoulos
c937c41d4ff8f3732437f45d1f45dddc4234e8e8	jarecki	kim	tsudik
c94352f6b4f5cee9ea2b2f671bef279ba47f7a4f	johansson	suri
c995bf62b61e70aec676d9e4effea1ac8290b48a	scharr	spies
c99942fa3f13f953918d57c46292942303224f14	ansari	jarvis	kirkham	kotselidis	lujan	watson
c9acaf4271d6802d4f4773404e5024d248969fd2	forti	nistri	premoli	sandre
cac64c40c687c878943acb8a3fc2dd344ebeb033	guo	hajiaghayi	li	li	liaghat	wilfong	yang	zhao
cb790d3f51c8e08809f46dd3450570a6febc53b0	0002	kar	karnick	sriperumbudur
cbb36fcd3c0339f97042ee05e85df6f7fee6edd0	hsu	lee	liu	xie
cbbaec99403a6e1f89ab95571bbee7919691a143	baumann	buschmeier	dosch	kopp	schlangen
cc488c1cf406bdb8e22b586a7e98655a7ab913a8	anand	bossuet	burleson	gogniat	laffely	philippe
cd5f2a476c6efe1fcafb2fb9cee8c10cb3695394	schopp
cd9b475d2ee9007278269282e8d0dca33b335d77	hartung	nichterlein
ce085f8d3b38cabded3680db7c5677523c96c179	fournet	kohlweiss	strub
ce4253ca1c5b16e96cdbefae75649cd2588f42f3	hennes	izzo
cec0da039d41a1b0553cbe1e772095ad80bf1d76	0008	dana
cf67d0d320034cffb469d28665e4ac9cce9be234	bengio	vinciarelli
d0216f043f9094f129e73c0904bfa7e41ca49c87	gomes	mojsilovic
d038cc08b6fe171c8fd9d09f5e616939b396243d	alonso	elphinstone	roscoe	salomie
d088fe22f8760d211b74a807aebd648f12a4c377	0001	brandle	schmidt
d0c34b2534382e82450f41d76d6409ee3d1957ce	aydogan	yolum
d0d83b2a41de55618375a087c655385ec072b0bf	chen	lin	rai	wu
d10813692d7f70fad03e03295d03feeac9c420a2	bansal	khot
d108b4a9a38824337abdbf0dec556b3a844cabb8	brazdil	leite
d1efc6361492ce99ed637b1a8eb3a7656f7185aa	chen	dunning	rothfus
d1ffb03c40e298edd55bd4ea0bc15dec9efef0f1	balland	brauner	kopetz	moreau	reilles
d20715e7a78d87468e87504c534f3d6aa5d8b7d9	georgantas	issarny	liu	mokhtar
d20ecce4903b489154261753e74de60da5da1c00	seidl	vene	vojdani
d2291a4877e60c0101efff5e0c7df89c5eef5043	langendoen	langsam
d23231ca2f5610b382b0eb5fe1b66c2857b3f4ed	gauthier	ishihara	takada	takase	tomiyama
d28ea485162baee4c793d2a6dda81fe5b195261a	0001	brandt	hua	li	shen
d2964922e081b57fbd57421209c7066079773a95	0034	gao	hu	ling	zhang	zhou
d2a3138850a60a640d6c1b3db6b29d8181a2a999	core	gomboc	lane	lent	solomon
d2ce077ca99d8d72c44fdc27b45bb5d3c7fb2d4e	greenbacker
d3098fdcf61346d1b8d5fca6219295f01cff10e3	balakrishnan	birman	phanishayee	pleisch
d31197f0c650a575c0053b77dbcf27d8801678a9	chang	huang	luo	van
d319b36adbc333331318ba8c62b6b1e61930f5f1	baldwin
d3410166bfbb455765749346517b8bba57457e0f	freitas	jacob	nedel	pimenta
d34d45f8d9a193eb07940d808f66f557d380b96f	drew	jiang	li
d434f0892baef35881856ee99077301b1a1e6f49	ailamaki	athanassoulis	chen	gibbons	stoica
d56d1a9e7e967d0de2a22367ee681e4e039d285a	brietzmann
d5711df0274b3f12b9ff41bbb758a5bf98b08097	flener	he	pearson	zhang
d5f3260323ba53bd8553838239e402f866ed648b	mitkov
d6292c066ec3e9ebfd9b7e20962abb7262f7ba45	knoop	ruthing	steffen
d63a42dae30f2861cd9195b560a087c0371fde86	mulzer	werner
d6688dc6c2cb8e0a241244f76e7b7d55f3b6246e	eidenbenz	flores	jun	sichitiu
d67fc55e48fcf4ec3731df46ceb93d934cbe6fbe	cook	wenk
d74756a4860efe80314a2146bdff94a37864f06e	hashimoto	kurohashi
d76debdeae9dbac8a41a0bece427129bb848a798	parkes	seuken
d804f0d5b79346d0fa473407be5810f58ed04876	kim	park	son
d80f25fe74d1e8c2bf6986989ae63477e434b108	feng
d868c9d6211328fc3ce12631f87491186b8e6f8c	dwyer	elbaum	kinneer
d92c59af67332edabc08953925c36a9d4b8015ec	caselles	chung	sapiro
d9879065f8a71fe0ab116e0059c20e2c47067eac	brockmeyer	durinck	dutt	issenin
d9afdf43a5548e261a0d029cd6ca68a92e04cf2e	forster	warmuth
d9cacd1373873c27597f97bd5593f0841131f05c	harris	plesko	shinnar	tarditi
da696c64a2dd00b9eb0a7e14f29a9526cf700f04	duta	jain	jolly
da9b4dab133cbd1d41f0efddbda364c89b1ee6c6	wirth
da9bb9f2ece9037c2cdb1ae393262c05f9fca1d9	ashar	ganai	gupta
daa73308ea18f9e2571678bb2a9268a0fb7e9d44	shie	tseng	wu	yu
dabccde6f079c0915938b1e4c3d0e1cff9d51508	gennari	mcdonald	weng
db13541c828af9a7958eddc99f56de54d8a17c21	haas	tsonev
db778c7cab71ffb52f28d173a6f1b38d21bd6a38	grohe	koch	schweikardt
db918a958ddaa59b38117b2431181c9310d3d8d5	moeneclaey	noels	steendam
db95ca64fbcaca39f5c7a72d9b986c11af23da51	jr	poorten
dbcc0e1746cc354d2611bc99486c260647ed058b	croft	jeon	lee	park
dbd760607652866bcda3e9ff013113915112e713	ito	murata	shibata	tachibana	yasumoto
dc1e722bb1319b964f2b93f2daee72c0d71b79b7	chang	cherng	li
dc4e9ab4e1a3bdd24e34a523264ccee5fee19f67	afek	levy	morrison
dc6c66eb9a78b2a9395a1289c4985199414db4ed	frank	monsalve	vigliocco
dc70965164aca36cff4569a5df9350ce41a0ea5e	havre	payne	robertson
dc89e01b1b36250cba7b612f3b8bd4b125b3c53a	bade	nurnberger
dcac25d9432a68cbf47ef1a9bf6a75a2e22e36a9	goyal	paige
dcacac51375716eccd8c6756e5159794c31618f4	han	qi	yu	zhao
dcb16f8052763035bb69bebaa841cdee4eac1446	koltun	sharir
dcbf587642c39f495117552ca453a4f955ffa76a	agrawal	girshick	malik
dd4ebceb91e7c19fba7e6db5a2b8f8cd33cb9c23	adve	pai
de15cd39310ae9eed3d08270f66af3c5b648595e	alouini	daghfous	radaydeh
de41e8949248dbb6c7fa1668cd7800ee50b94d30	braumann	kuska
de43dcf9c42ce5a54a4f0fbdfcfbd43fda640e23	duan	luo	tsang	xu
def0da1c377b46e773c0e8369a6681fb374f1053	chandar	govindarajan	mehendale
df412c52c929d6761ad4899b15f73478a9c96645	0002
df738fa4d854465589202e823c552048a9ab078b	grudin	gupta	he
dfda14b54fd99c58f6aeb84bd9afde17718619e5	ray	weiss
dff621311792f4430d3a53e808ff831154f35fef	linden	sahani
e009cdaccf05bdedf1647cc1600824fb5bfaed31	duan	pettie
e0221ead8dfff3fa2d9bef2fbbcfc0d5f12e0f82	wang	xiao
e037e9e1ac4db4e41c543a8669356c4e3583de1a	chamberlain	kruschwitz	poesio
e0999c000e75347c191459df11730d82f14fc904	hrubes	tzameret
e0b9448a4dceca88b98853381b6c15438bd2456b	lam	whaley
e0baeffafecbf56ab02a297a07dac40de099f458	garland	lehman	tennenhouse
e0c83dd1f5bf8a0d76961be5769ddb65b06ab7a6	chen	he	huang	li
e0dd7d248ff0f32ca3f242e416bf88ecb721f6c1	cheng	liu	ooi
e1084f298562aa7b5ded1b44333c10bc55cfb5ff	ahuja	courtney
e12b83fe7e5981ac8cd80aaa1c7e92d79b297ca2	ao	chen
e14c83c1e3b0557c50618f9da45377f992bd1bdc	scovanner	tappen
e18256cb4ce0970ec7cdc5fdea43b6c04328afc1	ghahramani	heller
e1a616674f63dd54b495d06cf1b7bd59f4cb772e	gill	levine
e1d68f05dc3e2feb3992934984402ec4b49150de	cheng	huang	liu	qin	zhang	zhang
e1e460995926b5e53fd875d678cf3b77a4b2b70f	haeupler	kuhn
e1f2c9b6ae16b4375b9ca45b29a979f24eab7747	tian	yu
e1f840729ed5d65cf61c85645fa7e83f2ef55e94	heesch	yavlinsky
e242493a931e965a80f264d638986e47b2ab3512	bederson	karlson
e274cae19efc85e41b7a29e1dbd782cd1a59ba11	bas	macq
e29a9c6ed724de026d69a4f080a9faecced05833	gollapudi	sivakumar	zhang
e2a47dcba4feb732b53468cba3a1f63ef0a91e54	bose	smid	wood
e2a8e8ca815ae91e57b0b7ed4650da934e8a189d	delon	gousseau	xia
e2c063b73fd9d3faaf45229ed880464b94557fd2	gaddam	griwodz	halvorsen	johansen	kellerer	langseth	stensland
e2c2abc3be8c241c0edc34f19c12b947aa500096	diorio	hasler	mead	minch
e34e62e4f85d96b43c5ffb5a0e92f2526e8a9331	nakada	nakashima
e3d69d55072372bcbcebf04fcf3dd6957841821d	cuddihy	guan	lee	ramey
e41efb323986bff06b9e203637a4daa56226f0a7	baudet
e489f285725705211bda1f3d6bf95f6fed3b01b1	arvind	srinivasan
e4f625fb05817b30c04634e7ef4ffb0a074fc0bd	feuerstein	kitasaka	luo	mori	reichl
e544f65582bc2ff7c0148c9f01731000eab1f3f7	kadayif	kandemir	sezer
e562f45562afae6b11cd6125198d1542e8f2d704	geraud	levillain	najman
e56671a369b78129e00d9cd4a2e7dcca91144fce	charikar	makarychev	makarychev
e576ba18ad8efd5cc1908d2c2d211567fdd9a4bc	boring	jurmu	riekki
e5ea23cce43e0d4ecbb36913f44fdbb290381cbf	karg
e62fa49f8d0df0017e32c66836086be4c7541d0f	auguin	chehida
e69b68f4d987a8d58c8266e9948e934fa3593da6	krishnapuram	rao	rosales	yu
e6fc8d9016c9a1614d6cbd66d87176ffaccb1d9d	clarke	lapata
e71a2201cc771be0e10264dc19598ebd2145894f	dekel	long	singer
e75909dcc1ebb08066a7ab0678e1b77be931d5a1	boudreau	jr	watson
e795e175c37b3259b80ff239d16949193a024c9a	beauquier	cantarell	datta
e7d32de84591b2a2a600882671f6478ed2ce6ecd	burchardt	kuhmstedt	munkelt	notni	schmidt
e841d59d920ebfbf5a0263862fd1241d62e90ee1	mori	nakagawa
e8a65efee25b54a5a1b2b5b2eb29fdae1c9c142c	borgida	serafini	tamilin
e8e290e8ab522d1ef6cc2b5aa084a26c685c412a	aizawa	han	yamasaki
e917dca66a480b6dd78d07dade993149d87ed668	atkins	durfee	shin
e9bf3ec7a285e294583180429ff975623db83258	vovk
e9de149a4837283e70e318ab7aff47765d33b5ba	chen	demirkiran	irwin	kandemir	ozturk
ea1b9fbca07f0952864567f18cecc64fcea0d798	chardin	perez
eacb50888c8521510ff92687c264ffca801e1de7	dusza	ide	wietfeld
eaff2675c590565ad68935fe6acd60dca19ba9d4	clavel	hendrix	meseguer
eb3997d38b7c97d06ae22c4a596e4b8c538090c5	abidi	bozdogan	koschan	page	sukumar
ec0c39556df3d5cd3d78c16a471e4c4b7dfeed36	chan	lam	yu
ec8d6f4e30301299d55e35c0b2b15ab717f8760e	beu	bryan	conte	poovey
eca76b5f5632f69ee01c6070484d496231effdc6	forbus	mcfate
ecdfa193a12f7d2cb6226e26d96ce23a4d1518c1	0001	fan	li	yu
ed4157ab7877feeced3bcf3dcb8e5c43d1464458	kant	mohapatra	sahoo
edbfe47c3a876c5bc33f3f12ae2ee2a6616fe950	lorenz	orda
edc579420a2335319309ca59f88925155509d149	feng	wang	wang	zhou
edda90a35218df78ab40bc93bbeeb0ddd29a9e57	sapatnekar	singh
ee3eec6fff87b6f16370428fca7d48e7804e0929	arvind	kobler
ee6b503ab512a293e3088fdd7a1c893a77902acb	fan	jin	li	wu	xue	zhang
eedf5745db7faac46f287b2e6782dc02634095a8	allen	heeman
eef4dce872b5817b7b2c41a83f9b42d54b61fc20	martins	oliveira	pimentel
ef1c5a773905dfe6690c5f811849afd669c76e0b	naikal	sastry	yang
ef3f7f61d705962f6dad275f13787aa2597e876a	aiello	chung	lu
f0c6c77f9c41bcea9e02544f68ec658707564aa5	fales	huck	rahman
f13ad07fdf160544dd91fbe41fb0d73edc91b611	ojala	rautiainen	seppanen
f18de2285ce5a5c0ed23ab985f4624e8ba38e91a	chronopoulos	karonis	penmatsa	toonen
f1e9ea5817dadd2573e421ce3a85d1882a103dee	mehmood	nasrabadi
f21963edfe17433ab6cc8fe81031f325f312b7cf	awedh	somenzi
f22caf8b1c32e0eb5bc7652be3397525d46c1af2	leibson	rowen
f28cf51316d89184fb90680722b3c7d693234589	chakareski	frossard
f291027938554c2728ecd04be6aa0baba7e6b48e	burkett	cohen	hall	klein
f2f8850137d85e12d9e41b36c76bb29f9057d8c0	boyar	find
f303df82c8ffcb9b8c403a7d3f6d3249f682f9ef	tian	zheng	zhu
f309e2ab5ee2e41db3068289d9420fb59fb11ba9	dongarra	henry	watkins
f31f8b60d0f068e429429a6b3ec019981d37b2a3	garcia	gonalez	ortega	vanacloig
f3377046d4d5885b15ca06a2b92dc2afc9dc66bf	choi	lin	medioni
f37c20127d4ae5dbac125975d1451183684f655c	titzer
f387e4aab6fce0f2f2f5013fbda17927bb405dbb	alptekin	bener
f3d82fe2aea0a862f44109c6f30716641aee5b52	blaauw	pant
f48039d7555bd7ccbdf676aad84c09e462fe832b	sainz	sanfeliu
f4e13336bf10d8b0f3568846608b35b270559112	su	zhong
f4e23c9fa4b339c57d68cbb4d16aca3cc127ff23	adjeroh	nan
f524377600d2c08c46ca93ce9fb04527a7ab631e	goldberg	naor	papadopoulos	reyzin	vasant	ziv
f552dbf87817718b2e09f30e60cbcf288dbd54c5	bickford	dolev	ho	renesse
f5a4c371a430f0614fe9ce4256e362bdd652fb9d	0010	chakrabarty	goel	vazirani	yu
f5cc4779cd05fdfba6f83527f23c9b41a401a1d1	butt	gaonkar	kenchammana	li	voruganti
f61aaf2a3c8ecdad50e54445f1e0352bf16c21aa	chang	chen
f699718b19ac7d828eed20b9117f98bfbf4d757f	0004	choi	choi	rong	sohn	yun	zhou
f699a9f627dd5f4aca208ba1ff9ed4dd518e783d	blaauw	dreslinski	mudge	sylvester	zhai
f6b15713c4a3fe92e20e788c3abf376861fa207e	chen	sun	zhu
f6f38ffc188aad586cfdd699107adfb5ef9efa81	chatterji	mahapatra	mahapatra
f7706a02cc5c6fe33083e103a54780fe989961bc	goldwasser	kalai
f8306f2220c19b819398d5f1381a18b722e1fc62	agrawala	derose	hartmann	kin
f848c211568a773a617606bf2f5b2a8f508b1130	gopalakrishnan	li	li
f8c81bb46bff2c69bc9842da310ca90f384fbc1e	brafman	crawford	frank	khatib
f9478e5634f5d8e445d37b853a744eb92a24d91b	chen	peng
f9c56628889c182dc5116b0f3e00a330e27df11a	you	zhang	zhang
f9ff1de3aba0e53b44bbe285dbee29c53b0f8322	tucker	whittaker
fa1f4f34cf4502ede6257305ed8e6c808b6b3643	koller	wang
fa95c114361d0432da2e09f3c04f147e11a2afe7	schroder	sweldens	zorin
faf4400fefa1a5cefa128d65f23eba8cc2003eaf	ferrara	pan	vardi
fafa8b955349d3f9d674ddde9b18f4afed7cbc87	lin	sylvester
fb05df2acb8c5324a2b2822e0d663e4a2be16050	mehrabian
fb59b92223510f362b2327ee1812116b65b0700d	agarwal	berretty	collins
fb766022a9562abc47ae28e9253e77a1c3dd9880	arkin	bender	ge
fbd66152838f2bda46298e369e954a22d31ff6d1	tsai	willsky	yezzi
fc2866c60770b4565e32267781c8ff361ba51cd8	choudhary	kim	kumar	memik	pan	zhang
fc7be62a88b612b72c4237d9b5cad18d8aa14b26	gao	ge	li	zhang
fcaa8a21ca57018216f5364f6b8f1dee2ab9afc0	bayer	kirda	leita
fd070aee3dd9c07f2f2d9634445ba9495d10924c	chang	kim	pedram	wang	yue	zhu
fd2dd8d327fa678113fc455f8c8a3f9b39d29fe9	fitzmaurice	grossman	matejka
fdf2d28f1129b37e9d7c61f618056b81e9972c08	0001	pelleg
fdf6a55f332d46a78c017f2fe14e6be44637e64a	morris	siskind
feb911e9bcaa89c48a388e211e8bbfff2be2c7bc	ohori	sasano
ff35fe0737592342095d250ca35b2d3b6c2f46a7	chakrabarti	jaffe	lee	vincent
ff7dffd272b593355b9d3b86f887d9941c63af22	chen	fang	rutenbar
