0012e0ba095c2d75cdfc79b9c9e2a4e4a6781132	variational bounds for mixed data factor analysis
00273ef0af172a8ae02c59bf49a9b09c22cc68fa	migration motif a spatial temporal pattern mining approach for financial markets
0029ba078e2903d149dd1e7f45c3f71d36ce729b	a network calculus for cache networks
004af6a1df10947ffa3eec7ceb0687c6c79db0a3	constraint management for collaborative electronic design
0062526e2c87d1fd47388c13050cbc2871f766db	firedroid hardening security in almost stock android
00744271b1a9192e4bf4b8cb4b0ba915d827bb4c	text categorization with many redundant features using aggressive feature selection to make svms competitive with c4 5
0085c699cbf4323ff5d43818f382a8e9e4e832bc	online geometric optimization in the bandit setting against an adaptive adversary
00e17bd820ffdddfeca041f31ae1691d18f6970c	temporal phenotyping from longitudinal electronic health records a graph based framework
0114fb72afbd9cc0bca35940beb21eda596aa5e0	a case for a flexible scalar unit in simt architecture
01eb1294d629e348673ad5212fc5eda61dbc8a27	ordering of the rgb space with a growing self organizing network application to color mathematical morphology
0202a2cfc2a3e3ae82ea69781be100309f2325be	where s the party in multi party analyzing the structure of small group sociable talk
024a6b8981750bbce913c8a8d13609be255944fd	efficient correct unsupervised learning for context sensitive languages
027fcf15d4741bde974a127207f28b031536eb1d	a complete declarative debugger of missing answers
03617650a45a0a29590418d09390a36de3060569	automatic prediction of parser accuracy
03b31204f132962ac46a062fd7effeef8d90db6b	an iterative refinement technique for side information generation in dvc
042084570ea390686fbe62a00ef59282da67419c	decision making in intelligent user interfaces
05737e80116195486970bad275fe7a958d4a4bde	a goal oriented approach for modeling and analyzing security trade offs
05f0324f90fe684926fa36a701fbc6b5045af898	painless labeling with application to text mining
06fdfa00ea6a51aafa8fe305d2d69f4b46973892	mining models of human activities from the web
072cae4f4da9d9e810fcb30899a52954c04ccab7	a flexible model for resource management in virtual private networks
075fe9b777adae7e59e125283ce3960f38e7257c	saturated semantics for reactive systems
07c09fd623e4f93752f8809e1ae0b02b9c251ca0	adult learner perceptions of affective agents experimental data and phenomenological observations
08245b3e5e1ee8d52d3311e22f8def725f3cd1c6	boom chameleon simultaneous capture of 3d viewpoint voice and gesture annotations on a spatially aware display
0876622f6c7a068794d78aabdddf1e173137aa49	cryptography with one way communication
089ad394f9e0463c2f12e3d3cfbe8485485e6897	a finite element method for elastic parameterization and alignment of cortical surfaces using sulcal constraints
08b8d9c9576a02c6efc5e8bf70b7ad6972973cda	when nmda receptor conductances increase inter spike interval variability
08bc6fbb08945c35ec8e989df0ce05c98b09668b	implementation and performance evaluation of m via on acenic gigabit ethernet card
08f624f7ee5c3b05b1b604357fb1532241e208db	segmentation and recognition using structure from motion point clouds
091621da1f4373b6d6f20a5024b729c43a1ae986	measuring similarity between curves on 2 manifolds via homotopy area
09437d40dc213ba1a942b233c37d447337f5c056	generalized simultaneous registration and segmentation
09e88460a9379a6cd979b3954f8c4d3bbb9de0dc	evaluating abductive hypotheses using an em algorithm on bdds
0a395aa2965bcfeaa860c967971e5cb6c89bc035	robot stereo hand coordination for grasping curved parts
0a86a047d18cd011dd8df23aad5bb42cf99cc941	learning cross document structural relationships using boosting
0ab9dc7290e2ba31028a535d19b66dc02aa492c5	gmm based svm for face recognition
0ad6ed8cc5e5a3d26e047f0c9478fd06f327da3b	metrics for controlling effort during adaptive maintenance of object oriented systems
0b225be92ba6aeb9b417eebf63f0e4a33c5cfe27	an optimal approach to the task allocation problem on hierarchical architectures
0b824c4ffe362bf2f8987232c9b5a8eb72f96f3b	hybrid in database inference for declarative information extraction
0b8ecf769bfefc5daa0ca2cc2c8b097bf34c90a6	a smoothed boosting algorithm using probabilistic output codes
0c45f23551a88db06af891dcdc633317fa64bc88	predicting saliency using two contextual priors the dominant depth and the horizon line
0caf94d184087e175245540a54cb10c16a4745fe	a convex optimization framework for bi clustering
0cb49416099ba101c5fcb3eb6c957d45e106195a	all secrets great and small
0cc37453fbc8297cc797bba5fb79abb2f0d1eded	novel progressive region of interest image coding based on matching pursuits
0d07b9746c3862b6263037ee405e4f7fcd6d51f6	on bin packing with conflicts
0dda151030cd64198497ddfefd324fc1b57779d1	reasoning about actions in narrative understanding
0df395aa3e8c3ab10be1fee425b02782ed575d29	from algorithmic to subjective randomness
0e43f60727382032a620d3c08694c0a104005de3	oacerts oblivious attribute certificates
0e59c60eaee54e0db8171b5a2be12833c5cdf2ca	a cyclic weighted median method for l1 low rank matrix factorization with missing entries
0e74a1690b540a45f864f933d89a1273446710ff	image retrieval with relevance feedback from heuristic weight adjustment to optimal learning methods
0e797d2c7163a77106bc0f4ab1cea76bb86cfd92	cooperative computing for distributed embedded systems
0e9806432739fb799a32acd49853d37c324bac03	geometric driven optical flow estimation and segmentation for 3d reconstruction
0eccc4496649f2c86a6d836c3ced3e36428af5e1	laplace propagation
0f8f492fb900141d88e0ddcf239107c6a2a27b42	distributed task migration for thermal management in many core systems
104f123a189fe58cd4e05335215cbfb073468079	concurrent imitation dynamics in congestion games
10a5765bd6efd776ea03084e6597b8de8cbcc6ae	power modeling and architecture evaluation for fpga with novel circuits for vdd programmability
10ab7743b6aebea3fa6a2b73809a1586b9d956c2	pricing competition and innovation a profitable business model to resolve the tussle involved in peer to peer streaming applications
10d93f66a7bd213bd91d5ed48ec51c185275e4ad	coalition formation in proportionally fair divisible auctions
113cf3a6c3b95943c8667b5fd0a6346f95c5b25c	dynamic voting for consistent primary components
12468e58d3a145449afc973c9f7b521a847c8a76	using information theoretic measures to assess association rule interestingness
12aced95ba4026bcd651e844a600150d92e18e58	a hybrid rule based system how variables are involved in connectionist rule based systems
12b1a4fff4f7def7f0e40aa0b0413ccec4e6b453	domain transmutation in constraint satisfaction problems
12d037436e39a3ea8bf46f3ceb7a7078c8e7c73d	event detection in tennis matches based on video data mining
12e1edc7a1775a764ab03aead7522c40b43963f8	locality aware process scheduling for embedded mpsocs
12facc1309f486a541d721134b2aaedc00570235	spatial and probabilistic modelling of pedestrian behaviour
131870be9d65a2c43502870d18a603d4f64139e1	an algorithm for detecting multiple salient objects in images via adaptive feature selection
133955a22d7531b8658aa5830c02736be4f43b65	towards optimal resource utilization in heterogeneous p2p streaming
1345349908904a0736a5849db3e4d924371052a7	fighting fire with fire modeling the datacenter scale effects of targeted superlattice thermal management
134fc2bb80a4521da5cedfb1fcd5901791c6f011	automatic generation of personalized music sports video
136744ee008dc534b4048337e76ff182ecdc1214	optimization of passenger car design for the mitigation of pedestrian head injury using a genetic algorithm
147856e2a691489587efaa982468e7040c017b1c	pid controller tuning for stable and unstable processes applying ga
14a3304a40d6ef79e082055e7455d3c3de8b3dcf	capturing global and local dynamics for human action recognition
153ea7038a52eb81b85d4ca66c754bf727ca6406	an algorithm for finding novel gapped motifs in dna sequences
158cda9abd6e7a13318151503ee65407d7fd180a	a systematic statistical analysis of ion trap tandem mass spectra in view of peptide scoring
1597a40368c48f3da5d82ee584e0dec3b618df06	removing concurrency for rapid functional verification
15e38e34b3360f59a33a06be63b7f73457915da5	real time verification of network properties using atomic predicates
1604bdf9a49a98a39218f909ee766a913c7a4721	graph invariants as necessary conditions for global constraints
1677d29a108a1c0f27a6a630e74856e7bddcb70d	efficient misalignment robust representation for real time face recognition
16aeeae61701c74fdb3b560ec1ba7eef086bb4ce	multimedia content protection via biometrics based encryption
16c5fb6ff8dd31eac9cb7e4a6881f592f2758b16	learning a small mixture of trees
16c8bc97a022637ba53bab8be1b815a02e26b561	a primal dual randomized algorithm for weighted paging
16f93683743c13c8ce3e6c9b0475f23832bb0754	the wikipedia world is not flat on the organizational structure of online production communities
17283370adbedf8bca327ce4e43ccaf9182f3c0d	multiresolution analysis of 3d images based on discrete distortion
176600b839d1f198831b1d43938f483784abb420	improving the effectiveness of time based display advertising
17672157ae97ca104c956ad1a6312b71bd8ad038	fast computation of generalized voronoi diagrams using graphics hardware
178eceeae8aed820b789d7b5e4e2ddd1cfa7c557	a memetic algorithm for the low autocorrelation binary sequence problem
17b6ef93649bfe4c273b531028ee4550fbc5ac0a	cross domain sparse coding
180b6f72a143c218f84d675fe42dc0d2b3e0152e	2 compromise usability in 1 dimensional statistical databases
1820869030fca660212fb7a6449b6ad1aa99d9db	adversarial memory for detecting destructive races
18879a57e4f01b6f7f642a99c72d82907e78fe94	affinity learning on a tensor product graph with applications to shape and image retrieval
197e2e4d2992484435b5323649668b10a9cce0a2	using dynamic asynchronous aggregate search for quality guarantees of multiple web services compositions
1990afd6d3c11cc6b7b9e272b3fe43dc8aed3138	plan switching an approach to plan execution in changing environments
19c94455ca5015a8a25e89ede1b6418645b57912	direct and indirect effects of sequential treatments
19e851f2c61ffece4e5fada6deac7fecddd8792f	model based compression in wireless ad hoc networks
1a73a8e958cde8e96be43f94bca50b196b07d595	implication of mac frame aggregation on empirical wireless experimentation
1a9eb04b9b07d4a58aa78eb9f68a77ade0199fab	actions as space time shapes
1aadad3872f7fe564a98a3d9205ba3c329594075	an incentive mechanism for message relaying in unstructured peer to peer systems
1ab75f37d1ee196f1c1087fc95af79216ba826fe	capacity of structured multilayer networks with shared weights
1aede27149f28f7590ca1b8ee8f926e7477cd5d4	regular path queries on large graphs
1b802ca0a6dd56e8ebec34d16511cd83f8ef917d	update operations a review
1bca65a562c74e7b8012f8501b6ba0bff15e869a	bridging vision and commonsense for multimodal situation recognition in pervasive systems
1c14996f9cbb1ea09f5dae69215a5ffe21a21ad9	business performance and enterprise resource planning
1c222c9e0f65068bfc20620bc89f597ead4ecb0d	interactive steering of mesh animations
1c5714e75442b9d95d257e7a4349aabb1434417d	automatic determination of communication topologies in mobile systems
1c734e6116ae58f33585aaa95833b166c7bc3372	algorithms for the database layout problem
1c9f5134541064c99075f7a04155c5abe8d19956	on local symmetries and universality in cellular autmata
1d10b433f7ba603c764f0d372694e685d6696ee0	a novel relational learning to rank approach for topic focused multi document summarization
1d69c28148bf39bcd3d0e0a92000ecee57c279ae	the impact of distractions on the usability and the adoption of mobile devices for wireless data services
1d84bdc5b236a10c557d16554efda4ae45ddf56c	two dimensional statistical test for the presence of almost cyclostationarity on images
1dfcb022f23cae23824032835fde88bd60f65f37	configuring conservative mode fairness algorithm in resilient packet rings
1e1788ccee8fa4a21fa58f339852767076dc6246	parser adaptation and projection with quasi synchronous grammar features
1e28589db62cfa8523da102491d680d38044fdf4	voronoi diagrams with a transportation network on the euclidean plane
1e6f61c574fad2460d06d6f52295922f5c99857a	a generative constituent context model for improved grammar induction
1eb854ce0539b6fd18dbba942f52a80a735f5c8e	automatic text extraction from video for content based annotation and retrieval
1ef01e7bfab2041bc0c0a56a57906964df9fc985	question answering over freebase with multi column convolutional neural networks
1f37004245781d92f9cf3ae95a4fe0fd1899d3b3	sizes of minimum connected dominating sets of a class of wireless sensor networks
1f88013b75261a07b756212bd94340fbee0a6d08	locating high density clusters with noisy queries
21729739e9b4c8ff55ddd31b427575319ecd4707	automating component based system assembly
21d3c4aeebf81e8b4c5edd7cf745b3867b2bdbce	when security games go green designing defender strategies to prevent poaching and illegal fishing
21d683dfe11e77949aede4e95f5260cb71ae2732	personalized prefetching for manets
21e8a6135c8a0e470e85a7577f1c49e5f55da48d	a video watermarking based on 3 d complex wavelet
2288515f75904bc3358f12319442fe643db57c24	peeling potatoes near optimally in near linear time
22cf3081c679431714e8cbda55cd89c57678c3b8	b bit minwise hashing for estimating three way similarities
23319dfe6652eb6bcdb678cb56ea3318443881f9	using eye tracking data for high level user modeling in adaptive interfaces
2347ff467d9748989e2b546f20f7c31ab61b8517	unifying framework for fast learning rate of non sparse multiple kernel learning
240ea5cb0b741ad03df4b03c2f62ae5a5649f052	automatic generation of embedded memory wrapper for multiprocessor soc
24696299451806ac55ed4295256a2a011d2e4d30	empirical investigation of search algorithms for environment model based testing of real time embedded software
24b79c8f36133a9c71d6c2eefab8f46535632157	language independent probabilistic answer ranking for question answering
250796f2fa80b2ea557f2728d7a0de5eb0124ab0	robustness of structurally equivalent concurrent parity games
25547f6e6a3c0955e84def318dbe574a9106be4a	employing batch reinforcement learning to control gene regulation without explicitly constructing gene regulatory networks
2572e446e2bdaf72942219e9aa183ea96e14c642	a contrario hierarchical image segmentation
2586bee6e557fefe4153ea03c244d92102f7c118	sound compilation of reals
25c03ff00d0bed4acaa690d570b7b013342317de	analysis and mitigation of process variation impacts on power attack tolerance
25f808645ba8d15d3f0d680acd49b3487fc1891f	approximate learning of dynamic models
26364baae4556bd6c94bdb74409e9903286ef7c6	universal succinct representations of trees
2649ad59de4f044248b36ce1ad33daeb98e3c7ca	the cost of traveling between languages
2696009abd88223e8164f8c22bfafbd93531752e	fine registration of 3d point clouds with iterative closest point using an rgb d camera
26ad6c18609e0d4de3f5616fbd2b6928ab9b816e	dolib distributed object library
26bae4f8d04e8f195e3d468defad5b8cc4f945ef	managing alerts in a multi intrusion detection environmen
26f96ba9abe554ff5e3c5a88e43ba36812ab7879	whose value sensitive design a study of long distance relationships in an arabic cultural context
27105937da25fbc516322ebbe30236f509514e0d	improving arc detection in graphics recognition
280c5037a7f859eadf6501018b659b350503b209	fault tolerance tradeoffs in moving from decentralized to centralized embedded systems
28866d360849ea5c00f79c8f58872de3b7aaeaff	cosens a collecting and sending burst scheme for performance improvement of ieee 802 15 4
2888efc8858ff1cfb004624a4228e5ace1271dc6	bitplane intra coding with decoder side mode decision in distributed video coding
28f5ffde6c7e9d53775c3cbecd3d1aee65fe8abb	photo and video quality evaluation focusing on the subject
2920674386f1d59a4298437d54582e7c41aa72a1	how to compare treebanks
29ab1fb317559718bc468727369bb37ed91d972d	ligdb online query processing without almost any storage
29b6a897e8ef4f9c48b6c847bbef2eabd4506678	direct egomotion estimation
2a457c79b12c01d480e3eca359f08a804a858d27	query co processing on commodity processors
2b370d4e52a64de17c0c4dd3e3bc7fbcbf006c50	disjunctive semantics based upon partial and bottom up evaluation
2ba266b79d833cdfe4f8d16da6c6c10f6b2935c7	characterizing definability of second order generalized quantifiers
2bf5cd5de7244861ed14e1cd104902e58b7b43a6	two phase modeling of qos routing in communication networks
2c31df0855cd391e709cebd98e372a3655255f25	topic 5 parallel and distributed databases
2c3b294dbdd5a4b5a913aef37b25147e03d45d91	a document centric approach for supporting incremental deployment of pervasive applications
2c422c9ce4b0c609584ec6f9bc43c5ddd87f86e1	model checking knowledge in pursuit evasion games
2cc9e6d894c156faadafe4d75ef9c3e5ae7c8cd3	redo recovery after system crashes
2d15f14ef0a23331cba9494144365ded913e5dc3	the store load address table and speculative register promotion
2da10ae0b05eeb5d2c8c41c39c8842fce75a8d1a	patchmatch based joint view selection and depthmap estimation
2e24efd1d26dae508b34827b7f9e5bb92fc6f3b0	kernels for semi structured data
2e3308a0eb078b9b9f6f23470e9b90f371e64642	on exploiting cooperative channel and multiuser diversities in wireless relay networks
2ea9a631563554591dac4639aaffe157d775a150	curvature measures of 3d vector fields and their applications
2ebf08944768caf4e15ae844a763d9994939452c	staying under the radar innovation strategy in information infrastructures for health
2ec2f8cd6cf1a393acbc7881b8c81a78269cf5f7	learning image embeddings using convolutional neural networks for improved multi modal semantics
2ed5c8221097abf41069431f108626f6be791120	nonvolatile memristor memory device characteristics and design implications
2f61cab6dc6246fb12be86752aa1d62173f4733f	symbolic reliability analysis and optimization of ecu networks
2feb97bd391ef89f65105330b18724e0086d8aa8	approximation schemes for packing with item fragmentation
3004e39a7e3139b3094e09c8b3b474a647f270bb	segmentation driven perceptual quality metrics
3074cffbb72923b6229fc72fd5814e1d09de1290	performance analysis of wireless mac protocols using a search based framework
3077a41befe3d30e0f348076c1122ef307fa62f0	2d observers for human 3d object recognition
309fbeaa395906cd5c5554f8e3b5742f17656a22	shake before building replacing make with haskell
315163d3559fc3e298f9b190028d86fe83bdf62f	multiobjective evolutionary algorithms for dynamic social network clustering
31a6424107ddbc18e12f2722e2c72a93f75cd5e7	variability driven gate sizing for binning yield optimization
31c12a7b0f374303c472d1d9fbd656e41e938cac	integrated admission and congestion control for qos support in clusters
31dbd5a56e35a14eb556637a2124207c725bcac6	gradual transition detection using color coherence and other criteria in a video shot meta segmentation framework
322e8b627d89fd082903af8979f335ac24b27271	scaling up dynamic time warping for datamining applications
323f596b85a35bce45eac65ff4855e08fcdaa31d	toward a programming model for service oriented computing
3282cb4b9ec1cda352cc5ed4aa7fcfa9a60b424b	best first and or search for graphical models
32d9aa752afd5242b39b2d288fd9831b60688c4a	colouring graphs when the number of colours is nearly the maximum degree
32e2d061edf1ea7d88d95b6cee92f7443210c825	where has my battery gone finding sensor related energy black holes in smartphone applications
3332653e7f019abd4ce05818db016f40a085ba89	optimizing bandwidth constraint through register interconnection for stream processors
33c171926c708b876cc75e84f64bd3a18ea4fbb9	leakage and temperature aware server control for improving energy efficiency in data centers
33d4973a85f8e87c180952cbcdff6ec695022e0d	seeking legitimation for an information system a preliminary process model
34050164c3f3c29101ad38773ec359c058b08724	document image matching based on component blocks
34e21cbfcd1fdbd1f5964fc59db6941a3c740791	integrating history length interpolation and classes in language modeling
35c672105950bd4b139322355c923f908791afbb	delay asymptotics with retransmissions and fixed rate codes over erasure channels
35d7d4a497bf586a0323893939b015db91ffe86a	port a precision order recall mt evaluation metric for tuning
35f6c6ff65cb188f0d840b1ca45b5d0bcf9d18bc	broadcasting in sensor networks the role of local information
36149815ffb308c6a421dc8e978dc202eb0d91c9	analysis of the o geometric history length branch predictor
366954363c99333612013ca283ff9640229a0f41	nonlocal spectral prior model for low level vision
3697307709b52af113469831457f3525d389c7cd	hybrid transactional memory
369a71e89e0890ee32be7886e9d530afd2745e4b	open problem learning quantum circuits with queries
36dc33ae32344c825eab1c985fe1e5be3d5a2ed2	load scheduling reducing pressure on distributed register files for free
37748c3146850fbf4593599b4073d7515ebe90a2	multi agent based peer to peer information retrieval systems with concurrent search sessions
38082288fb2adcc509484b477c93953a5946b378	automatic emotional degree labeling for speakers anger utterance during natural japanese dialog
3885c7d8c0155d3905f4a0a3997c0cd28c7a649b	mapping heterogeneous distributed applications on clusters
39858e68fad6a18befcab7bf591c4a196f009e40	efficient application representation for haste hybrid architectures with a single transformable executable
39e3e3fa790862b4ba8dcf6c9fd0467560b868ae	types and subtypes for client server interactions
3a717bf3e190bbe7a5788fed67f7c069fef11e37	a phonetic based approach to chinese chat text normalization
3ad6d5c0ce7c5b9cf56afeab77a8ce5a4a531290	p systems with adjoining controlled communication rules
3aecaacf17f3e5b1eaab9071119c8dfd34e16eeb	links among impossible differential integral and zero correlation linear cryptanalysis
3af3de384e0c5ccf95fd5aaf8470340f95284cd4	meta design expanding boundaries and redistributing control in design
3b05cef0b2ebbe5acc1e670c411dca5c8f511a70	enforcing high performance operation of multi hop wireless networks with mimo relays
3b0d2ab0a7ce9fa97cb7470b904055f3b81fc73a	transition based parsing with confidence weighted classification
3d276b81608d8bfae4b780067e66eb336e301d2f	services for knowledge resource sharing management in an open source infrastructure for lifelong competence development
3d9add004b34e79629f321724285f7f80e329d9d	dynamic adaptive techniques for learning application delay tolerance for mobile data offloading
3da7b8c620e1ec58c5ab1086ed2e718a30079b55	testing the quality of manufactured disks and cylinders
3dd580aba9d264512d7fb256d42f8fc87dd6df16	recognizing activities with cluster trees of tracklets
3ed3723101dee44bd86ffec962fe2eaa9b163ef0	attack for flash mix
3f2a902b9a08f4e3438e82669e06fa2b202c4a7a	self stabilization versus robust self stabilization for clustering in ad hoc network
3f9dec10307af8648608468defd9867a88c5dc59	panther fast top k similarity search on large networks
3fd7fe70aaa07478c8692d1bed5c8aec675e443a	focus in catadioptric imaging systems
3ffcda598d647dd5cfb8402e177a4fa423817c68	auto regressive hmm inference with incomplete data for short horizon wind forecasting
400dca736b1571bb9399e0b0ccdce8e165ae37ff	recording the region of interest from flycam panoramic video
404a7bb70a535de4ac3edf79543f00293523d486	toward learning and evaluation of dialogue policies with text examples
40d9b6e9cd54f067f7f37bbe5c8042e24bed59e0	reconstruction of 2d pet data with monte carlo generated natural pixels
40dd192739e7c7766f0078ae2f4f726eea98194b	interpolation based q learning
40e91979fc4df055a1844f8db9768f70ff35d69f	query automata
416ac0fd80fc1c2bbbf6322612b254e68787a29e	location update generation in cellular mobile computing systems
41b481b811dfe0d42d72b55eca00bf0303ef32ae	meeting the embedded design needs of automotive applications
41fd083e0779d59a7c587ae42232c526c8efa2fb	boss beacon less on demand strategy for geographic routing inwireless sensor networks
42b845dd0a08ca7ef97dc5151e47b83169594fc4	tom topology oriented maintenance in sparse wireless sensor networks
430cf582155ee8f0638b3c811d324c6dbe7e7268	a near optimal amplify and forward relaying in two way relay networks
43a69c96e75be147d11ab023e68c229ed4095a8a	collabohab a technology probe into peer involvement in cardiac rehabilitation
43c12359f26b52bee73ea5455dfc4b82325684a3	teaching graphs to visually impaired students using an active auditory interface
4437d5060cbc36c83bebbc499438c8c6141143de	topology abstraction as vpn service
44415a22ffb1e4b0471433fb6326503af500817b	accelerating the whirlpool hash function using parallel table lookup and fast cyclical permutation
44e178378b2f3a159328bfb4b43adef346eb6aed	field programmable learning arrays
44ff45665a3aff99c7217266fdda44cc4c752780	an algorithm for playout of packet voice based on adaptive adjustment of talkspurt silence periods
450dcb127df546d73710701560b64d984382fef2	surf detecting and measuring search poisoning
454c38a35d1e8527faa3e99473b5e6a9e00ab148	optimizing the computational lexicalization of large grammars
45d04a0a38c63b2514db70dc9d3f5a1b457ad87d	loading a cache with query results
466b0e6cbbd284eaabe11e6386949c332b4f488e	anaphora resolution in slot grammar
46b26e68c5e5074562d5c280bb29dde7c57bad7d	learning features for object recognition
470b1fd2552c29df1723a4d34d267779797cf869	application specific compression for time delay estimation in sensor networks
472b8c1549ac8483fdc9e6762cf975400e2e0b81	pluggable abstract domains for analyzing embedded software
4746e63e4569c4b46b7c9f7bffbc0fee0816f16c	including user strategies in the evaluation of graphic design interfaces for browsing documents
47782882d1c795fbc00c483c22a53b44f9640353	incremental updating of advanced correlation filters for biometric authentication systems
4793c8a7a11bf42cc93ba2513e23b82f6fb589c5	fast garbling of circuits under standard assumptions
484d68c064373a95ac8460627812b0d5102462db	reliable transmission over covert channels in first person shooter multiplayer games
4863fadc066236cd92e29db0ae4b5e21fd8dc47e	knowledge engineering approach to morphological analysis
4866aeb852ab93fe14e78c6709715a984f6fd8e4	equal gain transmission in multiple input multiple output wireless systems
48e196b9be7ac0f37d510e9f9536d5cc33a978d1	maintaining alternative values in constraint based configuration
49f9053a38b340a0dc34ba66904aaa3191fd07de	temporal constraint networks in action
4a88e97c2377d1ead72223ed18350e0ebfc9dbd2	a framework for projected clustering of high dimensional data streams
4ab3f629a945fa54a475b8f2a94b6cadc11e01be	optimal random sampling from distributed streams revisited
4af65043ceed7da2c4d86de1e06f7a66d34248ca	a time memory tradeoff attack against lili 128
4b4e85a2847d3a38f7eac025404eb2e4c1303697	the efficacy of error mitigation techniques for dram retention failures a comparative experimental study
4bd69fd738831e063581f0741702d53d02341e82	exploring the design space of lut based transparent accelerators
4d14f649dee2d070dff0c8c430a8d3c85a6a0975	optimizing a bdd based modal solver
4d8b2b12b9cebe0fead1fde1ff2efb1bff41c2dc	a distributed 3d graphics library
4dc556440e61184f0a23dd2b950833d237d24931	video sharing propagation in social networks measurement modeling and analysis
4dcb59aec9e87e84c40638b162f3cf318a793d63	noisy generalized binary search
4e28e5dff30cc829f8f686f6cc0a4c1fc66f387a	hardware compilation for fpga based configurable computing machines
4e30e32a60d47e0b43163b0d69590912836d812a	bounding the uncertainty of graphical games the complexity of simple requirements pareto and strong nash equilibria
4e44fe11f31c7a493fd8f387f9f10de9ae178ae2	fractional distance measures for content based image retrieval
4e48deaba01c1ff029b074c9f975e071338f98a7	optimal distribution assignment placement
4e59eb5da7a8dd25aef53890c922ccbb9b8a3760	mobicent a credit based incentive system for disruption tolerant network
4e8495f395beb75bec15ca3ace8a12daa7cb86ea	discovering hidden variables a structure based approach
4ec7581789c208df0a928fa1a781c1f2d3650fef	on the size of training set and the benefit from ensemble
4ecfc0b40c10522f61eea71bdff519d1f4e5280a	task specific eye movements understanding for a gaze sensitive dictionary
4efb494ca256374dac097872063f99e8540fbe6a	jrf e using model checking to give advice on eliminating memory model related bugs
4fd78132537f328a50f7c6bd422ad88d984cd205	large scale controlled vocabulary indexing for named entities
503ac7fba363efcc05284c9595321ac547789d40	improving residential energy consumption at large using persuasive systems
50557ccad61444a56cc1b4590820461f4806ee7c	jogging with a quadcopter
509222cb35a85ec3ac6294165328d634d787d65d	characterizing causal action theories and their implementations in answer set programming action languages b c and beyond
513127607ef6ba62295c24746d3a994601f88291	compilation techniques for energy reduction in horizontally partitioned cache architectures
5141310cd33501ca079fec80b5027809d3ffb27c	a hierarchical conditional random field model for labeling and segmenting images of street scenes
51de67563675a21f41bd2d6c3aa40c35102084e3	building the tree of life on terascale systems
527322846df25b2df0073d9144da46c5f407d3fd	perceived ct space for motion planning in unknown and unpredictable environments
52b1f688ddb8f943fa65cc4b875181f6497ae14c	mining wiki resources for multilingual named entity recognition
52d662f2dc1b142384d8d099592a04a6aaf28bd1	data integration via constrained clustering an application to enzyme clustering
5364bea45421ef737b5ccecaab62ba395a5a1c87	probin probabilistic inertial navigation
538cf903089b1c565cacf7f59775b9741502345a	self tuned regenerative amplification and the hopf bifurcation
53b74b2e4484476bf615536fbbce073782991cb9	methodology for successful undergraduate recruiting in computer science at comprehensive public universities
5404db56f89e7df7449b1a6d8bde459539c45e99	predicting gene functions from text using a cross species approach
559e47c03297bc423c4ee866d042790ea056365c	fine grained entity recognition
55e9cd74cba43aad5ab826cabd31c0a6bbe472b0	a systematic methodology to develop resilient cache coherence protocols
560d227cc36eda4076c9c29591e8672da7816d19	hierarchical task instance mining in interaction histories
561549561779d0d382a228f0560ad17415014b59	temperature aware processor frequency assignment for mpsocs using convex optimization
5627207c0e3ffa86cc3a6c23b5762920dfbaeb12	truly selective refinement of progressive meshes
565cea209c20f5979eb3b5f56cc2f5b5a3bb43d8	affine sessions
56ac7870c2e378f0184e439f4da6ecddd5efa992	a system level processor communication co exploration methodology for multi processor system on chip platform
5800621821d4765e8f9afcaf0bd2ed35896d7c98	multiple source adaptation and the renyi divergence
5844cf322fcf8e250d09fb5d55dbd8643d47e23d	zal zero maintenance address allocation in mobile wireless ad hoc networks
586ea813658891e9e23f9f9d3d0762690fc06a55	pseudorandom generators for cc0 p and the fourier spectrum of low degree polynomials over finite fields
58a9af178d25f858af0691b1a48845b01bec8c7d	semi supervised learning and optimization for hypergraph matching
58b103b238c257023c85ad35310d9b74d3ebd829	estimating distortion of coded and non coded frames for frameskip optimized video coding
58b7d42d656cffb3257f5bfed9c76c8f13cf47a5	power analysis attacks of modular exponentiation in smartcards
58ed7620977bd9d38e0829ee287fb0bf8881b2ed	probabilistic modeling of blood vessels for segmenting mra images
5976dfe36e6122e488bbf6cd3c6b6fc3a6cf75ee	a bi level bernoulli scheme for database sampling
5997632dd5d20c954c8e69fe9db59014c066b869	the power of procrastination detection and mitigation of execution stalling malicious code
59e0404ac481dfb1098b882d6af58d4f6baddf6e	the lrpd test speculative run time parallelization of loops with privatization and reduction parallelization
5a3d4ad1b4b2b44895762fe4ef3748625463daa1	teaching developer skills in the first software engineering course
5a8ed21f8a58c771422f89f2a28e1c919ee319a2	computing nearest neighbor fields via propagation assisted kd trees
5ae264a424aa8bbfce656a83579812dcc4f5d7bf	probabilistic document length priors for language models
5ae98595bba7eb02ba95df2989871bfa86fb02cf	preference preserving hashing for efficient recommendation
5b0c5f2982b541d1a3a0676bcd5c5f0b32c67926	automata tableaus and a reduction theorem for fixpoint calculi in arbitrary complete lattices
5b2f560103b1cb1ee97cc1a738f345163f0f9a06	open peering by internet transit providers peer preference or peer pressure
5b3342994ffed80182163fc5e5136e46223fc3e7	security policy coordination for heterogeneous information systems
5bab310e6c2ffbefca39408ab74c5a04775a72f1	verifiable properties of database transactions
5bce043dfd1ff932296fc0b53018e79b5d2f349c	combining deep linguistics analysis and surface pattern learning a hybrid approach to chinese definitional question answering
5beca815eebd337f10b20cfa2bf18c0da136e79e	model based hierarchical optimization strategies for analog design automation
5bef1d7b6f7d9bc5764ec3917b0592c84c0191ca	an incremental approach to scheduling during overloads in real time systems
5c1959722d826778ddc662ce73ec48192ebc7aee	3d interest point detection via discriminative learning
5c1c10fb396cbf6368496f1440dc5b905bd1c289	the shape boltzmann machine a strong model of object shape
5c383bb149c8d0470240785833b0ce25d5ac6381	four techniques for online handling of out of vocabulary words in arabic english statistical machine translation
5cbbe09fa8222665760363cb45239de85dae5432	a search algorithm for latent variable models with unbounded domains
5cc6c669ee9e341217044367731d0e26df36c305	generating minimal k vertex connected spanning subgraphs
5d0a9f886c4a4af96cffe6a7fa406a59681ddda6	fast packet classification using field level trie
5d813dfa3e192db10181a161f7eddc48f0b7421e	an improved cumulant based method for independent component analysis
5d91ab88d381861c50cc6ddd46a96f7e9d3f15d3	image denoising via adaptive soft thresholding based on non local samples
5e4c84225338263e74c0a41eac4938f9a18fedb5	spatial memory streaming
5e86b0d98b10858ea2604624a171679d91d99409	model checking for hybrid systems by quotienting and constraints solving
5eab0a56efadbf865121098d07449bc38aa8dbea	analysis of perceptron based active learning
5eefd0388af610051ae3ce53a0c9aa265ab9fe77	non ideal battery properties and low power operation in wearable computing
5ef874a8f60ad6892924dff1ab0a4de0d221d52c	tan a packet switched network for vlsi testing
5f52037b807d5c663f12519d1208cbd9b5e2537b	context sensitive keyword search and ranking for xml
5f7526b8e47fbb274ae6b662c5eeb96e89f4b33f	pledestrians a least effort approach to crowd simulation
60239e817126f2bcdfd5539f9f9f46a155d7ba3c	scaling laws for delay sensitive traffic in rayleigh fading networks
6053574d2be8793b5165ef2a98f985d82598cbd9	best fit bin packing with random order
611f8459b9a4aa2b1c50517ee086c7ec5238ab32	a translation aid system with a stratified lookup interface
61383eca2b2442e569fe367351113e86a345f322	leakage assessment methodology a clear roadmap for side channel evaluations
61b4ba97ce0c27f82b249b68e0740e06d1ebf26e	hilbert huang transform based local regions descriptors
6204400947100e6ad3e10fbf04db60e8897ccedf	bounded repairability for regular tree languages
6214ce3d46d58135730a4509c4cc9aa2cdaa629b	on probing and multi threading in platypus
621b638eed9ca82b83e791f4e85dbe0f349b6bf6	exploring groups from heterogeneous data via sparse learning
627e33a2e7a36adfad219c101b434806d117a70f	minimum blocking sets of circles for a set of lines in the plane
628f74fcb2e8644d6900d238bf8e704c9cee7525	collective spatial keyword querying
6290f0f5fcae4b1f7a932a4eacab8087153021bc	effective carrier sensing in csma networks under cumulative interference
638ae7d958f1051cb028c605fc0c4951531b0cd8	searching local information in mobile databases
64029063011f0517967dcb84049fea2e1bf44f2a	fault tolerant power aware topology control for ad hoc wireless networks
6458749436afeea339941d576ce76e9089e3b726	detecting performance anti patterns for applications developed using object relational mapping
64c8177d989b4332ef3aa39c92b0b48e6c14977a	streaming in a connected world
64ea8c10f80e822d4f5335f32ea804141e58871f	improving automatic verification of security protocols with xor
650e1d2d78d2000c1cb00fffca61d2620db8e3e5	a lexicalized reordering model for hierarchical phrase based translation
6518035089d0c87b925c6262bbf5b949d3bb3fff	parallel and i o efficient set covering algorithms
652934effeceb9fb39392a1783064834d506c0eb	hyperacoustic instruments computer controlled instruments that are not electrophones
654c747a810d22a40104a2964c3e51e980402d39	sift flow dense correspondence across different scenes
664195adfadd9e7ef5bdd0c7ba43ef00fce6f4a4	processing modality and negation
667fb9a723f2ee7261239c0889e3de74ca9f83c3	using physics engines to track objects in images
66829808bc4827fbdb5b8e11ab8a835d1fdd5ed8	sundial using sunlight to reconstruct global timestamps
67a77d3242a357571541d39c26d305c5dda89445	you are where you tweet a content based approach to geo locating twitter users
67f763eecf4baf4f294b61b136ec916a5d5fab0f	achievable rates in gaussian half duplex multiple relay networks
680267751581e41ee8bbb92c36e24572754ee0bc	quantum attacks on classical proof systems the hardness of quantum rewinding
685ae6f041a3f26f8505b2dfe0d4fd1a7c721890	detailed models for sensor network simulations and their impact on network performance
691459e79334ece73a7da52b810c7020e1ba25ff	context sensitive decision forests for object detection
6915087f5e2688e50cf2a59f2b29ab1b46ef78a0	space efficient approximate voronoi diagrams
696385d0b5b3ad778cc85f189bd2ade5a109736d	knowledge rich word sense disambiguation rivaling supervised systems
69675e52ab3957157abf7386648bf2dcf314847f	technology probes inspiring design for and with families
696c19edb69b37c10ea5ba381cd3a1646aadb024	lightly supervised learning of procedural dialog systems
696d114f57aa6798a5d16aaf847a78942ab9949f	efficient similarity derived from kernel based transition probability
69bd843a037f9d8ed47d1e45b6c458ed836c5154	action selection via learning behavior patterns in multi robot systems
69e46f94b0f4e672ae09c0be08cc8cbb333a5c55	vizzscheduler a framework for the visualization of scheduling algorithms
6a0e5ff64683f075caffcadf4e0a25c9e52873af	wish i hadn t clicked that context based icons for mobile web navigation and directed search tasks
6a44e2d1d0f624b15fd88ad720019ea9231d57ea	trace driven registration of neuron confocal microscopy stacks
6ad1665f3d784ea960922f1ec2a020c62942f61f	generic discrimination sorting and paritioning unshared data in linear time
6b0d0199bf62aada24d3400e7916441174bb24f6	understanding the prevalence and use of alternative plans in malware with network games
6b2b078b15672b13e3f3eea33de171c1241c7a08	backoff protocols for distributed mutual exclusion and ordering
6b55eaf27d08910123dfa83aa9d90950f98708e0	multi label learning by exploiting label dependency
6b8a1e54b9b275dd1bb128c49ffbc227d1365b50	hybridmr a hierarchical mapreduce scheduler for hybrid data centers
6bcec9319544fb2913ccb13ccedcbc1013fc1e41	extracting semantic roles from a model of eventualities
6bee9cff47809f13b7553c45ea5b6d542beee2f4	a statistical analysis of diffraction limited imaging
6c1513e2823131a319dbcce4780bdb3e3563c089	small materialized aggregates a light weight index structure for data warehousing
6c580f6d2affca6deab05d11fda89440bceabc65	matrix bidiagonalization on the trident processor
6c68c0c5edbf23fb9b0a016684877e7636ee9ded	amori a metric based one rule inducer
6cc3318cce3335751a6b9ba68bb9a070c9b1fe00	atm traffic shaper ats
6ccbb23c80f5b2197e1398d6adaef6a478aefc5a	exploiting precedence relations in the schedulability analysis of distributed real time systems
6d2f4b3c47186ba31933d8aae69f002334bb148d	measurement modeling and analysis of a peer to peer file sharing workload
6d30c04f4de777671642372358b4353ecb7a9948	a technique for enabling and supporting debugging of field failures
6d96312f7bd1ae1191a8123ef1584d55302ab62e	automatic partial parsing rule acquisition using decision tree induction
6e3aa26917e92118b4ac14527b6917be56ec8423	readability indices for automatic evaluation of text simplification systems a feasibility study for spanish
6e3c94a077222667a25a19d23f7a990b70b720f6	fast transcoding of intra frames between h 263 and h 264
6e7a77ea5deba1e3932618bacdf587546fa1ee5f	a framework for robust and scalable audio streaming
6e971b18bbafb662c6ed384eedc8c35c25555a0a	efficient optimization of information theoretic exploration in slam
6ea7abf5bba97c759d946eb2eeca888144087a1b	guarded recursive datatype constructors
6f2e2f176f9e69c23ab47875c04e206c7bfaca9c	towards guidelines for touch screen design perception of button form and extension
6f62bbee7db5ffe8715ef2bf97cc4731f88c7d72	error analysis of feature based disparity estimation
6f71e2df2f7f35ed60b72d8ca8e773a0b6e37933	uniform sampling of local pareto optimal solution curves by pareto path following and its applications in multi objective ga
704d3f81e0bc246ba81fb4142f4de74e28d8fb8b	database summarization and publishing in wireless environments
706568bf6b58e25d638f694848051dd2e89eab0e	integrity for virtual private routed networks
707ce1521ed15fb11b5ef155d267c5d35bae68f4	a morphological recognizer with syntactic and phonological rules
70ba0f4fc1be330ddeeafd5de246cd2ef4bc67a5	abstraction and extensibility in digital logic simulation software
710299089fc8cc7a99beb075d77db2b2f6765b86	a learning based hierarchical model for vessel segmentation
7112025246df5edd8794ce08faad8c8a12f0ddae	evaluating mobile business applications in service and maintenance processes results of a quantitative empirical study
71209d2d674010ffa4df1a2660f5b9f27721852a	two level mapping based cache index selection for packet forwarding engines
71683698c378f0e786cc07089264b8d5b6b14108	peace vo a secure policy enabled collaboration framework for virtual organizations
71ecb0756255fe2e52cf8ab08f5d4cc15258e3bd	combination of symbolic and statistical approaches for grammatical knowledge acquisition
722cb1263d768cf9c09f704f05cf987a0d18ddcb	parallel protein folding with stapl
727631a00de3c8e7c6bc88d15117f3d92ddef307	etl ensembles for chunking ner and srl
728d0d23921c83644e9994d038a0690244a3373a	agent migration between incompatible agent platforms
72a8fd3e4c1066fab3e0e5b4436eeb0173de4867	multi domain dialog state tracking using recurrent neural networks
72f4704b4d005561d8fd8530601cc634ffeefa5c	robust panorama from mpeg video
731e671df9e1d2313ddd99698287598e4053c1f0	sparse riemannian manifold clustering for hardi segmentation
739015190852b999a44b346663ec22e523526c9a	chinese parsing exploiting characters
73e740be3313ea47f870fe2ea72a55853b656dc0	improved wideband blind adaptive system identification using decorrelation filters for the localization of multiple speakers
73ed6ad9c55c016d11143b3b0754dde744da96e8	strategies for hotlink assignments
7462cfea7382ac0600ab8d3796dfeeb8363fc5ae	non traditional irregular interconnects for massive scale soc
749c6048dc5552f1ab82bb94db38f99f25f6af2f	algorithmic nominal game semantics
7509bc54d64397a0a888715ccf8bca45db0e009c	a strategy selection framework for adaptive prefetching in data visualization
75349b032ae15efd0dc8ca36532863e7980d95f3	iterative bilingual lexicon extraction from comparable corpora with topical and contextual knowledge
75bed7604b9838a99f7cbaed20a570291395906b	formal approaches to analog circuit verification
75edee838c237c84b9656a17fdb450ccc4e0e461	multi objective pso for interplanetary trajectory design
76c729d91183d2a0d26945e16c83056e248951bc	pet a parallel performance estimation tool
77654349912147b32c3119b31e40e0e9de1b8a24	a duality view of spectral methods for dimensionality reduction
77a2134ed5bbbb0d94639e5adf5e02cb9ddfa6e7	topic 9 distributed systems and algorithms
77b773c6a2475e1b454acdefa87f7e394222758f	repairing reference identification failures by relaxation
77de6ccd8e7a9e395a2aaef5c5dc494b10fc1810	propagating the bin packing constraint using linear programming
7830dbfd3f35035c3e17abcc2a2170473d60147f	ultra high density logic designs using transistor level monolithic 3d integration
789dbdf03e7c7b7fba3208e8ade957349179ab1b	automatic analog ic layout generation based on a evolutionary computation approach
78e5bc5c4cec7c6ed9461a207f43525b3861a2de	a parallel dfa minimization algorithm
78f43b29c83a10c50eb02f3043ee18b0308c536c	query side evaluation an empirical analysis of effectiveness and effort
79334a1f136cd371c70ca4855b165c9cfdfac913	a pca based super resolution algorithm for short image sequences
7944768e48c5747425d859fb2533cf5af6f870bb	what to ask to a peer ontolgoy based query reformulation
797473fef2a166d37ccdbec581c7ffab87a3ca8e	synthesis of optimized hardware transactors from abstract communication specifications
79787b960e15158dcec30f9e3489bbad407d044d	what not to say
7aa86a4d2bdac63a98b181071f294aeff446811e	a two stage ilp based droplet routing algorithm for pin constrained digital microfluidic biochips
7b62da61abb44f0a04aed5f46cd47ccbb44ebd93	forms a formal reference model for self adaptation
7b65e42250ee0976e33bc675575a6034d3ccb6b8	impact of heterogeneity on dsm performance
7b78240c786558ce03913a08436ed23ebaa0732c	deterministic calibration and nash equilibrium
7b78ef5b8e9bd558892f135a06e899d4f8ca39e0	a hardware accelerated implementation of the rsvp te signaling protocol
7bae3e6cd4a718d870e5675715fa02afd809da46	to automate or not to automate on the complexity of network configuration
7bb71709dc5e3d3fb5d621e26dd95085aa408de6	cyclic network automata and cohomological waves
7be73fdcb3cc3fedfb1b5775687ec9f6e467c76e	lcs hist taming massive high dimensional data cube compression
7c59b6c3c08c39af621c440a77320d0eb5ecb6d7	dissense an adaptive ultralow power communication protocol for wireless sensor networks
7cbe83c69de70d09ebad27fe8ce6f9077439f286	2k a distributed operating system for dynamic heterogeneous environments
7cff08c299d4698b6ff7937eb77f9733315793e2	a study on using hierarchical basis error estimates in anisotropic mesh adaptation for the finite element method
7d2d5bd3d7e2ce9de93f22867f3efd0b0a9f593e	it takes two to tango a bilingual unsupervised approach for estimating sense distributions using expectation maximization
7d7869ea615309aef54288e28e80280fc9b3d9dd	automatic detection of floating point exceptions
7d9a884d0289063c250feac2543f8d1ecc1f1e2e	reduced delay uncertainty in high performance clock distribution networks
7dcf781740ad95c6254440ddad7355f62439ce34	a graph reduction method for 2d snake problems
7eba255302d29dc3acfe5ed98e84ed4d44f51cdd	learning methods to generate good plans integrating htn learning and reinforcement learning
7eea2cd17195b170c287e6ef5a005bddff936191	approximating rooted steiner networks
7ef5d638ed8c2791e38fe7e0242a8d15264c0994	deformation by discrete elastica
7f1faf0abe976ded8b4420eeb6c8e41b062e8027	just awful enough the functional dysfunction of the something awful forums
7f686bc8242866887082cc522bc3fd6caf3fd097	xmorph a shape polymorphic domain specific xml data transformation language
7fd4df52d3d364e34acdf6297d1bf69fcf21930a	on the matrix median problem
8008f39a9d0b065e6737e619361c34dbd0c33f43	learning on weighted hypergraphs to integrate protein interactions and gene expressions for cancer outcome prediction
80128da780f05c906c3dc7892354eec08b106864	principal curvature based region detector for object recognition
8033cfd8569dea0a117eda424b3e56efda1244b8	tackling co existence and fairness challenges in autonomous demand side management
8048d44edf05ea0a817a5564e173455af58d1aa2	detecting controversy on the web
809c669fd68bf0264de4ef98dc64a86ab5cc11da	criticality dispersion in swarms to optimize n tuples
80e015ae1890e8b49a26e0aaba7e60fd716cba96	an efficient approximation scheme for data mining tasks
8120313ccab66b53b9ae2f7b1a2843c6a8f2c4ce	proof logging for computer algebra based smt solving
816fef1cebc4319b2cc4829e797ece310d5e3fbb	approximate range searching in higher dimension
8172673feed464190e4cddf5ccb91dcf8732fa69	a fast algorithm for computing optimal rectilinear steiner trees for extremal point sets
81accdcdb41aec4e31ddf4f74283e312e6d42e62	towards reliable scheduling schemes for long lived replaceable sensor networks
81ff8885fd11af461fce05cf797ddf175664b305	incorporating second order functional knowledge for better option pricing
820f51be1ca2979d5f48675aac82736e34d7ec32	cross lingual language modeling with syntactic reordering for low resource speech recognition
821db0cc7a93ae3808c5cb047ce66458ffe08284	an sa based nonlinear function synthesizer for linear analog integrated circuits
825a2449b969cee4b47ee3bb82d29ea6b69694d0	the case for analysis preserving language transformation
825ffb97ceeec3d0b06692ef2609f86d15bfaa3d	fast cache access with full map block directory
8297444a8cd9869f4eee1ce706cba788ff4d0ae5	a power scalable switch based multi processor fft
833c3c98e812712b3d1db379a7ff9f625156be57	how to automatically and accurately sandbox microsoft iis
83a38d179f1a10a6b956247c4b35c908de0ba164	random projection trees revisited
83bec03f686dd7ae8c1899ba3bf9b94c59666792	metonymy and metaphor what s the difference
8428abf5247bc83d5e6d2567b85d7df48ca8cca5	symmetry breaking revisited
843e91f6b4c6af9f3863130223bfd1ab2b1bf8ba	a generic time hierarchy for semantic models with one bit of advice
8466c5b500969c06ed6db5caa900fd9f700f770c	network characteristics of video streaming traffic
8487d7633cb48379bb6a80980e6b65b5ec1ba52c	experience with safe manual memory management in cyclone
8549ed5656d9ca5461e6e1c8fb11d638b6d8700a	a new algorithm for partial redundancy elimination based on ssa form
85d69b4a7c5ed113ce298d14dcac4d1991d2c41d	cache oblivious algorithms and data structures
860cd3e57d1cf22db695179efbc126ffe69953e8	cognitive radio enhancements for legacy networks using cooperative diversity
866c423265721f40c8b4aa1256ea28c3d65c3812	improving statistical mt through morphological analysis
8686368908956c506f6e3bbcaa2810adfda14914	noc sprinting interconnect for fine grained sprinting in the dark silicon era
86d8078fc0c48f787ec7cef35513ba7c154c9d11	will i like it providing product overviews based on opinion excerpts
86e948c53fcbf3306b81ea2c0a5fb1c0cc255bc9	recognition and tagging of compound verb groups in czech
86f2778e2bdb81b17e5459f7b40267a200486c95	inter overlay cooperation in high bandwidth overlay multicast
870842595e84461b9fc13186e5113511af2607f7	developing principles of gui programming using views
87a0bb6c396684f456e8c3f661c4934c3a2aaf26	fashion crimes trending term exploitation on the web
87abc0bfbabd753037a6debc1563036fbbde0f6f	phylospaces reconstructing evolutionary trees in tuple space
87cafb474dab6b8a39134da5d02a84178f755c8c	towards a methodology for explicit composition of metaobjects
87fecc2ab2b2829f31508eea9be64703a3872017	don t be a phish steps in user education
88128abb0c7d0aba91d723a2c93a88716f211eb0	power network analysis using an adaptive algebraic multigrid approach
885306a934ef0f8b6c1038481f04b89a72fd5204	can we put concurrency back into redundant multithreading
885ac5e142b18e116246f82f4b41b72ebeead108	on protein structure alignment under distance constraint
897c94652cb23d382cc71541116c64988716cb88	interrupt and low level programming support for expanding the application domain of statically scheduled horizontal microcoded architectures in embedded systems
89a7ad6f481c83b14976dfcf1c2bfd0921fc7e5d	peer to peer networks based on random transformations of connected regular undirected graphs
89e7b978bfa643380360ece500969a34f686b71e	a bootstrapping method for building subjectivity lexicons for languages with scarce resources
89f99d34f179495a1f42a96c7b540e3d158fa18d	robust estimation and detection in ad hoc and sensor networks
8a0af4b2251f202afd76b9dfd7b965df3ec45181	a o n monotonicity tester for boolean functions over the hypercube
8aaf85bd448c0e2062098bffa5e2f34fccc9d8a0	texture classification by multi predicate local binary pattern operators
8ac91263bef0c68447d42909cfc5db8f720746f0	imposing hierarchical browsing structures onto spoken documents
8b0f31d719a6e67c09d51e572f91d65cef702481	parallelizing hmmer for hardware acceleration on fpgas
8b2fcf54b7133b4814b96d1e9a0c6bde036182ac	modular sram based binary content addressable memories
8b48e3fd379c411351afdbd1f290e8b1497de9f4	combining cori and the decision theoretic approach for advanced resource selection
8b924531c3d85b79939e2048896fc678f4013bb4	manifold learning for tof based human body tracking and activity recognition
8ba88447709998191008c2b0c32cd462d26ad199	graffiti vs unistrokes an empirical comparison
8bd526ca8a639bc6983c2683809e452989e794a3	deverbal compound noun analysis based on lexical conceptual structure
8c9cda4235012258ad90a3fa3b913e75798d91a7	resource limited genetic programming the dynamic approach
8cb9943c2dd35ecf6ac3c607f82c27112330b667	pattern minimization problems over recursive data types
8d2d497b2d5f08c024e84307b212510bc8ff8e73	reducing long queries using query quality predictors
8d2e299704a61eba9e4d99c4ac72422df6223b7f	a new efficient algorithm for fitting of rectangles and squares
8d38bf0f6dc57e2deba9396a05c1d4698db7420d	the integration of on line monitoring and reconfiguration functions using ieee1149 4 into a safety critical automotive electronic control unit
8d45af8a6797244e5614406a1cfe7980f48760a4	neighbor discovery with reception status feedback to transmitters
8d83ba9f4ba3c2cc4e43fa08300d3be2c12b8e9a	low overhead fault tolerance for high throughput data processing systems
8daa05aeb1149d6818048364075bac5ac54b4fcf	make before break mac layer handoff in 802 11 wireless networks
8ea489cdb1dc3a5fd5c6e26b6bac330b17a22ffb	two sophisticated techniques to improve hmm based intrusion detection systems
8eca44cf597175a40134327eae94d16809046a2f	a cooperative advanced driver assistance system to mitigate vehicular traffic shock waves
8f145c3e52a7b8629a794209208b7b7522257dc0	sideswipe detecting in air gestures around mobile devices using actual gsm signal
8f213c6cdd5ef1c958d135f2bd4c61332678e8a5	interactive learning using manifold geometry
8f36dd712db6b5ad5bc8601259b04f77267cc23a	database optimization in the cloud where costs partial results and consumer choice meet
8f4f598da2799edb06cb107e2d6170d26bc66868	robust and accurate shape model fitting using random forest regression voting
8fc22f6f047b46c659805c8697c47c1db2a667a8	an algorithm for traffic grooming in wdm mesh networks with dynamically changing light trees
8ff917891a496a5955fe01765d096e1fc39fb031	slipstream processors improving both performance and fault tolerance
901db37e99eb5891125698f70da42a3ca4ff2268	on testable multipliers for fixed width data path architectures
902987f6705a97f647b9e35781c7bd7728da5f3a	exploiting context analysis for combining multiple entity resolution systems
90671a9c50d0ee64378f43c1d3131ab537e4f601	personalization of hyperlinked video in interactive television
908fc76f1f3687f0e2b11e1ec2bf5c3bb0c8746e	augment document image binarization by learning
90c9204a3a5514a718032f867a5be955dfdeeb52	characterizing secure dynamic web applications scalability
90e45edd53e813f0ca49c6041a2023a0ff1a809c	synthesis for soc architecture using vcores
90eb79416e28cf54b1de04402c46ba6a3622d727	learning weighted similarity measurements for unconstrained face recognition
916dedbf7511f09d013715815b8542445e47cf0d	fpga based monte carlo computation of light absorption for photodynamic cancer therapy
91bcbdf7495ceb1d1197d50d7aaba0a2b1d5f9ec	joint virtual probe joint exploration of multiple test items spatial patterns for efficient silicon characterization and test prediction
91ce0278b451047ed286dfc80532bbd06d6efbad	on the performance of csi assisted cooperative communications over generalized fading channels
91f635799571a71df23a4371767610bf0e0072f4	decomposition of fitness functions in random heuristic search
92827d914b60c3f58c99e5dfb03b68ee56b0653d	orderings for innermost termination
929fe175ad7f65827fbf3ba48d326ec05e91dee5	an optimal jumper insertion algorithm for antenna avoidance fixing on general routing trees with obstacles
92a3f054b54dbf290d63b6f8a841cad3aeef07f4	the self 4 0 user interface manifesting a system wide vision of concreteness uniformity and flexibility
92d0d490ccd11a403b51f66b344485b5a177a128	using mobile phone barometer for low power transportation context detection
92debf0228e0588c09826b27a8b6e3b7d3f9a35f	minimum energy broadcast in random grid ad hoc networks approximation and distributed algorithms
9358003576232616a4b0be51b04afe0a8ca4c1ba	can humanitarian open source software development draw new students to cs
93c22ed6b2f87916eed79b57cfbc4a58fb00691f	the d dt tool for verification of hybrid systems
93cdab44d56b35f6b5973e6d3702d5857a22e4d5	hierarchically distributed dynamic mean shift
93e6deb8ac31807df341728a469984add00aed27	bridging the semantic gap in virtual machine introspection via online kernel data redirection
9438d77304f4ed1512c83b0139f3f10f21bde842	chi square unbiased risk estimate for denoising magnitude mr images
9445660d78523c41bdbcd415bfa28b10225ef211	learning portfolios of automatically tuned planners
944e5ee521cebebddfd52d6ee329163078b24458	two memory allocators that use hints to improve locality
9466c6c77e79413667585ba55e43f94c26fa4139	a hybrid approach to emotional sentence polarity and intensity classification
9502c89174d5649f0dc4dd04d30445dfbf593f1b	lsp and back up path setup in mpls networks based on path criticality index
955e668df6f2e007f0d924096fae9d3a0d141155	an experimental analysis of floating point versus exact arithmetic
95e4d53f938ac57df3388051de56cecbe32ff53a	bilingual topic aspect classification with a few training examples
96cbb08e003d5cc9f2e48cd451b4708f1c848140	interactive 3d facial expression posing through 2d portrait manipulation
97379552de008ea2b4c79ba7e1035676df05e196	statistical precision of information retrieval evaluation
9739ab892bc0ee7a5d163039a9b6f32865e5518c	congestion oriented shortest multipath routing
976bb9137359d92fbfcdbfae4f153752d63b8d81	modeling the adoption of new network architectures
978c07e7fb7a7c2370c894855049dc0b54377bac	multirelational k anonymity
97df764644e7ce64f0053ff64e457f494b7a1f22	stochastic combinatorial optimization via poisson approximation
981344126d8fe709d281000ed5d5288bb443509f	a phrase based statistical model for sms text normalization
981ea1c39aea1edf7ffb62c4faf722a9a2053e97	quantum lower bounds by quantum arguments
984d45494026f7a2fc9c4193ee65b5ef35d937ad	valgrind a framework for heavyweight dynamic binary instrumentation
98577150ab12e9eee84379d776dc5ebed3169ff7	code hot spot a tool for extraction and analysis of code change history
9941ffc4346289a3a5e4d414dd6334659d350129	synthesis of low power asynchronous circuits in a specified environment
99f9676f460d0a1937f9fdba927ed74e460ca6d7	a parametric merge candidate for high efficiency video coding
9a44aa6840de4aa1c373401ed18ca9da662c7abb	combining compiler and operating system support for energy efficient i o on embedded platforms
9a853c3e3743b66b6da0426b725cab4e22edf9ea	interference aware energy efficient resource allocation for ofdma based heterogeneous networks with incomplete channel state information
9a95a49b3ed823110acdf8d9fca81edc36563846	localizing bugs in program executions with graphical models
9ab42e94bf660d641db49b020bad7c498b71333c	investigation of question classifier in question answering
9b488f6e4eb5e39f049b7c7e9894062bfa3c0cc8	fast image database search using tree structure vq
9bdf685e746dfbfddd51ec3f43ec6269a4ae6c05	sel4 from general purpose to a proof of information flow enforcement
9cac441ad3d943b885ceb379ee26fa8c576d3132	one microphone source separation
9d490d7537e6687694a90d465c4a8e195e65a374	all bits are not equal a study of ieee 802 11 communication bit errors
9ef761c6f9ee3b85f83cac78e4e38ea5683794b7	is source code isolation viable for performance characterization
9f01285ce7c570564e4ad9d12949059eaf826c0a	crisp boundary detection using pointwise mutual information
9f2bf75372916a735b24d23a2efff79499ede6c1	linkage identification by nonlinearity check for real coded genetic algorithms
9f9c70214b3c2563b326ac9b78c9f19a8c7c29e2	paving the first mile for qos dependent applications and appliances
9fa5222ff2145d6f990748154117f91791219e63	analyzing auditory neurons by learning distance functions
a00447dbea8174d5723f9057caea43cdc4d9ab87	post ranking query suggestion by diversifying search results
a018e63c23d30a9e16f1c0ba245831b15a943458	on the complexity of mapping pipelined filtering services on heterogeneous platforms
a01f8f2c4c02db05a77541e761f47592546f5a08	gaddi distance index based subgraph matching in biological networks
a052d2d92771c5c54341a6a3e919c4f33d44a0fb	feature transformation with class conditional decorrelation
a0b155ff4ec9595d9051100ae3c88a3bede73f00	probabilistic detection and tracking of motion discontinuities
a0b8be815d1fa7bcfc823bc0c1aaceb1f99ce8aa	deterministic truthful approximation mechanisms for scheduling related machines
a14d598f88ff8ae7818354366db056e0a5f606a4	convex optimization for deformable surface 3 d tracking
a18224294964dbdbba67a541b6700c9ad7ccf7ed	on heuristics for two sided matching revisiting the stable marriage problem as a multiobjective problem
a249f887998937abfff8b35e0a7e886b4445e5db	hard hardware assisted lockset based race detection
a2b01146796975496ff801a767a6af287a2977bd	spread spectrum for compressed sensing techniques in magnetic resonance imaging
a2c6fa62fd13e2921890b75e9f046bf25878a5c8	a characterization of easily testable induced subgraphs
a2d2fee242513c52901ae26486081de08b6ae79a	architectures for computer supported collaborative learning
a2fb78276078f0f895babcadc38ba44c21ec2b65	applying internet random early detection strategies to scheduling in grid environments
a344db1d1c27434f04925a5a181dd6c114623b8c	lightweight source anonymity in wireless sensor networks
a348eb0094454ddec400fe4ee14af287092f5571	evaluation of afis ranked latent fingerprint matched templates
a38889ba4159db8066cf8d86591eed5bdc759eb4	watermarking graph partitioning solutions
a38d909b3b8649f69878711aaacb8b7073097c83	a logic of singly indexed arrays
a3df690fb0e0707bd4fe1f777127988958853b33	referring to world objects with text and pictures
a3f70797af644e05882507e67d71555adaad980c	characterizing overlay multicast networks
a40117bb772c0b1c988a23418212f923ee2b6bd7	a computational theory of the function of clue words in argument understanding
a4646ebfe6578c3337f239db199949f4f378c2df	distributed energy efficient hierarchical clustering for wireless sensor networks
a47b1dabd4f01aaf5fa9164e0308c4fd6728532f	dyadic scale space
a52f9b1794bb2c777485ce65e54cef769c0f4efa	fire flexible intra as routing environment
a53420a97172498da72ae47da5e61712e0f55337	design pattern rationale graphs linking design to source
a556f8222c44166476c080276b4d9fe31cdf9cf6	efficient reactive monitoring
a648c4a58f4c9af108f7a193b84227a50bd13d6d	design and experimental evaluation of context aware link level adaptation
a6496553fb9ab9ca5d69eb45af1bdf0b60ed86dc	semi supervised neighborhood preserving discriminant embedding a semi supervised subspace learning algorithm
a698cd29df9d0f4848dfc8d1fc9e55b84e7b6522	a marginalised markov chain monte carlo approach for model based analysis of eeg data
a6a9a55ba5d08ad425ac1b8c12abb1da7a8ba74d	a constraint satisfaction approach to predicting skilled interactive cognition
a6c6c20bbebbfbd9b2cce6523f6a68052e54fb2d	a novel locally linear knn model for visual recognition
a75c809b849657455e1ba56bc060899a258469b9	discovering important people and objects for egocentric video summarization
a7a05f4ba398d38852057b3a8183cce5682424ff	stability of matrix factorization for collaborative filtering
a81d4bf2eeda060e01467548147fedc2bc51a193	locs a low overhead profiler driven design flow for security of mpsocs
a8826eb273ce0f9744f866ab22fe7d98abfeecd7	efficient incremental learning of boosted classifiers for object detection
a89d897f978179dd67be5c27a234f8f47d7a5e83	parallel breadth first search on distributed memory systems
a955b24538046655713c743dee44ad6500949792	bluetooth adaptive techniques to mitigate interference
a95e774d6f2374e7faa329d873f22f213f3a2bbe	efficient proofs of knowledge of discrete logarithms and representations in groups with hidden order
a96c964064c3e34bf543f73dd17f70a840d89126	i know what you did last summer query logs and user privacy
a9b5821e110c2bc77af8ece773a56e147c8ab26f	impact of alliances on end to end qos satisfaction in an interdomain network
a9d520df5906132ce9847d52afe200c0e72c219f	awareness as a vital ingredient of teamwork
aa69e40b81d280de2d3fafc692b419386d508bcc	party parameterized synthesis of token rings
aae6ec06fcc961ed1b1b52f1a6c2cadb05fc66b4	univariate polynomials nearly optimal algorithms for factorization and rootfinding
ac804a7e6863838d1c21e46e8e7fa8da7d67a6f4	automated certification of authorisation policy resistance
acc898d25708b3a8a8952eea8c871fef5fe2fa3c	3d people tracking with gaussian process dynamical models
acd2e3e752258015c367499bb81ce1147e92575b	parallel processing on networks of workstations a fault tolerant high performance approach
ad272397813026158a35bdfdef314bb4fd504756	successor invariance in the finite
ad2ba3d961b14e34375991d9814b8a1082cea9f2	new results for learning noisy parities and halfspaces
ad6692818a87a121ff8f0b0c5e97357af92737ad	hierarchical planning in bdi agent programming languages a formal approach
ad95a158320143219bd4ceaf4b4ea29693c99ce1	solving independent component analysis contrast functions with particle swarm optimization
ae105483b9f227e92e21bab6002c16775f4dad2d	pathfinder a tool for design exploration
aeea404fc6b1cc27e0633ae4b656b5996f0635bc	universally composable commitments
af15ccc9484bdf61ecc47cac7052d831971adda0	discovering regulatory overlapping rna transcripts
b07b5ae8a3a889f23846a99253951b5022804b3b	eventcube multi dimensional search and mining of structured and text data
b08699248b55b15255892b07430c9e7396a77dca	removing salt and pepper noise from binary images of engineering drawings
b0a7437ddc53339c4182bd2b237b1089cdaa430c	non verbal cues for discourse structure
b0ca43cb523a08ef583bcbb109b5a3136c065413	dependability of corba systems service characterization by fault injection
b0d4190ea1d153fcf209e7c9005c075a97cf7fdb	on generalized processor sharing with regulated multimedia traffic
b0eb5b32303cabe3ab07d7e90e8a292a1d997fd8	tensor subspace analysis
b0fabb8e9ccaf902033875ba9652d4527132c7be	a ubiquitous publish subscribe platform for wireless sensor networks with mobile mules
b119851db1f1eaa22f4390badb2fb93f975766d2	approximation algorithms for the consecutive ones submatrix problem on sparse matrices
b138870110b475975af8c3aee694869e04df6063	fast clustering using mapreduce
b1f94655563b0a8e480dc5a985f5d702f3101bea	properties of optimally weighted data fusion in cbmir
b208cfb9da7b46aba73c941b0aaa81d859762d50	a harmony seeking firefly swarm to the periodic replacement of damaged sensors by a team of mobile robots
b28dacef5ebbd5e82dc838d1b18209a42ff84837	viewing a set of spheres while moving on a linear flightpath
b2a97cec087979569eadcf234c0f102f1e12ff7c	robust interpretation of user requests for text retrieval in a multimodal environment
b325d9e28a369ef21a1cb4f3ca33fbe8e67b86b1	an update semantics for defeasible obligations
b38d0d30ecafa71910ed28d652a7d1d91bc36f68	packed storage extension for scalapack
b3c964604c8ec5570ef4ecb52b1342bac06d9a6d	compiler optimizations for i o intensive computations
b3f374a3745da478bb18f8e9e30a2bbbc65853e7	an application of combined neural networks to remotely sensed images
b4a6f0cb94b0ea780b183961adfdeee1de2ebafb	improved estimation of hidden markov model parameters from multiple observation sequences
b4b1b0e154ee8108905e342c67e61fc4c9ed82e2	it services reference catalog
b4ed83b1ff5553baf6e090efa147c514fd17d918	on the complexity of database queries
b4fa48beef3a3ad5c390516978081c0a4df49926	the hierarchical h adaptive 3 d boundary element computation of vlsi interconnect capacitance
b54b2bec2cdadd7fc6567f659a7e48ab3946e34f	scalability of weak consistency in noc based multicore architectures
b58010af502de1f95cf6da8c7dbb355b0f6395a1	communication and sensing trade offs in decentralized mobile sensor networks a cross layer design approach
b590ea73dd03c4445059ef651706e44beaa1865c	building on the case teaching method to generate learning games relevant to numerous educational fields
b639bcb7e3184909450e7380a0795abd6de4ecdd	on the optimum number of hops in a multi hop linear network with randomly located nodes
b7044834dc766f1031ea1fd5151c48c7faaa3083	hybrid interactive theorem proving using nuprl and hol
b734b6ebc374cadb8d88953e70cec0e1694ecce9	decorrelated vectorial total variation
b74a6bf7e9cc994d360b18c548df5c05ce7da57f	expressive and safe static reflection with morphj
b84280bf242a01830dc3f566392d8ebb475f77e9	a method for making password based key exchange resilient to server compromise
b8c1a67ed6ab59da4a0ef07029f5f09f5e554d11	efficient may happen in parallel analysis for async finish parallelism
b913d1bb258097fc67500b4faa4226252c1135ef	bilinear entropy expansion from the decisional linear assumption
b9c91ac6debea04d21bfe41f9c22646df0496b88	timing analysis of the flexray communication protocol
ba0d05218e83ca83cbb665550ecaea722838b456	empirical lower bounds on translation unit error rate for the full class of inversion transduction grammars
ba19137b9190fbc1631eda53d142c0df59a152e1	an adaptive scheduling protocol for multi scale sensor network architecture
ba75337e97728fd1dc43837a1fe53047103f3b97	fault tolerance in multiprocessor systems via application cloning
ba7a364a5b7a6bb2ecea0cfe3c7cd6eefd3a27b8	low power repeater insertion with both delay and slew rate constraints
ba8e5ef43f8e9caa97a895ae6aee5edbf63d195c	imis a multi platform software package for telediagnosis and 3d medical image processing
ba93ff6fc77308143db0f007463aaea2e98273b4	power constrained contrast enhancement for oled displays based on histogram equalization
bc27747ea889ac887597b3c1be71f41b1b6fdb09	complexity in wireless scheduling impact and tradeoffs
bcbcd8ccbd9f02e5c6cafe65b04c0be4d66343d6	automated index management for distributed web search
bcc172d921fd61e5c734ffa14689ab5eb6b46186	reno a rename based instruction optimizer
bcd0da043082c9302fe2b4ceb4342f0e408cd2a2	speed area optimized fpga implementation for full search block matching
bcf19993f3b45312f8a1292bf8e833ff20bb9d6f	parallax geometry of pairs of points for 3d scene analysis
bd356aae7227ab28401dcec771945a9207404f5f	extracting hyponyms of prespecified hypernyms from itemizations and headings in web documents
bda0d8b6b08d43b005930ef69e101722e2a671db	tracking the evolution of web traffic 1995 2003
bde0578eeba7210ffb583496aa5397d908c12fd6	annotation graphs and servers and multi modal resources infrastructure for interdisciplinary education research and development
bdeb8cc8b74aa8ad4aa98b374154673e4ef6cfd5	automated individualization of deformable eye region model and its application to eye motion analysis
be07e82180452b4f54799f21b1443f5a29792ae4	a new approach to distributed task assignment using lagrangian decomposition and distributed constraint satisfaction
be74bab0aff76812fb76a83314eaf5eef4ae0061	unifying analysis of full reference image quality assessment
bea94d5abc8a287cb1f17d85e8e05cfe6130a265	multi modal mac design for energy efficient wireless networks
bf93cbba00613cf85ac932b47aebb0a178298fbc	new attacks on feistel structures with improved memory complexities
bfafdbbae553ff90f1d09ad9be9b189159a19c12	mobility assisted spatiotemporal detection in wireless sensor networks
c132d1df24dfd319e98231a0afcf8726787271b7	a power aware application based performance study of modern commodity cluster interconnection networks
c1566f0aef8aec226d623549692a43c8c9d95ee6	robust quantification of pulmonary emphysema with a hidden markov measure field model
c163efa52a8a7c4ed660487f1d5bcedecb68eff5	accuracy vs efficiency trade offs in optical flow algorithms
c1755bc3a259afd32b5a5c0250d0948653716182	interactive event search through transfer learning
c19a3eab7a5f2c37be907993ee066a2e4b368003	design of an efficient out of core read alignment algorithm
c22d6d57fc3e2d321ecba65190e9e06aa3d24b0d	a detailed measurement of skype network traffic
c246ebc8380779e958b1e7158e2ee395faa97815	performance issues of enterprise level web proxies
c2bac9caf1148dbcf5e42245431303fe012e6304	the complexity of channel scheduling in multi radio multi channel wireless networks
c2c1509ef28b161e07e8c8a50454cd7380671421	visual search in radial menus
c301d84784a3c51fa21653a286026459538ac7cd	social based cooperative caching in dtns a contact duration aware approach
c37f9f46b643ba56fcf48315df49556e02bd0b3b	learning stochastic ot grammars a bayesian approach using data augmentation and gibbs sampling
c3944a8d834a492d2a8a04215faad227b87dabde	foundations for virtual types
c39f3a87d6cb305f5ae4b9a75a9a746acab3cca4	experiences understanding performance in a commercial scale out environment
c3b9e50b9f0e5453df7eefb6ed87034b0a6a94de	approximation algorithms via structural results for apex minor free graphs
c3d0e2c9dd381ba00aa4654a84d79a00baa12e5a	finding maximum density axes parallel regions for weighted point sets
c5066e10247a818ebab4a391b81f8acf37d631f2	completeness analysis for incomplete object oriented programs
c56db92ac5b4d91a21904b825dbeb6561b8026dc	automatic task decomposition and state abstraction from demonstration
c5c3c6e5359b2e7f864d1ceedc10a93252d01dc4	know thy neighbor s neighbor better routing for skip graphs and small worlds
c5d1049665f4c3de19597105801fea15681bbd90	an automatic approach to construct domain specific web portals
c5edb00d2774c531b211a2af7b1a25c761b38460	reinforcement learning from demonstration through shaping
c684a54b298b8f5d90b987a873782ccec8648782	leveraging data about users in general in the learning of individual user models
c6bd57cfe0fee822bd02acda2ca478f88ba5f761	stripe boundary codes for real time structured light range scanning of moving objects
c77742d1251eaf21a3ddb72a0c2cdabb8da69d81	subjective preference of spatio temporal rate in video adaptation using multi dimensional scalable coding
c78822375eac61a9baf5d79fcc40516bb02f4411	practical id based encryption for wireless sensor network
c80379a96cb4ea08caa8172ca2e4fa19191bbd1e	knowledge modeling and reusability in exclaim
c80f724b06a29b0e9babf4a73ae063fe9d376bd3	combining topological and directional information for spatial reasoning
c834afb31d85b0d4c70a7afe89ba5127851c7cf4	a case for scalable multicast tree migration
c88d85208f29bc1ee4dc12c78543750453cc4696	exact one pass synthesis of digital microfluidic biochips
c894d39b331f6cac91afcf1a9c2c825c087928b6	constant depth circuits for arithmetic in finite fields of characteristic two
c8d03818e3c2b4b656c392ccb43c9f3d9f7b2a06	2 p2p or not 2 p2p
c937c41d4ff8f3732437f45d1f45dddc4234e8e8	robust group key agreement using short broadcasts
c94352f6b4f5cee9ea2b2f671bef279ba47f7a4f	error propagation profiling of operating systems
c995bf62b61e70aec676d9e4effea1ac8290b48a	accurate optical flow in noisy image sequences
c99942fa3f13f953918d57c46292942303224f14	distm a software transactional memory framework for clusters
c9acaf4271d6802d4f4773404e5024d248969fd2	full range cellular neural networks and differential variational inequalities
cac64c40c687c878943acb8a3fc2dd344ebeb033	pace policy aware application cloud embedding
cb790d3f51c8e08809f46dd3450570a6febc53b0	on the generalization ability of online learning algorithms for pairwise loss functions
cbb36fcd3c0339f97042ee05e85df6f7fee6edd0	snnb a selective neighborhood based naive bayes for lazy learning
cbbaec99403a6e1f89ab95571bbee7919691a143	combining incremental language generation and incremental speech synthesis for adaptive information presentation
cc488c1cf406bdb8e22b586a7e98655a7ab913a8	targeting tiled architectures in design exploration
cd5f2a476c6efe1fcafb2fb9cee8c10cb3695394	a formalised lower bound on undirected graph reachability
cd9b475d2ee9007278269282e8d0dca33b335d77	on the parameterized and approximation hardness of metric dimension
ce085f8d3b38cabded3680db7c5677523c96c179	modular code based cryptographic verification
ce4253ca1c5b16e96cdbefae75649cd2588f42f3	interplanetary trajectory planning with monte carlo tree search
cec0da039d41a1b0553cbe1e772095ad80bf1d76	hybrid textons modeling surfaces with reflectance and geometry
cf67d0d320034cffb469d28665e4ac9cce9be234	offline cursive word recognition using continuous density hidden markov models trained with pca or ica features
d0216f043f9094f129e73c0904bfa7e41ca49c87	semantic based categorization browsing and retrieval in medical image databases
d038cc08b6fe171c8fd9d09f5e616939b396243d	application level ballooning for efficient server consolidation
d088fe22f8760d211b74a807aebd648f12a4c377	clustering with attribute level constraints
d0c34b2534382e82450f41d76d6409ee3d1957ce	learning consumer preferences using semantic similarity
d0d83b2a41de55618375a087c655385ec072b0bf	complementarities between relational and contractual governances in e health absorptive capacity
d10813692d7f70fad03e03295d03feeac9c420a2	optimal long code test with one free bit
d108b4a9a38824337abdbf0dec556b3a844cabb8	predicting relative performance of classifiers from samples
d1efc6361492ce99ed637b1a8eb3a7656f7185aa	social similarity based routing algorithm in delay tolerant networks
d1ffb03c40e298edd55bd4ea0bc15dec9efef0f1	tom piggybacking rewriting on java
d20715e7a78d87468e87504c534f3d6aa5d8b7d9	qos aware dynamic service composition in ambient intelligence environments
d20ecce4903b489154261753e74de60da5da1c00	a smooth combination of linear and herbrand equalities for polynomial time must alias analysis
d2291a4877e60c0101efff5e0c7df89c5eef5043	the representation of constituent structures for finite state parsing
d23231ca2f5610b382b0eb5fe1b66c2857b3f4ed	minimizing inter task interferences in scratch pad memory usage for reducing the energy consumption of multi task systems
d28ea485162baee4c793d2a6dda81fe5b195261a	efficient boosted exemplar based face detection
d2964922e081b57fbd57421209c7066079773a95	discriminative level set for contour tracking
d2a3138850a60a640d6c1b3db6b29d8181a2a999	explainable artificial intelligence for training and tutoring
d2ce077ca99d8d72c44fdc27b45bb5d3c7fb2d4e	towards a framework for abstractive summarization of multimodal documents
d3098fdcf61346d1b8d5fca6219295f01cff10e3	ricochet lateral error correction for time critical multicast
d31197f0c650a575c0053b77dbcf27d8801678a9	a cost effective reconfigurable accelerator for platform based soc design
d319b36adbc333331318ba8c62b6b1e61930f5f1	low cost high performance translation retrieval dumber is better
d3410166bfbb455765749346517b8bba57457e0f	testing the use of egocentric interactive techniques in immersive virtual environments
d34d45f8d9a193eb07940d808f66f557d380b96f	detecting human action in active video
d434f0892baef35881856ee99077301b1a1e6f49	masm efficient online updates in data warehouses
d56d1a9e7e967d0de2a22367ee681e4e039d285a	pragmatics in speech understanding revisited
d5711df0274b3f12b9ff41bbb758a5bf98b08097	solving string constraints the case for constraint programming
d5f3260323ba53bd8553838239e402f866ed648b	a text generation system for explaining concepts in geometry
d6292c066ec3e9ebfd9b7e20962abb7262f7ba45	code motion and code placement just synonyms
d63a42dae30f2861cd9195b560a087c0371fde86	approximating tverberg points in linear time for any fixed dimension
d6688dc6c2cb8e0a241244f76e7b7d55f3b6246e	the optimum number of ospf areas for manets
d67fc55e48fcf4ec3731df46ceb93d934cbe6fbe	geodesic frechet distance inside a simple polygon
d74756a4860efe80314a2146bdff94a37864f06e	construction of domain dictionary for fundamental vocabulary
d76debdeae9dbac8a41a0bece427129bb848a798	sybil proof accounting mechanisms with transitive trust
d804f0d5b79346d0fa473407be5810f58ed04876	twiddle factor transformation for pipelined fft processing
d80f25fe74d1e8c2bf6986989ae63477e434b108	towards real time enabled microsoft windows
d868c9d6211328fc3ce12631f87491186b8e6f8c	adaptive online program analysis
d92c59af67332edabc08953925c36a9d4b8015ec	vector median filters morphology and pde s theoretical connections
d9879065f8a71fe0ab116e0059c20e2c47067eac	multiprocessor system on chip data reuse analysis for exploring customized memory hierarchies
d9afdf43a5548e261a0d029cd6ca68a92e04cf2e	relative expected instantaneous loss bounds
d9cacd1373873c27597f97bd5593f0841131f05c	optimizing memory transactions
da696c64a2dd00b9eb0a7e14f29a9526cf700f04	learning based object detection in cardiac mr images
da9b4dab133cbd1d41f0efddbda364c89b1ee6c6	full first order free variable sequents and tableaux in implicit induction
da9bb9f2ece9037c2cdb1ae393262c05f9fca1d9	verification of embedded memory systems using efficient memory modeling
daa73308ea18f9e2571678bb2a9268a0fb7e9d44	mining top k high utility itemsets
dabccde6f079c0915938b1e4c3d0e1cff9d51508	the multiple views of inter organizational authoring
db13541c828af9a7958eddc99f56de54d8a17c21	avoiding spectral efficiency loss in unipolar ofdm for optical wireless communication
db778c7cab71ffb52f28d173a6f1b38d21bd6a38	tight lower bounds for query processing on streaming and external memory data
db918a958ddaa59b38117b2431181c9310d3d8d5	the impact of the observation model on the cramer rao bound for carrier phase and frequency synchronization
db95ca64fbcaca39f5c7a72d9b986c11af23da51	computational aspects of nucomp
dbcc0e1746cc354d2611bc99486c260647ed058b	a framework to predict the quality of answers with non textual features
dbd760607652866bcda3e9ff013113915112e713	flexible implementation of genetic algorithms on fpgas
dc1e722bb1319b964f2b93f2daee72c0d71b79b7	noise aware buffer planning for interconnect driven floorplanning
dc4e9ab4e1a3bdd24e34a523264ccee5fee19f67	software improved hardware lock elision
dc6c66eb9a78b2a9395a1289c4985199414db4ed	lexical surprisal as a general predictor of reading time
dc70965164aca36cff4569a5df9350ce41a0ea5e	a bayesian framework for snp identification
dc89e01b1b36250cba7b612f3b8bd4b125b3c53a	creating a cluster hierarchy under constraints of a partially known hierarchy
dcac25d9432a68cbf47ef1a9bf6a75a2e22e36a9	a new solution to the hidden copy problem
dcacac51375716eccd8c6756e5159794c31618f4	subcategorization acquisition and evaluation for chinese verbs
dcb16f8052763035bb69bebaa841cdee4eac1446	polyhedral voronoi diagrams of polyhedra in three dimensions
dcbf587642c39f495117552ca453a4f955ffa76a	analyzing the performance of multilayer neural networks for object recognition
dd4ebceb91e7c19fba7e6db5a2b8f8cd33cb9c23	code transformations to improve memory parallelism
de15cd39310ae9eed3d08270f66af3c5b648595e	performance of adaptive ms gsc with co channel interference
de41e8949248dbb6c7fa1668cd7800ee50b94d30	influence of the boundary conditions on the result of non linear image registration
de43dcf9c42ce5a54a4f0fbdfcfbd43fda640e23	visual event recognition in videos by learning from web data
def0da1c377b46e773c0e8369a6681fb374f1053	area and power reduction of embedded dsp systems using instruction compression and re configurable encoding
df412c52c929d6761ad4899b15f73478a9c96645	generic face alignment using boosted appearance model
df738fa4d854465589202e823c552048a9ab078b	designing presentations for on demand viewing
dfda14b54fd99c58f6aeb84bd9afde17718619e5	recognizing articulated objects using invariance
dff621311792f4430d3a53e808ff831154f35fef	how linear are auditory cortical responses
e009cdaccf05bdedf1647cc1600824fb5bfaed31	connectivity oracles for failure prone graphs
e0221ead8dfff3fa2d9bef2fbbcfc0d5f12e0f82	dimension free affine shape matching through subspace invariance
e037e9e1ac4db4e41c543a8669356c4e3583de1a	anawiki creating anaphorically annotated resources through web cooperation
e0999c000e75347c191459df11730d82f14fc904	short proofs for the determinant identities
e0b9448a4dceca88b98853381b6c15438bd2456b	an efficient inclusion based points to analysis for strictly typed languages
e0baeffafecbf56ab02a297a07dac40de099f458	active reliable multicast
e0c83dd1f5bf8a0d76961be5769ddb65b06ab7a6	preconditioning for accelerated iteratively reweighted least squares in structured sparsity reconstruction
e0dd7d248ff0f32ca3f242e416bf88ecb721f6c1	peer assisted view dependent progressive mesh streaming
e1084f298562aa7b5ded1b44333c10bc55cfb5ff	segmentation of volume images using a multiscale transform
e12b83fe7e5981ac8cd80aaa1c7e92d79b297ca2	degree distribution in interference limited heterogeneous wireless networks and its generalizations
e14c83c1e3b0557c50618f9da45377f992bd1bdc	learning pedestrian dynamics from the real world
e18256cb4ce0970ec7cdc5fdea43b6c04328afc1	bayesian hierarchical clustering
e1a616674f63dd54b495d06cf1b7bd59f4cb772e	a single classifier for view invariant multiple object class recognition
e1d68f05dc3e2feb3992934984402ec4b49150de	da ccd a novel action representation by deep architecture of local depth feature
e1e460995926b5e53fd875d678cf3b77a4b2b70f	lower bounds on information dissemination in dynamic networks
e1f2c9b6ae16b4375b9ca45b29a979f24eab7747	learning image manifolds by semantic subspace projection
e1f840729ed5d65cf61c85645fa7e83f2ef55e94	an online system for gathering image similarity judgements
e242493a931e965a80f264d638986e47b2ab3512	one handed touchscreen input for legacy applications
e274cae19efc85e41b7a29e1dbd782cd1a59ba11	a new video object watermarking scheme robust to object manipulation
e29a9c6ed724de026d69a4f080a9faecced05833	exploiting anarchy in networks a game theoretic approach to combining fairness and throughput
e2a47dcba4feb732b53468cba3a1f63ef0a91e54	light edges in degree constrained graphs
e2a8e8ca815ae91e57b0b7ed4650da934e8a189d	locally invariant texture analysis from the topographic map
e2c063b73fd9d3faaf45229ed880464b94557fd2	real time hdr panorama video
e2c2abc3be8c241c0edc34f19c12b947aa500096	single transistor learning synapse with long term storage
e34e62e4f85d96b43c5ffb5a0e92f2526e8a9331	design and implementation of a high speed microprocessor simulator burstscalar
e3d69d55072372bcbcebf04fcf3dd6957841821d	the validity of the stimulated retrospective think aloud method as measured by eye tracking
e41efb323986bff06b9e203637a4daa56226f0a7	deciding security of protocols against off line guessing attacks
e489f285725705211bda1f3d6bf95f6fed3b01b1	on the hardness of the noncommutative determinant
e4f625fb05817b30c04634e7ef4ffb0a074fc0bd	modified hybrid bronchoscope tracking based on sequential monte carlo sampler dynamic phantom validation
e544f65582bc2ff7c0148c9f01731000eab1f3f7	exploiting scratch pad memory using presburger formulas
e562f45562afae6b11cd6125198d1542e8f2d704	milena write generic morphological algorithms once run on many kinds of images
e56671a369b78129e00d9cd4a2e7dcca91144fce	local global tradeoffs in metric embeddings
e576ba18ad8efd5cc1908d2c2d211567fdd9a4bc	screenspot multidimensional resource discovery for distributed applications in smart spaces
e5ea23cce43e0d4ecbb36913f44fdbb290381cbf	lr k testing is average case complete
e62fa49f8d0df0017e32c66836086be4c7541d0f	hw sw partitioning approach for reconfigurable system design
e69b68f4d987a8d58c8266e9948e934fa3593da6	bayesian co training
e6fc8d9016c9a1614d6cbd66d87176ffaccb1d9d	modelling compression with discourse constraints
e71a2201cc771be0e10264dc19598ebd2145894f	online multitask learning
e75909dcc1ebb08066a7ab0678e1b77be931d5a1	resilience of professional open source ecosystems
e795e175c37b3259b80ff239d16949193a024c9a	group mutual exclusin in tree networks
e7d32de84591b2a2a600882671f6478ed2ce6ecd	cordless portable multi view fringe projection system for 3d reconstruction
e841d59d920ebfbf5a0263862fd1241d62e90ee1	a parser based on connectionist model
e8a65efee25b54a5a1b2b5b2eb29fdae1c9c142c	aspects of distributed and modular ontology reasoning
e8e290e8ab522d1ef6cc2b5aa084a26c685c412a	3d video compression based on extended block matching algorithm
e917dca66a480b6dd78d07dade993149d87ed668	plan development using local probabilistic models
e9bf3ec7a285e294583180429ff975623db83258	competing with wild prediction rules
e9de149a4837283e70e318ab7aff47765d33b5ba	data compression for improving spm behavior
ea1b9fbca07f0952864567f18cecc64fcea0d798	mode of posterior marginals with hierarchical models
eacb50888c8521510ff92687c264ffca801e1de7	energy efficient lte based floating car data collection for dynamic traffic forecasts
eaff2675c590565ad68935fe6acd60dca19ba9d4	a sufficient completeness reasoning tool for partial specifications
eb3997d38b7c97d06ae22c4a596e4b8c538090c5	learning structurally discriminant features in 3d faces
ec0c39556df3d5cd3d78c16a471e4c4b7dfeed36	an online cascaded approach to biomedical named entity recognition
ec8d6f4e30301299d55e35c0b2b15ab717f8760e	accelerating multi threaded application simulation through barrier interval time parallelism
eca76b5f5632f69ee01c6070484d496231effdc6	nulex an open license broad coverage lexicon
ecdfa193a12f7d2cb6226e26d96ce23a4d1518c1	incremental detection of inconsistencies in distributed data
ed4157ab7877feeced3bcf3dcb8e5c43d1464458	improving bgp convergence delay for large scale failures
edbfe47c3a876c5bc33f3f12ae2ee2a6616fe950	qos routing in networks with uncertain parameters
edc579420a2335319309ca59f88925155509d149	on edge structure based adaptive observation model for facial feature tracking
edda90a35218df78ab40bc93bbeeb0ddd29a9e57	topology optimization of structured power ground networks
ee3eec6fff87b6f16370428fca7d48e7804e0929	graph isomorphism is low for zpp np and other lowness results
ee6b503ab512a293e3088fdd7a1c893a77902acb	automatic name face alignment to enable cross media news retrieval
eedf5745db7faac46f287b2e6782dc02634095a8	deyecting and correcting speech repairs
eef4dce872b5817b7b2c41a83f9b42d54b61fc20	designing the user experience in itv based interactive learning objects
ef1c5a773905dfe6690c5f811849afd669c76e0b	informative feature selection for object recognition via sparse pca
ef3f7f61d705962f6dad275f13787aa2597e876a	random evolution in massive graphs
f0c6c77f9c41bcea9e02544f68ec658707564aa5	on the information theoretic assessment of visual communication
f13ad07fdf160544dd91fbe41fb0d73edc91b611	cluster temporal browsing of large news video databases
f18de2285ce5a5c0ed23ab985f4624e8ba38e91a	implementation of distributed loop scheduling schemes on the teragrid
f1e9ea5817dadd2573e421ce3a85d1882a103dee	anomaly detection for longwave flir imagery using kernel wavelet rx
f21963edfe17433ab6cc8fe81031f325f312b7cf	proving more properties with bounded model checking
f22caf8b1c32e0eb5bc7652be3397525d46c1af2	flexible architectures for engineering successful socs
f28cf51316d89184fb90680722b3c7d693234589	rate distortion optimized bandwidth adaptation for distributed media delivery
f291027938554c2728ecd04be6aa0baba7e6b48e	faster optimal planning with partial order pruning
f2f8850137d85e12d9e41b36c76bb29f9057d8c0	cancellation free circuits in unbounded and bounded depth
f303df82c8ffcb9b8c403a7d3f6d3249f682f9ef	performance analysis of the binary exponential backoff algorithm for ieee 802 11 based mobile ad hoc networks
f309e2ab5ee2e41db3068289d9420fb59fb11ba9	a distributed memory implementation of the nonsymmetric qr algorithm
f31f8b60d0f068e429429a6b3ec019981d37b2a3	locating people in images by optimal cue integration
f3377046d4d5885b15ca06a2b92dc2afc9dc66bf	accurate 3d face reconstruction from weakly calibrated wide baseline images with profile contours
f37c20127d4ae5dbac125975d1451183684f655c	virgil objects on the head of a pin
f387e4aab6fce0f2f2f5013fbda17927bb405dbb	a spectrum trading model with strict transmission power control
f3d82fe2aea0a862f44109c6f30716641aee5b52	an active decoupling capacitance circuit for inductive noise suppression in power supply networks
f48039d7555bd7ccbdf676aad84c09e462fe832b	learning bidimensional context dependent models using a context sensitive language
f4e13336bf10d8b0f3568846608b35b270559112	detecting api documentation errors
f4e23c9fa4b339c57d68cbb4d16aca3cc127ff23	on compressibility of protein sequences
f524377600d2c08c46ca93ce9fb04527a7ab631e	nsec5 provably preventing dnssec zone enumeration
f552dbf87817718b2e09f30e60cbcf288dbd54c5	nysiad practical protocol transformation to tolerate byzantine failures
f5a4c371a430f0614fe9ce4256e362bdd652fb9d	efficiency fairness and competitiveness in nash bargaining games
f5cc4779cd05fdfba6f83527f23c9b41a401a1d1	cooperative storage level de duplication for i o reduction in virtualized data centers
f61aaf2a3c8ecdad50e54445f1e0352bf16c21aa	exploring aggregate effect with weighted transcoding graphs for efficient cache replacement in transcoding proxies
f699718b19ac7d828eed20b9117f98bfbf4d757f	analysis of uplink traffic characteristics and impact on performance in mobile data networks
f699a9f627dd5f4aca208ba1ff9ed4dd518e783d	energy efficient near threshold chip multi processing
f6b15713c4a3fe92e20e788c3abf376861fa207e	timing local streams improving timeliness in data prefetching
f6f38ffc188aad586cfdd699107adfb5ef9efa81	mapping of neural network models onto massively parallel hierarchical computer systems
f7706a02cc5c6fe33083e103a54780fe989961bc	a note on the impossibility of obfuscation with auxiliary input
f8306f2220c19b819398d5f1381a18b722e1fc62	proton multitouch gestures as regular expressions
f848c211568a773a617606bf2f5b2a8f508b1130	practical symbolic race checking of gpu programs
f8c81bb46bff2c69bc9842da310ca90f384fbc1e	tractable optimal competitive scheduling
f9478e5634f5d8e445d37b853a744eb92a24d91b	mode adaptive fine granularity scalability
f9c56628889c182dc5116b0f3e00a330e27df11a	existential rule languages with finite chase complexity and expressiveness
f9ff1de3aba0e53b44bbe285dbee29c53b0f8322	time is of the essence an evaluation of temporal compression algorithms
fa1f4f34cf4502ede6257305ed8e6c808b6b3643	multi level inference by relaxed dual decomposition for human pose segmentation
fa95c114361d0432da2e09f3c04f147e11a2afe7	interactive multiresolution mesh editing
faf4400fefa1a5cefa128d65f23eba8cc2003eaf	treewidth in verification local vs global
fafa8b955349d3f9d674ddde9b18f4afed7cbc87	runtime leakage power estimation technique for combinational circuits
fb05df2acb8c5324a2b2822e0d663e4a2be16050	a randomly embedded random graph is not a spanner
fb59b92223510f362b2327ee1812116b65b0700d	a near quadratic algorithm for fence design
fb766022a9562abc47ae28e9253e77a1c3dd9880	improved approximation algorithms for the freeze tag problem
fbd66152838f2bda46298e369e954a22d31ff6d1	a statistical approach to snakes for bimodal and trimodal imagery
fc2866c60770b4565e32267781c8ff361ba51cd8	firefly illuminating future network on chip with nanophotonics
fc7be62a88b612b72c4237d9b5cad18d8aa14b26	multi source deep learning for information trustworthiness estimation
fcaa8a21ca57018216f5364f6b8f1dee2ab9afc0	exploiting diverse observation perspectives to get insights on the malware landscape
fd070aee3dd9c07f2f2d9634445ba9495d10924c	simes a simulator for hybrid electrical energy storage systems
fd2dd8d327fa678113fc455f8c8a3f9b39d29fe9	swift reducing the effects of latency in online video scrubbing
fdf2d28f1129b37e9d7c61f618056b81e9972c08	active learning for anomaly and rare category detection
fdf6a55f332d46a78c017f2fe14e6be44637e64a	a maximum likelihood approach to visual event classification
feb911e9bcaa89c48a388e211e8bbfff2be2c7bc	lightweight fusion by fixed point promotion
ff35fe0737592342095d250ca35b2d3b6c2f46a7	embeddings of topological graphs lossy invariants linearization and 2 sums
ff7dffd272b593355b9d3b86f887d9941c63af22	fast accurate static analysis for fixed point finite precision effects in dsp designs
